from	to	forge hammer cost	verified
1	2	5	TRUE
2	3	5	TRUE
3	4	5	TRUE
4	5	10	TRUE
5	6	10	TRUE
6	7	10	TRUE
7	8	10	TRUE
8	9	15	TRUE
9	10	15	TRUE
10	11	15	TRUE
11	12	15	TRUE
12	13	15	TRUE
13	14	20	TRUE
14	15	20	TRUE
15	16	20	TRUE
16	17	20	TRUE
17	18	20	TRUE
18	19	25	TRUE
19	20	25	TRUE
20	21	25	TRUE
21	22	25	TRUE
22	23	25	TRUE
23	24	25	TRUE
24	25	30	TRUE
25	26	30	TRUE
26	27	30	TRUE
27	28	30	TRUE
28	29	30	TRUE
29	30	35	TRUE
30	31	35	TRUE
31	32	35	TRUE
32	33	35	TRUE
33	34	35	TRUE
34	35	35	TRUE
35	36	40	TRUE
36	37	40	TRUE
37	38	40	TRUE
38	39	40	TRUE
39	40	40	TRUE
40	41	45	TRUE
41	42	45	TRUE
42	43	45	TRUE
43	44	45	TRUE
44	45	45	TRUE
45	46	45	TRUE
46	47	50	TRUE
47	48	50	TRUE
48	49	50	TRUE
49	50	50	TRUE
50	51	50	TRUE
51	52	50	TRUE
52	53	55	TRUE
53	54	55	TRUE
54	55	55	TRUE
55	56	55	TRUE
56	57	55	TRUE
57	58	55	TRUE
58	59	60	TRUE
59	60	60	TRUE
60	61	60	TRUE
61	62	60	TRUE
62	63	60	TRUE
63	64	60	TRUE
64	65	65	TRUE
65	66	65	TRUE
66	67	65	TRUE
67	68	65	TRUE
68	69	65	TRUE
69	70	65	TRUE
70	71	70	TRUE
71	72	70	TRUE
72	73	70	TRUE
73	74	70	TRUE
74	75	70	TRUE
75	76	70	TRUE
76	77	75	TRUE
77	78	75	TRUE
78	79	75	TRUE
79	80	75	TRUE
80	81	75	TRUE
81	82	75	TRUE
82	83	80	TRUE
83	84	80	TRUE
84	85	80	TRUE
85	86	80	TRUE
86	87	80	TRUE
87	88	80	TRUE
88	89	85	TRUE
89	90	85	TRUE
90	91	85	TRUE
91	92	85	TRUE
92	93	85	TRUE
93	94	85	TRUE
94	95	90	TRUE
95	96	90	TRUE
96	97	90	TRUE
97	98	90	TRUE
98	99	90	TRUE
99	100	90	TRUE
100	101	95	TRUE
101	102	95	TRUE
102	103	95	TRUE
103	104	95	TRUE
104	105	95	TRUE
105	106	95	TRUE
106	107	95	TRUE
107	108	100	TRUE
108	109	100	TRUE
109	110	100	TRUE
110	111	100	TRUE
111	112	100	TRUE
112	113	100	TRUE
113	114	105	TRUE
114	115	105	TRUE
115	116	105	TRUE
116	117	105	TRUE
117	118	105	TRUE
118	119	105	TRUE
119	120	110	TRUE
120	121	110	TRUE
121	122	110	TRUE
122	123	110	TRUE
123	124	110	TRUE
124	125	110	TRUE
125	126	115	TRUE
126	127	115	TRUE
127	128	115	TRUE
128	129	115	TRUE
129	130	115	TRUE
130	131	115	TRUE
131	132	115	TRUE
132	133	120	TRUE
133	134	120	TRUE
134	135	120	TRUE
135	136	120	TRUE
136	137	120	TRUE
137	138	120	TRUE
138	139	125	TRUE
139	140	125	TRUE
140	141	125	TRUE
141	142	125	TRUE
142	143	125	TRUE
143	144	125	TRUE
144	145	125	TRUE
145	146	130	TRUE
146	147	130	TRUE
147	148	130	TRUE
148	149	130	TRUE
149	150	130	TRUE
150	151	130	TRUE
151	152	135	TRUE
152	153	135	TRUE
153	154	135	TRUE
154	155	135	TRUE
155	156	135	TRUE
156	157	135	TRUE
157	158	135	TRUE
158	159	140	TRUE
159	160	140	TRUE
160	161	140	TRUE
161	162	140	TRUE
162	163	140	TRUE
163	164	140	TRUE
164	165	145	TRUE
165	166	145	TRUE
166	167	145	TRUE
167	168	145	TRUE
168	169	145	TRUE
169	170	145	TRUE
170	171	145	TRUE
171	172	150	TRUE
172	173	150	TRUE
173	174	150	TRUE
174	175	150	TRUE
175	176	150	TRUE
176	177	150	TRUE
177	178	155	TRUE
178	179	155	TRUE
179	180	155	TRUE
180	181	155	TRUE
181	182	155	TRUE
182	183	155	TRUE
183	184	155	TRUE
184	185	160	TRUE
185	186	160	TRUE
186	187	160	TRUE
187	188	160	TRUE
188	189	160	TRUE
189	190	160	TRUE
190	191	160	TRUE
191	192	165	TRUE
192	193	165	TRUE
193	194	165	TRUE
194	195	165	TRUE
195	196	165	TRUE
196	197	165	TRUE
197	198	170	TRUE
198	199	170	TRUE
199	200	170	TRUE
200	201	170	TRUE
201	202	170	TRUE
202	203	170	TRUE
203	204	170	TRUE
204	205	175	TRUE
205	206	175	TRUE
206	207	175	TRUE
207	208	175	TRUE
208	209	175	TRUE
209	210	175	TRUE
210	211	175	TRUE
211	212	180	TRUE
212	213	180	TRUE
213	214	180	TRUE
214	215	180	TRUE
215	216	180	TRUE
216	217	180	TRUE
217	218	185	TRUE
218	219	185	TRUE
219	220	185	TRUE
220	221	185	TRUE
221	222	185	TRUE
222	223	185	TRUE
223	224	185	TRUE
224	225	190	TRUE
225	226	190	TRUE
226	227	190	TRUE
227	228	190	TRUE
228	229	190	TRUE
229	230	190	TRUE
230	231	190	TRUE
231	232	195	TRUE
232	233	195	TRUE
233	234	195	TRUE
234	235	195	TRUE
235	236	195	TRUE
236	237	195	TRUE
237	238	200	TRUE
238	239	200	TRUE
239	240	200	TRUE
240	241	200	TRUE
241	242	200	TRUE
242	243	200	TRUE
243	244	200	TRUE
244	245	205	TRUE
245	246	205	TRUE
246	247	205	TRUE
247	248	205	TRUE
248	249	205	TRUE
249	250	205	TRUE
250	251	205	TRUE
251	252	210	TRUE
252	253	210	TRUE
253	254	210	TRUE
254	255	210	TRUE
255	256	210	TRUE
256	257	210	TRUE
257	258	210	TRUE
258	259	215	TRUE
259	260	215	TRUE
260	261	215	TRUE
261	262	215	TRUE
262	263	215	TRUE
263	264	215	TRUE
264	265	215	TRUE
265	266	220	TRUE
266	267	220	TRUE
267	268	220	TRUE
268	269	220	TRUE
269	270	220	TRUE
270	271	220	TRUE
271	272	220	TRUE
272	273	225	TRUE
273	274	225	TRUE
274	275	225	TRUE
275	276	225	TRUE
276	277	225	TRUE
277	278	225	TRUE
278	279	230	TRUE
279	280	230	TRUE
280	281	230	TRUE
281	282	230	TRUE
282	283	230	TRUE
283	284	230	TRUE
284	285	230	TRUE
285	286	235	TRUE
286	287	235	TRUE
287	288	235	TRUE
288	289	235	TRUE
289	290	235	TRUE
290	291	235	TRUE
291	292	235	TRUE
292	293	240	TRUE
293	294	240	TRUE
294	295	240	TRUE
295	296	240	TRUE
296	297	240	TRUE
297	298	240	TRUE
298	299	240	TRUE
299	300	245	TRUE
300	301	245	TRUE
301	302	245	TRUE
302	303	245	TRUE
303	304	245	TRUE
304	305	245	TRUE
305	306	245	TRUE
306	307	250	TRUE
307	308	250	TRUE
308	309	250	TRUE
309	310	250	TRUE
310	311	250	TRUE
311	312	250	TRUE
312	313	250	TRUE
313	314	255	TRUE
314	315	255	TRUE
315	316	255	TRUE
316	317	255	TRUE
317	318	255	TRUE
318	319	255	TRUE
319	320	255	TRUE
320	321	260	TRUE
321	322	260	TRUE
322	323	260	TRUE
323	324	260	TRUE
324	325	260	TRUE
325	326	260	TRUE
326	327	260	TRUE
327	328	265	TRUE
328	329	265	TRUE
329	330	265	TRUE
330	331	265	TRUE
331	332	265	TRUE
332	333	265	TRUE
333	334	265	TRUE
334	335	270	TRUE
335	336	270	TRUE
336	337	270	TRUE
337	338	270	TRUE
338	339	270	TRUE
339	340	270	TRUE
340	341	270	TRUE
341	342	275	TRUE
342	343	275	TRUE
343	344	275	TRUE
344	345	275	TRUE
345	346	275	TRUE
346	347	275	TRUE
347	348	275	TRUE
348	349	280	TRUE
349	350	280	TRUE
350	351	280	TRUE
351	352	280	TRUE
352	353	280	TRUE
353	354	280	TRUE
354	355	280	TRUE
355	356	285	TRUE
356	357	285	TRUE
357	358	285	TRUE
358	359	285	TRUE
359	360	285	TRUE
360	361	285	TRUE
361	362	285	TRUE
362	363	290	TRUE
363	364	290	TRUE
364	365	290	TRUE
365	366	290	TRUE
366	367	290	TRUE
367	368	290	TRUE
368	369	290	TRUE
369	370	295	TRUE
370	371	295	TRUE
371	372	295	TRUE
372	373	295	TRUE
373	374	295	TRUE
374	375	295	TRUE
375	376	295	TRUE
376	377	300	TRUE
377	378	300	TRUE
378	379	300	TRUE
379	380	300	TRUE
380	381	300	TRUE
381	382	300	TRUE
382	383	300	TRUE
383	384	300	TRUE
384	385	305	TRUE
385	386	305	TRUE
386	387	305	TRUE
387	388	305	TRUE
388	389	305	TRUE
389	390	305	TRUE
390	391	305	TRUE
391	392	310	TRUE
392	393	310	TRUE
393	394	310	TRUE
394	395	310	TRUE
395	396	310	TRUE
396	397	310	TRUE
397	398	310	TRUE
398	399	315	TRUE
399	400	315	TRUE
400	401	315	TRUE
401	402	315	TRUE
402	403	315	TRUE
403	404	315	TRUE
404	405	315	TRUE
405	406	320	TRUE
406	407	320	TRUE
407	408	320	TRUE
408	409	320	TRUE
409	410	320	TRUE
410	411	320	TRUE
411	412	320	TRUE
412	413	325	TRUE
413	414	325	TRUE
414	415	325	TRUE
415	416	325	TRUE
416	417	325	TRUE
417	418	325	TRUE
418	419	325	TRUE
419	420	330	TRUE
420	421	330	TRUE
421	422	330	TRUE
422	423	330	TRUE
423	424	330	TRUE
424	425	330	TRUE
425	426	330	TRUE
426	427	335	TRUE
427	428	335	TRUE
428	429	335	TRUE
429	430	335	TRUE
430	431	335	TRUE
431	432	335	TRUE
432	433	335	TRUE
433	434	335	TRUE
434	435	340	TRUE
435	436	340	TRUE
436	437	340	TRUE
437	438	340	TRUE
438	439	340	TRUE
439	440	340	TRUE
440	441	340	TRUE
441	442	345	TRUE
442	443	345	TRUE
443	444	345	TRUE
444	445	345	TRUE
445	446	345	TRUE
446	447	345	TRUE
447	448	345	TRUE
448	449	350	TRUE
449	450	350	TRUE
450	451	350	TRUE
451	452	350	TRUE
452	453	350	TRUE
453	454	350	TRUE
454	455	350	TRUE
455	456	355	TRUE
456	457	355	TRUE
457	458	355	TRUE
458	459	355	TRUE
459	460	355	TRUE
460	461	355	TRUE
461	462	355	TRUE
462	463	355	TRUE
463	464	360	TRUE
464	465	360	TRUE
465	466	360	TRUE
466	467	360	TRUE
467	468	360	TRUE
468	469	360	TRUE
469	470	360	TRUE
470	471	365	TRUE
471	472	365	TRUE
472	473	365	TRUE
473	474	365	TRUE
474	475	365	TRUE
475	476	365	TRUE
476	477	365	TRUE
477	478	370	TRUE
478	479	370	TRUE
479	480	370	TRUE
480	481	370	TRUE
481	482	370	TRUE
482	483	370	TRUE
483	484	370	TRUE
484	485	375	TRUE
485	486	375	TRUE
486	487	375	TRUE
487	488	375	TRUE
488	489	375	TRUE
489	490	375	TRUE
490	491	375	TRUE
491	492	375	TRUE
492	493	380	TRUE
493	494	380	TRUE
494	495	380	TRUE
495	496	380	TRUE
496	497	380	TRUE
497	498	380	TRUE
498	499	380	TRUE
499	500	385	TRUE
500	501	385	TRUE
501	502	385	TRUE
502	503	385	TRUE
503	504	385	TRUE
504	505	385	TRUE
505	506	385	TRUE
506	507	390	TRUE
507	508	390	TRUE
508	509	390	TRUE
509	510	390	TRUE
510	511	390	TRUE
511	512	390	TRUE
512	513	390	TRUE
513	514	390	TRUE
514	515	395	TRUE
515	516	395	TRUE
516	517	395	TRUE
517	518	395	TRUE
518	519	395	TRUE
519	520	395	TRUE
520	521	395	TRUE
521	522	400	TRUE
522	523	400	TRUE
523	524	400	TRUE
524	525	400	TRUE
525	526	400	TRUE
526	527	400	TRUE
527	528	400	TRUE
528	529	405	TRUE
529	530	405	TRUE
530	531	405	TRUE
531	532	405	TRUE
532	533	405	TRUE
533	534	405	TRUE
534	535	405	TRUE
535	536	405	TRUE
536	537	410	TRUE
537	538	410	TRUE
538	539	410	TRUE
539	540	410	TRUE
540	541	410	TRUE
541	542	410	TRUE
542	543	410	TRUE
543	544	415	TRUE
544	545	415	TRUE
545	546	415	TRUE
546	547	415	TRUE
547	548	415	TRUE
548	549	415	TRUE
549	550	415	TRUE
550	551	420	TRUE
551	552	420	TRUE
552	553	420	TRUE
553	554	420	TRUE
554	555	420	TRUE
555	556	420	TRUE
556	557	420	TRUE
557	558	420	TRUE
558	559	425	TRUE
559	560	425	TRUE
560	561	425	TRUE
561	562	425	TRUE
562	563	425	TRUE
563	564	425	TRUE
564	565	425	TRUE
565	566	430	TRUE
566	567	430	TRUE
567	568	430	TRUE
568	569	430	TRUE
569	570	430	TRUE
570	571	430	TRUE
571	572	430	TRUE
572	573	435	TRUE
573	574	435	TRUE
574	575	435	TRUE
575	576	435	TRUE
576	577	435	TRUE
577	578	435	TRUE
578	579	435	TRUE
579	580	435	TRUE
580	581	440	TRUE
581	582	440	TRUE
582	583	440	TRUE
583	584	440	TRUE
584	585	440	TRUE
585	586	440	TRUE
586	587	440	TRUE
587	588	445	TRUE
588	589	445	TRUE
589	590	445	TRUE
590	591	445	TRUE
591	592	445	TRUE
592	593	445	TRUE
593	594	445	TRUE
594	595	445	TRUE
595	596	450	TRUE
596	597	450	TRUE
597	598	450	TRUE
598	599	450	TRUE
599	600	450	TRUE
600	601	450	TRUE
601	602	450	TRUE
602	603	455	TRUE
603	604	455	TRUE
604	605	455	TRUE
605	606	455	TRUE
606	607	455	TRUE
607	608	455	TRUE
608	609	455	TRUE
609	610	455	TRUE
610	611	460	TRUE
611	612	460	TRUE
612	613	460	TRUE
613	614	460	TRUE
614	615	460	TRUE
615	616	460	TRUE
616	617	460	TRUE
617	618	465	TRUE
618	619	465	TRUE
619	620	465	TRUE
620	621	465	TRUE
621	622	465	TRUE
622	623	465	TRUE
623	624	465	TRUE
624	625	465	TRUE
625	626	470	TRUE
626	627	470	TRUE
627	628	470	TRUE
628	629	470	TRUE
629	630	470	TRUE
630	631	470	TRUE
631	632	470	TRUE
632	633	475	TRUE
633	634	475	TRUE
634	635	475	TRUE
635	636	475	TRUE
636	637	475	TRUE
637	638	475	TRUE
638	639	475	TRUE
639	640	480	TRUE
640	641	480	TRUE
641	642	480	TRUE
642	643	480	TRUE
643	644	480	TRUE
644	645	480	TRUE
645	646	480	TRUE
646	647	480	TRUE
647	648	485	TRUE
648	649	485	TRUE
649	650	485	TRUE
650	651	485	TRUE
651	652	485	TRUE
652	653	485	TRUE
653	654	485	TRUE
654	655	490	TRUE
655	656	490	TRUE
656	657	490	TRUE
657	658	490	TRUE
658	659	490	TRUE
659	660	490	TRUE
660	661	490	TRUE
661	662	490	TRUE
662	663	495	TRUE
663	664	495	TRUE
664	665	495	TRUE
665	666	495	TRUE
666	667	495	TRUE
667	668	495	TRUE
668	669	495	TRUE
669	670	500	TRUE
670	671	500	TRUE
671	672	500	TRUE
672	673	500	TRUE
673	674	500	TRUE
674	675	500	TRUE
675	676	500	TRUE
676	677	500	TRUE
677	678	505	TRUE
678	679	505	TRUE
679	680	505	TRUE
680	681	505	TRUE
681	682	505	TRUE
682	683	505	TRUE
683	684	505	TRUE
684	685	505	TRUE
685	686	510	TRUE
686	687	510	TRUE
687	688	510	TRUE
688	689	510	TRUE
689	690	510	TRUE
690	691	510	TRUE
691	692	510	TRUE
692	693	515	TRUE
693	694	515	TRUE
694	695	515	TRUE
695	696	515	TRUE
696	697	515	TRUE
697	698	515	TRUE
698	699	515	TRUE
699	700	515	TRUE
700	701	520	TRUE
701	702	520	TRUE
702	703	520	TRUE
703	704	520	TRUE
704	705	520	TRUE
705	706	520	TRUE
706	707	520	TRUE
707	708	525	TRUE
708	709	525	TRUE
709	710	525	TRUE
710	711	525	TRUE
711	712	525	TRUE
712	713	525	TRUE
713	714	525	TRUE
714	715	525	TRUE
715	716	530	TRUE
716	717	530	TRUE
717	718	530	TRUE
718	719	530	TRUE
719	720	530	TRUE
720	721	530	TRUE
721	722	530	TRUE
722	723	535	TRUE
723	724	535	TRUE
724	725	535	TRUE
725	726	535	TRUE
726	727	535	TRUE
727	728	535	TRUE
728	729	535	TRUE
729	730	535	TRUE
730	731	540	TRUE
731	732	540	TRUE
732	733	540	TRUE
733	734	540	TRUE
734	735	540	TRUE
735	736	540	TRUE
736	737	540	TRUE
737	738	545	TRUE
738	739	545	TRUE
739	740	545	TRUE
740	741	545	TRUE
741	742	545	TRUE
742	743	545	TRUE
743	744	545	TRUE
744	745	545	TRUE
745	746	550	TRUE
746	747	550	TRUE
747	748	550	TRUE
748	749	550	TRUE
749	750	550	TRUE
750	751	550	TRUE
751	752	550	TRUE
752	753	550	TRUE
753	754	555	TRUE
754	755	555	TRUE
755	756	555	TRUE
756	757	555	TRUE
757	758	555	TRUE
758	759	555	TRUE
759	760	555	TRUE
760	761	560	TRUE
761	762	560	TRUE
762	763	560	TRUE
763	764	560	TRUE
764	765	560	TRUE
765	766	560	TRUE
766	767	560	TRUE
767	768	560	TRUE
768	769	565	TRUE
769	770	565	TRUE
770	771	565	TRUE
771	772	565	TRUE
772	773	565	TRUE
773	774	565	TRUE
774	775	565	TRUE
775	776	565	TRUE
776	777	570	TRUE
777	778	570	TRUE
778	779	570	TRUE
779	780	570	TRUE
780	781	570	TRUE
781	782	570	TRUE
782	783	570	TRUE
783	784	575	TRUE
784	785	575	TRUE
785	786	575	TRUE
786	787	575	TRUE
787	788	575	TRUE
788	789	575	TRUE
789	790	575	TRUE
790	791	575	TRUE
791	792	580	TRUE
792	793	580	TRUE
793	794	580	TRUE
794	795	580	TRUE
795	796	580	TRUE
796	797	580	TRUE
797	798	580	TRUE
798	799	585	TRUE
799	800	585	TRUE
800	801	585	TRUE
801	802	585	TRUE
802	803	585	TRUE
803	804	585	TRUE
804	805	585	TRUE
805	806	585	TRUE
806	807	590	TRUE
807	808	590	TRUE
808	809	590	TRUE
809	810	590	TRUE
810	811	590	TRUE
811	812	590	TRUE
812	813	590	TRUE
813	814	590	TRUE
814	815	595	TRUE
815	816	595	TRUE
816	817	595	TRUE
817	818	595	TRUE
818	819	595	TRUE
819	820	595	TRUE
820	821	595	TRUE
821	822	600	TRUE
822	823	600	TRUE
823	824	600	TRUE
824	825	600	TRUE
825	826	600	TRUE
826	827	600	TRUE
827	828	600	TRUE
828	829	600	TRUE
829	830	605	TRUE
830	831	605	TRUE
831	832	605	TRUE
832	833	605	TRUE
833	834	605	TRUE
834	835	605	TRUE
835	836	605	TRUE
836	837	605	TRUE
837	838	610	TRUE
838	839	610	TRUE
839	840	610	TRUE
840	841	610	TRUE
841	842	610	TRUE
842	843	610	TRUE
843	844	610	TRUE
844	845	610	TRUE
845	846	615	TRUE
846	847	615	TRUE
847	848	615	TRUE
848	849	615	TRUE
849	850	615	TRUE
850	851	615	TRUE
851	852	615	TRUE
852	853	620	TRUE
853	854	620	TRUE
854	855	620	TRUE
855	856	620	TRUE
856	857	620	TRUE
857	858	620	TRUE
858	859	620	TRUE
859	860	620	TRUE
860	861	625	TRUE
861	862	625	TRUE
862	863	625	TRUE
863	864	625	TRUE
864	865	625	TRUE
865	866	625	TRUE
866	867	625	TRUE
867	868	625	TRUE
868	869	630	TRUE
869	870	630	TRUE
870	871	630	TRUE
871	872	630	TRUE
872	873	630	TRUE
873	874	630	TRUE
874	875	630	TRUE
875	876	635	TRUE
876	877	635	TRUE
877	878	635	TRUE
878	879	635	TRUE
879	880	635	TRUE
880	881	635	TRUE
881	882	635	TRUE
882	883	635	TRUE
883	884	640	TRUE
884	885	640	TRUE
885	886	640	TRUE
886	887	640	TRUE
887	888	640	TRUE
888	889	640	TRUE
889	890	640	TRUE
890	891	640	TRUE
891	892	645	TRUE
892	893	645	TRUE
893	894	645	TRUE
894	895	645	TRUE
895	896	645	TRUE
896	897	645	TRUE
897	898	645	TRUE
898	899	645	TRUE
899	900	650	TRUE
900	901	650	TRUE
901	902	650	TRUE
902	903	650	TRUE
903	904	650	TRUE
904	905	650	TRUE
905	906	650	TRUE
906	907	655	TRUE
907	908	655	TRUE
908	909	655	TRUE
909	910	655	TRUE
910	911	655	TRUE
911	912	655	TRUE
912	913	655	TRUE
913	914	655	TRUE
914	915	660	TRUE
915	916	660	TRUE
916	917	660	TRUE
917	918	660	TRUE
918	919	660	TRUE
919	920	660	TRUE
920	921	660	TRUE
921	922	660	TRUE
922	923	665	TRUE
923	924	665	TRUE
924	925	665	TRUE
925	926	665	TRUE
926	927	665	TRUE
927	928	665	TRUE
928	929	665	TRUE
929	930	665	TRUE
930	931	670	TRUE
931	932	670	TRUE
932	933	670	TRUE
933	934	670	TRUE
934	935	670	TRUE
935	936	670	TRUE
936	937	670	TRUE
937	938	675	TRUE
938	939	675	TRUE
939	940	675	TRUE
940	941	675	TRUE
941	942	675	TRUE
942	943	675	TRUE
943	944	675	TRUE
944	945	675	TRUE
945	946	680	TRUE
946	947	680	TRUE
947	948	680	TRUE
948	949	680	TRUE
949	950	680	TRUE
950	951	680	TRUE
951	952	680	TRUE
952	953	680	TRUE
953	954	685	TRUE
954	955	685	TRUE
955	956	685	TRUE
956	957	685	TRUE
957	958	685	TRUE
958	959	685	TRUE
959	960	685	TRUE
960	961	685	TRUE
961	962	690	TRUE
962	963	690	TRUE
963	964	690	TRUE
964	965	690	TRUE
965	966	690	TRUE
966	967	690	TRUE
967	968	690	TRUE
968	969	690	TRUE
969	970	695	TRUE
970	971	695	TRUE
971	972	695	TRUE
972	973	695	TRUE
973	974	695	TRUE
974	975	695	TRUE
975	976	695	TRUE
976	977	700	TRUE
977	978	700	TRUE
978	979	700	TRUE
979	980	700	TRUE
980	981	700	TRUE
981	982	700	TRUE
982	983	700	TRUE
983	984	700	TRUE
984	985	705	TRUE
985	986	705	TRUE
986	987	705	TRUE
987	988	705	TRUE
988	989	705	TRUE
989	990	705	TRUE
990	991	705	TRUE
991	992	705	TRUE
992	993	710	TRUE
993	994	710	TRUE
994	995	710	TRUE
995	996	710	TRUE
996	997	710	TRUE
997	998	710	TRUE
998	999	710	TRUE
999	1000	710	TRUE
1000	1001	715	TRUE
1001	1002	715	TRUE
1002	1003	715	TRUE
1003	1004	715	TRUE
1004	1005	715	TRUE
1005	1006	715	TRUE
1006	1007	715	TRUE
1007	1008	715	TRUE
1008	1009	720	TRUE
1009	1010	720	TRUE
1010	1011	720	TRUE
1011	1012	720	TRUE
1012	1013	720	TRUE
1013	1014	720	TRUE
1014	1015	720	TRUE
1015	1016	725	TRUE
1016	1017	725	TRUE
1017	1018	725	TRUE
1018	1019	725	TRUE
1019	1020	725	TRUE
1020	1021	725	TRUE
1021	1022	725	TRUE
1022	1023	725	TRUE
1023	1024	730	TRUE
1024	1025	730	TRUE
1025	1026	730	TRUE
1026	1027	730	TRUE
1027	1028	730	TRUE
1028	1029	730	TRUE
1029	1030	730	TRUE
1030	1031	730	TRUE
1031	1032	735	TRUE
1032	1033	735	TRUE
1033	1034	735	TRUE
1034	1035	735	TRUE
1035	1036	735	TRUE
1036	1037	735	TRUE
1037	1038	735	TRUE
1038	1039	735	TRUE
1039	1040	740	TRUE
1040	1041	740	TRUE
1041	1042	740	TRUE
1042	1043	740	TRUE
1043	1044	740	TRUE
1044	1045	740	TRUE
1045	1046	740	TRUE
1046	1047	740	TRUE
1047	1048	745	TRUE
1048	1049	745	TRUE
1049	1050	745	TRUE
1050	1051	745	TRUE
1051	1052	745	TRUE
1052	1053	745	TRUE
1053	1054	745	TRUE
1054	1055	745	TRUE
1055	1056	750	TRUE
1056	1057	750	TRUE
1057	1058	750	TRUE
1058	1059	750	TRUE
1059	1060	750	TRUE
1060	1061	750	TRUE
1061	1062	750	TRUE
1062	1063	750	TRUE
1063	1064	755	TRUE
1064	1065	755	TRUE
1065	1066	755	TRUE
1066	1067	755	TRUE
1067	1068	755	TRUE
1068	1069	755	TRUE
1069	1070	755	TRUE
1070	1071	760	TRUE
1071	1072	760	TRUE
1072	1073	760	TRUE
1073	1074	760	TRUE
1074	1075	760	TRUE
1075	1076	760	TRUE
1076	1077	760	TRUE
1077	1078	760	TRUE
1078	1079	765	TRUE
1079	1080	765	TRUE
1080	1081	765	TRUE
1081	1082	765	TRUE
1082	1083	765	TRUE
1083	1084	765	TRUE
1084	1085	765	TRUE
1085	1086	765	TRUE
1086	1087	770	TRUE
1087	1088	770	TRUE
1088	1089	770	TRUE
1089	1090	770	TRUE
1090	1091	770	TRUE
1091	1092	770	TRUE
1092	1093	770	TRUE
1093	1094	770	TRUE
1094	1095	775	TRUE
1095	1096	775	TRUE
1096	1097	775	TRUE
1097	1098	775	TRUE
1098	1099	775	TRUE
1099	1100	775	TRUE
1100	1101	775	TRUE
1101	1102	775	TRUE
1102	1103	780	TRUE
1103	1104	780	TRUE
1104	1105	780	TRUE
1105	1106	780	TRUE
1106	1107	780	TRUE
1107	1108	780	TRUE
1108	1109	780	TRUE
1109	1110	780	TRUE
1110	1111	785	TRUE
1111	1112	785	TRUE
1112	1113	785	TRUE
1113	1114	785	TRUE
1114	1115	785	TRUE
1115	1116	785	TRUE
1116	1117	785	TRUE
1117	1118	785	TRUE
1118	1119	790	TRUE
1119	1120	790	TRUE
1120	1121	790	TRUE
1121	1122	790	TRUE
1122	1123	790	TRUE
1123	1124	790	TRUE
1124	1125	790	TRUE
1125	1126	790	TRUE
1126	1127	795	TRUE
1127	1128	795	TRUE
1128	1129	795	TRUE
1129	1130	795	TRUE
1130	1131	795	TRUE
1131	1132	795	TRUE
1132	1133	795	TRUE
1133	1134	795	TRUE
1134	1135	800	TRUE
1135	1136	800	TRUE
1136	1137	800	TRUE
1137	1138	800	TRUE
1138	1139	800	TRUE
1139	1140	800	TRUE
1140	1141	800	TRUE
1141	1142	800	TRUE
1142	1143	805	TRUE
1143	1144	805	TRUE
1144	1145	805	TRUE
1145	1146	805	TRUE
1146	1147	805	TRUE
1147	1148	805	TRUE
1148	1149	805	TRUE
1149	1150	805	TRUE
1150	1151	810	TRUE
1151	1152	810	TRUE
1152	1153	810	TRUE
1153	1154	810	TRUE
1154	1155	810	TRUE
1155	1156	810	TRUE
1156	1157	810	TRUE
1157	1158	815	TRUE
1158	1159	815	TRUE
1159	1160	815	TRUE
1160	1161	815	TRUE
1161	1162	815	TRUE
1162	1163	815	TRUE
1163	1164	815	TRUE
1164	1165	815	TRUE
1165	1166	820	TRUE
1166	1167	820	TRUE
1167	1168	820	TRUE
1168	1169	820	TRUE
1169	1170	820	TRUE
1170	1171	820	TRUE
1171	1172	820	TRUE
1172	1173	820	TRUE
1173	1174	825	TRUE
1174	1175	825	TRUE
1175	1176	825	TRUE
1176	1177	825	TRUE
1177	1178	825	TRUE
1178	1179	825	TRUE
1179	1180	825	TRUE
1180	1181	825	TRUE
1181	1182	830	TRUE
1182	1183	830	TRUE
1183	1184	830	TRUE
1184	1185	830	TRUE
1185	1186	830	TRUE
1186	1187	830	TRUE
1187	1188	830	TRUE
1188	1189	830	TRUE
1189	1190	835	TRUE
1190	1191	835	TRUE
1191	1192	835	TRUE
1192	1193	835	TRUE
1193	1194	835	TRUE
1194	1195	835	TRUE
1195	1196	835	TRUE
1196	1197	835	TRUE
1197	1198	840	TRUE
1198	1199	840	TRUE
1199	1200	840	TRUE
1200	1201	840	TRUE
1201	1202	840	TRUE
1202	1203	840	TRUE
1203	1204	840	TRUE
1204	1205	840	TRUE
1205	1206	845	TRUE
1206	1207	845	TRUE
1207	1208	845	TRUE
1208	1209	845	TRUE
1209	1210	845	TRUE
1210	1211	845	TRUE
1211	1212	845	TRUE
1212	1213	845	TRUE
1213	1214	850	TRUE
1214	1215	850	TRUE
1215	1216	850	TRUE
1216	1217	850	TRUE
1217	1218	850	TRUE
1218	1219	850	TRUE
1219	1220	850	TRUE
1220	1221	850	TRUE
1221	1222	855	TRUE
1222	1223	855	TRUE
1223	1224	855	TRUE
1224	1225	855	TRUE
1225	1226	855	TRUE
1226	1227	855	TRUE
1227	1228	855	TRUE
1228	1229	855	TRUE
1229	1230	860	TRUE
1230	1231	860	TRUE
1231	1232	860	TRUE
1232	1233	860	TRUE
1233	1234	860	TRUE
1234	1235	860	TRUE
1235	1236	860	TRUE
1236	1237	860	TRUE
1237	1238	865	TRUE
1238	1239	865	TRUE
1239	1240	865	TRUE
1240	1241	865	TRUE
1241	1242	865	TRUE
1242	1243	865	TRUE
1243	1244	865	TRUE
1244	1245	865	TRUE
1245	1246	870	TRUE
1246	1247	870	TRUE
1247	1248	870	TRUE
1248	1249	870	TRUE
1249	1250	870	TRUE
1250	1251	870	TRUE
1251	1252	870	TRUE
1252	1253	870	TRUE
1253	1254	875	TRUE
1254	1255	875	TRUE
1255	1256	875	TRUE
1256	1257	875	TRUE
1257	1258	875	TRUE
1258	1259	875	TRUE
1259	1260	875	TRUE
1260	1261	875	TRUE
1261	1262	880	TRUE
1262	1263	880	TRUE
1263	1264	880	TRUE
1264	1265	880	TRUE
1265	1266	880	TRUE
1266	1267	880	TRUE
1267	1268	880	TRUE
1268	1269	880	TRUE
1269	1270	885	TRUE
1270	1271	885	TRUE
1271	1272	885	TRUE
1272	1273	885	TRUE
1273	1274	885	TRUE
1274	1275	885	TRUE
1275	1276	885	TRUE
1276	1277	885	TRUE
1277	1278	890	TRUE
1278	1279	890	TRUE
1279	1280	890	TRUE
1280	1281	890	TRUE
1281	1282	890	TRUE
1282	1283	890	TRUE
1283	1284	890	TRUE
1284	1285	890	TRUE
1285	1286	895	TRUE
1286	1287	895	TRUE
1287	1288	895	TRUE
1288	1289	895	TRUE
1289	1290	895	TRUE
1290	1291	895	TRUE
1291	1292	895	TRUE
1292	1293	895	TRUE
1293	1294	900	TRUE
1294	1295	900	TRUE
1295	1296	900	TRUE
1296	1297	900	TRUE
1297	1298	900	TRUE
1298	1299	900	TRUE
1299	1300	900	TRUE
1300	1301	900	TRUE
1301	1302	905	TRUE
1302	1303	905	TRUE
1303	1304	905	TRUE
1304	1305	905	TRUE
1305	1306	905	TRUE
1306	1307	905	TRUE
1307	1308	905	TRUE
1308	1309	905	TRUE
1309	1310	910	TRUE
1310	1311	910	TRUE
1311	1312	910	TRUE
1312	1313	910	TRUE
1313	1314	910	TRUE
1314	1315	910	TRUE
1315	1316	910	TRUE
1316	1317	910	TRUE
1317	1318	915	TRUE
1318	1319	915	TRUE
1319	1320	915	TRUE
1320	1321	915	TRUE
1321	1322	915	TRUE
1322	1323	915	TRUE
1323	1324	915	TRUE
1324	1325	915	TRUE
1325	1326	920	TRUE
1326	1327	920	TRUE
1327	1328	920	TRUE
1328	1329	920	TRUE
1329	1330	920	TRUE
1330	1331	920	TRUE
1331	1332	920	TRUE
1332	1333	920	TRUE
1333	1334	925	TRUE
1334	1335	925	TRUE
1335	1336	925	TRUE
1336	1337	925	TRUE
1337	1338	925	TRUE
1338	1339	925	TRUE
1339	1340	925	TRUE
1340	1341	925	TRUE
1341	1342	925	TRUE
1342	1343	930	TRUE
1343	1344	930	TRUE
1344	1345	930	TRUE
1345	1346	930	TRUE
1346	1347	930	TRUE
1347	1348	930	TRUE
1348	1349	930	TRUE
1349	1350	930	TRUE
1350	1351	935	TRUE
1351	1352	935	TRUE
1352	1353	935	TRUE
1353	1354	935	TRUE
1354	1355	935	TRUE
1355	1356	935	TRUE
1356	1357	935	TRUE
1357	1358	935	TRUE
1358	1359	940	TRUE
1359	1360	940	TRUE
1360	1361	940	TRUE
1361	1362	940	TRUE
1362	1363	940	TRUE
1363	1364	940	TRUE
1364	1365	940	TRUE
1365	1366	940	TRUE
1366	1367	945	TRUE
1367	1368	945	TRUE
1368	1369	945	TRUE
1369	1370	945	TRUE
1370	1371	945	TRUE
1371	1372	945	TRUE
1372	1373	945	TRUE
1373	1374	945	TRUE
1374	1375	950	TRUE
1375	1376	950	TRUE
1376	1377	950	TRUE
1377	1378	950	TRUE
1378	1379	950	TRUE
1379	1380	950	TRUE
1380	1381	950	TRUE
1381	1382	950	TRUE
1382	1383	955	TRUE
1383	1384	955	TRUE
1384	1385	955	TRUE
1385	1386	955	TRUE
1386	1387	955	TRUE
1387	1388	955	TRUE
1388	1389	955	TRUE
1389	1390	955	TRUE
1390	1391	960	TRUE
1391	1392	960	TRUE
1392	1393	960	TRUE
1393	1394	960	TRUE
1394	1395	960	TRUE
1395	1396	960	TRUE
1396	1397	960	TRUE
1397	1398	960	TRUE
1398	1399	965	TRUE
1399	1400	965	TRUE
1400	1401	965	TRUE
1401	1402	965	TRUE
1402	1403	965	TRUE
1403	1404	965	TRUE
1404	1405	965	TRUE
1405	1406	965	TRUE
1406	1407	970	TRUE
1407	1408	970	TRUE
1408	1409	970	TRUE
1409	1410	970	TRUE
1410	1411	970	TRUE
1411	1412	970	TRUE
1412	1413	970	TRUE
1413	1414	970	TRUE
1414	1415	975	TRUE
1415	1416	975	TRUE
1416	1417	975	TRUE
1417	1418	975	TRUE
1418	1419	975	TRUE
1419	1420	975	TRUE
1420	1421	975	TRUE
1421	1422	975	TRUE
1422	1423	980	TRUE
1423	1424	980	TRUE
1424	1425	980	TRUE
1425	1426	980	TRUE
1426	1427	980	TRUE
1427	1428	980	TRUE
1428	1429	980	TRUE
1429	1430	980	TRUE
1430	1431	985	TRUE
1431	1432	985	TRUE
1432	1433	985	TRUE
1433	1434	985	TRUE
1434	1435	985	TRUE
1435	1436	985	TRUE
1436	1437	985	TRUE
1437	1438	985	TRUE
1438	1439	985	TRUE
1439	1440	990	TRUE
1440	1441	990	TRUE
1441	1442	990	TRUE
1442	1443	990	TRUE
1443	1444	990	TRUE
1444	1445	990	TRUE
1445	1446	990	TRUE
1446	1447	990	TRUE
1447	1448	995	TRUE
1448	1449	995	TRUE
1449	1450	995	TRUE
1450	1451	995	TRUE
1451	1452	995	TRUE
1452	1453	995	TRUE
1453	1454	995	TRUE
1454	1455	995	TRUE
1455	1456	1000	TRUE
1456	1457	1000	TRUE
1457	1458	1000	TRUE
1458	1459	1000	TRUE
1459	1460	1000	TRUE
1460	1461	1000	TRUE
1461	1462	1000	TRUE
1462	1463	1000	TRUE
1463	1464	1005	TRUE
1464	1465	1005	TRUE
1465	1466	1005	TRUE
1466	1467	1005	TRUE
1467	1468	1005	TRUE
1468	1469	1005	TRUE
1469	1470	1005	TRUE
1470	1471	1005	TRUE
1471	1472	1010	TRUE
1472	1473	1010	TRUE
1473	1474	1010	TRUE
1474	1475	1010	TRUE
1475	1476	1010	TRUE
1476	1477	1010	TRUE
1477	1478	1010	TRUE
1478	1479	1010	TRUE
1479	1480	1015	TRUE
1480	1481	1015	TRUE
1481	1482	1015	TRUE
1482	1483	1015	TRUE
1483	1484	1015	TRUE
1484	1485	1015	TRUE
1485	1486	1015	TRUE
1486	1487	1015	TRUE
1487	1488	1020	TRUE
1488	1489	1020	TRUE
1489	1490	1020	TRUE
1490	1491	1020	TRUE
1491	1492	1020	TRUE
1492	1493	1020	TRUE
1493	1494	1020	TRUE
1494	1495	1020	TRUE
1495	1496	1020	TRUE
1496	1497	1025	TRUE
1497	1498	1025	TRUE
1498	1499	1025	TRUE
1499	1500	1025	TRUE
1500	1501	1025	TRUE
1501	1502	1025	TRUE
1502	1503	1025	TRUE
1503	1504	1025	TRUE
1504	1505	1030	TRUE
1505	1506	1030	TRUE
1506	1507	1030	TRUE
1507	1508	1030	TRUE
1508	1509	1030	TRUE
1509	1510	1030	TRUE
1510	1511	1030	TRUE
1511	1512	1030	TRUE
1512	1513	1035	TRUE
1513	1514	1035	TRUE
1514	1515	1035	TRUE
1515	1516	1035	TRUE
1516	1517	1035	TRUE
1517	1518	1035	TRUE
1518	1519	1035	TRUE
1519	1520	1035	TRUE
1520	1521	1040	TRUE
1521	1522	1040	TRUE
1522	1523	1040	TRUE
1523	1524	1040	TRUE
1524	1525	1040	TRUE
1525	1526	1040	TRUE
1526	1527	1040	TRUE
1527	1528	1040	TRUE
1528	1529	1045	TRUE
1529	1530	1045	TRUE
1530	1531	1045	TRUE
1531	1532	1045	TRUE
1532	1533	1045	TRUE
1533	1534	1045	TRUE
1534	1535	1045	TRUE
1535	1536	1045	TRUE
1536	1537	1050	TRUE
1537	1538	1050	TRUE
1538	1539	1050	TRUE
1539	1540	1050	TRUE
1540	1541	1050	TRUE
1541	1542	1050	TRUE
1542	1543	1050	TRUE
1543	1544	1050	TRUE
1544	1545	1055	TRUE
1545	1546	1055	TRUE
1546	1547	1055	TRUE
1547	1548	1055	TRUE
1548	1549	1055	TRUE
1549	1550	1055	TRUE
1550	1551	1055	TRUE
1551	1552	1055	TRUE
1552	1553	1055	TRUE
1553	1554	1060	TRUE
1554	1555	1060	TRUE
1555	1556	1060	TRUE
1556	1557	1060	TRUE
1557	1558	1060	TRUE
1558	1559	1060	TRUE
1559	1560	1060	TRUE
1560	1561	1060	TRUE
1561	1562	1065	TRUE
1562	1563	1065	TRUE
1563	1564	1065	TRUE
1564	1565	1065	TRUE
1565	1566	1065	TRUE
1566	1567	1065	TRUE
1567	1568	1065	TRUE
1568	1569	1065	TRUE
1569	1570	1070	TRUE
1570	1571	1070	TRUE
1571	1572	1070	TRUE
1572	1573	1070	TRUE
1573	1574	1070	TRUE
1574	1575	1070	TRUE
1575	1576	1070	TRUE
1576	1577	1070	TRUE
1577	1578	1075	TRUE
1578	1579	1075	TRUE
1579	1580	1075	TRUE
1580	1581	1075	TRUE
1581	1582	1075	TRUE
1582	1583	1075	TRUE
1583	1584	1075	TRUE
1584	1585	1075	TRUE
1585	1586	1080	TRUE
1586	1587	1080	TRUE
1587	1588	1080	TRUE
1588	1589	1080	TRUE
1589	1590	1080	TRUE
1590	1591	1080	TRUE
1591	1592	1080	TRUE
1592	1593	1080	TRUE
1593	1594	1080	TRUE
1594	1595	1085	TRUE
1595	1596	1085	TRUE
1596	1597	1085	TRUE
1597	1598	1085	TRUE
1598	1599	1085	TRUE
1599	1600	1085	TRUE
1600	1601	1085	TRUE
1601	1602	1085	TRUE
1602	1603	1090	TRUE
1603	1604	1090	TRUE
1604	1605	1090	TRUE
1605	1606	1090	TRUE
1606	1607	1090	TRUE
1607	1608	1090	TRUE
1608	1609	1090	TRUE
1609	1610	1090	TRUE
1610	1611	1095	TRUE
1611	1612	1095	TRUE
1612	1613	1095	TRUE
1613	1614	1095	TRUE
1614	1615	1095	TRUE
1615	1616	1095	TRUE
1616	1617	1095	TRUE
1617	1618	1095	TRUE
1618	1619	1100	TRUE
1619	1620	1100	TRUE
1620	1621	1100	TRUE
1621	1622	1100	TRUE
1622	1623	1100	TRUE
1623	1624	1100	TRUE
1624	1625	1100	TRUE
1625	1626	1100	TRUE
1626	1627	1105	TRUE
1627	1628	1105	TRUE
1628	1629	1105	TRUE
1629	1630	1105	TRUE
1630	1631	1105	TRUE
1631	1632	1105	TRUE
1632	1633	1105	TRUE
1633	1634	1105	TRUE
1634	1635	1105	TRUE
1635	1636	1110	TRUE
1636	1637	1110	TRUE
1637	1638	1110	TRUE
1638	1639	1110	TRUE
1639	1640	1110	TRUE
1640	1641	1110	TRUE
1641	1642	1110	TRUE
1642	1643	1110	TRUE
1643	1644	1115	TRUE
1644	1645	1115	TRUE
1645	1646	1115	TRUE
1646	1647	1115	TRUE
1647	1648	1115	TRUE
1648	1649	1115	TRUE
1649	1650	1115	TRUE
1650	1651	1115	TRUE
1651	1652	1120	TRUE
1652	1653	1120	TRUE
1653	1654	1120	TRUE
1654	1655	1120	TRUE
1655	1656	1120	TRUE
1656	1657	1120	TRUE
1657	1658	1120	TRUE
1658	1659	1120	TRUE
1659	1660	1125	TRUE
1660	1661	1125	TRUE
1661	1662	1125	TRUE
1662	1663	1125	TRUE
1663	1664	1125	TRUE
1664	1665	1125	TRUE
1665	1666	1125	TRUE
1666	1667	1125	TRUE
1667	1668	1125	TRUE
1668	1669	1130	TRUE
1669	1670	1130	TRUE
1670	1671	1130	TRUE
1671	1672	1130	TRUE
1672	1673	1130	TRUE
1673	1674	1130	TRUE
1674	1675	1130	TRUE
1675	1676	1130	TRUE
1676	1677	1135	TRUE
1677	1678	1135	TRUE
1678	1679	1135	TRUE
1679	1680	1135	TRUE
1680	1681	1135	TRUE
1681	1682	1135	TRUE
1682	1683	1135	TRUE
1683	1684	1135	TRUE
1684	1685	1140	TRUE
1685	1686	1140	TRUE
1686	1687	1140	TRUE
1687	1688	1140	TRUE
1688	1689	1140	TRUE
1689	1690	1140	TRUE
1690	1691	1140	TRUE
1691	1692	1140	TRUE
1692	1693	1145	TRUE
1693	1694	1145	TRUE
1694	1695	1145	TRUE
1695	1696	1145	TRUE
1696	1697	1145	TRUE
1697	1698	1145	TRUE
1698	1699	1145	TRUE
1699	1700	1145	TRUE
1700	1701	1145	TRUE
1701	1702	1150	TRUE
1702	1703	1150	TRUE
1703	1704	1150	TRUE
1704	1705	1150	TRUE
1705	1706	1150	TRUE
1706	1707	1150	TRUE
1707	1708	1150	TRUE
1708	1709	1150	TRUE
1709	1710	1155	TRUE
1710	1711	1155	TRUE
1711	1712	1155	TRUE
1712	1713	1155	TRUE
1713	1714	1155	TRUE
1714	1715	1155	TRUE
1715	1716	1155	TRUE
1716	1717	1155	TRUE
1717	1718	1160	TRUE
1718	1719	1160	TRUE
1719	1720	1160	TRUE
1720	1721	1160	TRUE
1721	1722	1160	TRUE
1722	1723	1160	TRUE
1723	1724	1160	TRUE
1724	1725	1160	TRUE
1725	1726	1165	TRUE
1726	1727	1165	TRUE
1727	1728	1165	TRUE
1728	1729	1165	TRUE
1729	1730	1165	TRUE
1730	1731	1165	TRUE
1731	1732	1165	TRUE
1732	1733	1165	TRUE
1733	1734	1165	TRUE
1734	1735	1170	TRUE
1735	1736	1170	TRUE
1736	1737	1170	TRUE
1737	1738	1170	TRUE
1738	1739	1170	TRUE
1739	1740	1170	TRUE
1740	1741	1170	TRUE
1741	1742	1170	TRUE
1742	1743	1175	TRUE
1743	1744	1175	TRUE
1744	1745	1175	TRUE
1745	1746	1175	TRUE
1746	1747	1175	TRUE
1747	1748	1175	TRUE
1748	1749	1175	TRUE
1749	1750	1175	TRUE
1750	1751	1180	TRUE
1751	1752	1180	TRUE
1752	1753	1180	TRUE
1753	1754	1180	TRUE
1754	1755	1180	TRUE
1755	1756	1180	TRUE
1756	1757	1180	TRUE
1757	1758	1180	TRUE
1758	1759	1185	TRUE
1759	1760	1185	TRUE
1760	1761	1185	TRUE
1761	1762	1185	TRUE
1762	1763	1185	TRUE
1763	1764	1185	TRUE
1764	1765	1185	TRUE
1765	1766	1185	TRUE
1766	1767	1185	TRUE
1767	1768	1190	TRUE
1768	1769	1190	TRUE
1769	1770	1190	TRUE
1770	1771	1190	TRUE
1771	1772	1190	TRUE
1772	1773	1190	TRUE
1773	1774	1190	TRUE
1774	1775	1190	TRUE
1775	1776	1195	TRUE
1776	1777	1195	TRUE
1777	1778	1195	TRUE
1778	1779	1195	TRUE
1779	1780	1195	TRUE
1780	1781	1195	TRUE
1781	1782	1195	TRUE
1782	1783	1195	TRUE
1783	1784	1200	TRUE
1784	1785	1200	TRUE
1785	1786	1200	TRUE
1786	1787	1200	TRUE
1787	1788	1200	TRUE
1788	1789	1200	TRUE
1789	1790	1200	TRUE
1790	1791	1200	TRUE
1791	1792	1200	TRUE
1792	1793	1205	TRUE
1793	1794	1205	TRUE
1794	1795	1205	TRUE
1795	1796	1205	TRUE
1796	1797	1205	TRUE
1797	1798	1205	TRUE
1798	1799	1205	TRUE
1799	1800	1205	TRUE
1800	1801	1210	TRUE
1801	1802	1210	TRUE
1802	1803	1210	TRUE
1803	1804	1210	TRUE
1804	1805	1210	TRUE
1805	1806	1210	TRUE
1806	1807	1210	TRUE
1807	1808	1210	TRUE
1808	1809	1215	TRUE
1809	1810	1215	TRUE
1810	1811	1215	TRUE
1811	1812	1215	TRUE
1812	1813	1215	TRUE
1813	1814	1215	TRUE
1814	1815	1215	TRUE
1815	1816	1215	TRUE
1816	1817	1220	TRUE
1817	1818	1220	TRUE
1818	1819	1220	TRUE
1819	1820	1220	TRUE
1820	1821	1220	TRUE
1821	1822	1220	TRUE
1822	1823	1220	TRUE
1823	1824	1220	TRUE
1824	1825	1220	TRUE
1825	1826	1225	TRUE
1826	1827	1225	TRUE
1827	1828	1225	TRUE
1828	1829	1225	TRUE
1829	1830	1225	TRUE
1830	1831	1225	TRUE
1831	1832	1225	TRUE
1832	1833	1225	TRUE
1833	1834	1230	TRUE
1834	1835	1230	TRUE
1835	1836	1230	TRUE
1836	1837	1230	TRUE
1837	1838	1230	TRUE
1838	1839	1230	TRUE
1839	1840	1230	TRUE
1840	1841	1230	TRUE
1841	1842	1235	TRUE
1842	1843	1235	TRUE
1843	1844	1235	TRUE
1844	1845	1235	TRUE
1845	1846	1235	TRUE
1846	1847	1235	TRUE
1847	1848	1235	TRUE
1848	1849	1235	TRUE
1849	1850	1235	TRUE
1850	1851	1240	TRUE
1851	1852	1240	TRUE
1852	1853	1240	TRUE
1853	1854	1240	TRUE
1854	1855	1240	TRUE
1855	1856	1240	TRUE
1856	1857	1240	TRUE
1857	1858	1240	TRUE
1858	1859	1245	TRUE
1859	1860	1245	TRUE
1860	1861	1245	TRUE
1861	1862	1245	TRUE
1862	1863	1245	TRUE
1863	1864	1245	TRUE
1864	1865	1245	TRUE
1865	1866	1245	TRUE
1866	1867	1250	TRUE
1867	1868	1250	TRUE
1868	1869	1250	TRUE
1869	1870	1250	TRUE
1870	1871	1250	TRUE
1871	1872	1250	TRUE
1872	1873	1250	TRUE
1873	1874	1250	TRUE
1874	1875	1250	TRUE
1875	1876	1255	TRUE
1876	1877	1255	TRUE
1877	1878	1255	TRUE
1878	1879	1255	TRUE
1879	1880	1255	TRUE
1880	1881	1255	TRUE
1881	1882	1255	TRUE
1882	1883	1255	TRUE
1883	1884	1260	TRUE
1884	1885	1260	TRUE
1885	1886	1260	TRUE
1886	1887	1260	TRUE
1887	1888	1260	TRUE
1888	1889	1260	TRUE
1889	1890	1260	TRUE
1890	1891	1260	TRUE
1891	1892	1265	TRUE
1892	1893	1265	TRUE
1893	1894	1265	TRUE
1894	1895	1265	TRUE
1895	1896	1265	TRUE
1896	1897	1265	TRUE
1897	1898	1265	TRUE
1898	1899	1265	TRUE
1899	1900	1265	TRUE
1900	1901	1270	TRUE
1901	1902	1270	TRUE
1902	1903	1270	TRUE
1903	1904	1270	TRUE
1904	1905	1270	TRUE
1905	1906	1270	TRUE
1906	1907	1270	TRUE
1907	1908	1270	TRUE
1908	1909	1275	TRUE
1909	1910	1275	TRUE
1910	1911	1275	TRUE
1911	1912	1275	TRUE
1912	1913	1275	TRUE
1913	1914	1275	TRUE
1914	1915	1275	TRUE
1915	1916	1275	TRUE
1916	1917	1280	TRUE
1917	1918	1280	TRUE
1918	1919	1280	TRUE
1919	1920	1280	TRUE
1920	1921	1280	TRUE
1921	1922	1280	TRUE
1922	1923	1280	TRUE
1923	1924	1280	TRUE
1924	1925	1280	TRUE
1925	1926	1285	TRUE
1926	1927	1285	TRUE
1927	1928	1285	TRUE
1928	1929	1285	TRUE
1929	1930	1285	TRUE
1930	1931	1285	TRUE
1931	1932	1285	TRUE
1932	1933	1285	TRUE
1933	1934	1290	TRUE
1934	1935	1290	TRUE
1935	1936	1290	TRUE
1936	1937	1290	TRUE
1937	1938	1290	TRUE
1938	1939	1290	TRUE
1939	1940	1290	TRUE
1940	1941	1290	TRUE
1941	1942	1290	TRUE
1942	1943	1295	TRUE
1943	1944	1295	TRUE
1944	1945	1295	TRUE
1945	1946	1295	TRUE
1946	1947	1295	TRUE
1947	1948	1295	TRUE
1948	1949	1295	TRUE
1949	1950	1295	TRUE
1950	1951	1300	TRUE
1951	1952	1300	TRUE
1952	1953	1300	TRUE
1953	1954	1300	TRUE
1954	1955	1300	TRUE
1955	1956	1300	TRUE
1956	1957	1300	TRUE
1957	1958	1300	TRUE
1958	1959	1305	TRUE
1959	1960	1305	TRUE
1960	1961	1305	TRUE
1961	1962	1305	TRUE
1962	1963	1305	TRUE
1963	1964	1305	TRUE
1964	1965	1305	TRUE
1965	1966	1305	TRUE
1966	1967	1305	TRUE
1967	1968	1310	TRUE
1968	1969	1310	TRUE
1969	1970	1310	TRUE
1970	1971	1310	TRUE
1971	1972	1310	TRUE
1972	1973	1310	TRUE
1973	1974	1310	TRUE
1974	1975	1310	TRUE
1975	1976	1315	TRUE
1976	1977	1315	TRUE
1977	1978	1315	TRUE
1978	1979	1315	TRUE
1979	1980	1315	TRUE
1980	1981	1315	TRUE
1981	1982	1315	TRUE
1982	1983	1315	TRUE
1983	1984	1320	TRUE
1984	1985	1320	TRUE
1985	1986	1320	TRUE
1986	1987	1320	TRUE
1987	1988	1320	TRUE
1988	1989	1320	TRUE
1989	1990	1320	TRUE
1990	1991	1320	TRUE
1991	1992	1320	TRUE
1992	1993	1325	TRUE
1993	1994	1325	TRUE
1994	1995	1325	TRUE
1995	1996	1325	TRUE
1996	1997	1325	TRUE
1997	1998	1325	TRUE
1998	1999	1325	TRUE
1999	2000	1325	TRUE