level	light magic power	verified
0	0	TRUE
1	7000	TRUE
2	14000	TRUE
3	21000	TRUE
4	35000	TRUE
5	49000	TRUE
6	63000	TRUE
7	77000	TRUE
8	98000	TRUE
9	119000	TRUE
10	140000	TRUE
11	161000	TRUE
12	182000	TRUE
13	210000	TRUE
14	238000	TRUE
15	266000	TRUE
16	294000	TRUE
17	322000	TRUE
18	357000	TRUE
19	392000	TRUE
20	427000	TRUE
21	462000	TRUE
22	497000	TRUE
23	539000	TRUE
24	581000	TRUE
25	623000	TRUE
26	665000	TRUE
27	707000	TRUE
28	749000	TRUE
29	798000	TRUE
30	847000	TRUE
31	896000	TRUE
32	945000	TRUE
33	994000	TRUE
34	1043000	TRUE
35	1099000	TRUE
36	1155000	TRUE
37	1211000	TRUE
38	1267000	TRUE
39	1323000	TRUE
40	1379000	TRUE
41	1435000	TRUE
42	1498000	TRUE
43	1561000	TRUE
44	1624000	TRUE
45	1687000	TRUE
46	1750000	TRUE
47	1813000	TRUE
48	1883000	TRUE
49	1953000	TRUE
50	2023000	TRUE
51	2093000	TRUE
52	2163000	TRUE
53	2233000	TRUE
54	2303000	TRUE
55	2380000	TRUE
56	2457000	TRUE
57	2534000	TRUE
58	2611000	TRUE
59	2688000	TRUE
60	2765000	TRUE
61	2842000	TRUE
62	2926000	TRUE
63	3010000	TRUE
64	3094000	TRUE
65	3178000	TRUE
66	3262000	TRUE
67	3346000	TRUE
68	3430000	TRUE
69	3521000	TRUE
70	3612000	TRUE
71	3703000	TRUE
72	3794000	TRUE
73	3885000	TRUE
74	3976000	TRUE
75	4067000	TRUE
76	4165000	TRUE
77	4263000	TRUE
78	4361000	TRUE
79	4459000	TRUE
80	4557000	TRUE
81	4655000	TRUE
82	4753000	TRUE
83	4858000	TRUE
84	4963000	TRUE
85	5068000	TRUE
86	5173000	TRUE
87	5278000	TRUE
88	5383000	TRUE
89	5488000	TRUE
90	5593000	TRUE
91	5705000	TRUE
92	5817000	TRUE
93	5929000	TRUE
94	6041000	TRUE
95	6153000	TRUE
96	6265000	TRUE
97	6377000	TRUE
98	6496000	TRUE
99	6615000	TRUE
100	6734000	TRUE
101	6853000	TRUE
102	6972000	TRUE
103	7091000	TRUE
104	7210000	TRUE
105	7329000	TRUE
106	7455000	TRUE
107	7581000	TRUE
108	7707000	TRUE
109	7833000	TRUE
110	7959000	TRUE
111	8085000	TRUE
112	8211000	TRUE
113	8337000	TRUE
114	8470000	TRUE
115	8603000	TRUE
116	8736000	TRUE
117	8869000	TRUE
118	9002000	TRUE
119	9135000	TRUE
120	9268000	TRUE
121	9401000	TRUE
122	9541000	TRUE
123	9681000	TRUE
124	9821000	TRUE
125	9961000	TRUE
126	10101000	TRUE
127	10241000	TRUE
128	10381000	TRUE
129	10521000	TRUE
130	10668000	TRUE
131	10815000	TRUE
132	10962000	TRUE
133	11109000	TRUE
134	11256000	TRUE
135	11403000	TRUE
136	11550000	TRUE
137	11697000	TRUE
138	11851000	TRUE
139	12005000	TRUE
140	12159000	TRUE
141	12313000	TRUE
142	12467000	TRUE
143	12621000	TRUE
144	12775000	TRUE
145	12929000	TRUE
146	13090000	TRUE
147	13251000	TRUE
148	13412000	TRUE
149	13573000	TRUE
150	13734000	TRUE
151	13895000	TRUE
152	14056000	TRUE
153	14217000	TRUE
154	14385000	TRUE
155	14553000	TRUE
156	14721000	TRUE
157	14889000	TRUE
158	15057000	TRUE
159	15225000	TRUE
160	15393000	TRUE
161	15561000	TRUE
162	15729000	TRUE
163	15904000	TRUE
164	16079000	TRUE
165	16254000	TRUE
166	16429000	TRUE
167	16604000	TRUE
168	16779000	TRUE
169	16954000	TRUE
170	17129000	TRUE
171	17311000	TRUE
172	17493000	TRUE
173	17675000	TRUE
174	17857000	TRUE
175	18039000	TRUE
176	18221000	TRUE
177	18403000	TRUE
178	18585000	TRUE
179	18767000	TRUE
180	18956000	TRUE
181	19145000	TRUE
182	19334000	TRUE
183	19523000	TRUE
184	19712000	TRUE
185	19901000	TRUE
186	20090000	TRUE
187	20279000	TRUE
188	20475000	TRUE
189	20671000	TRUE
190	20867000	TRUE
191	21063000	TRUE
192	21259000	TRUE
193	21455000	TRUE
194	21651000	TRUE
195	21847000	TRUE
196	22043000	TRUE
197	22246000	TRUE
198	22449000	TRUE
199	22652000	TRUE
200	22855000	TRUE
201	23058000	TRUE
202	23261000	TRUE
203	23464000	TRUE
204	23667000	TRUE
205	23870000	TRUE
206	24080000	TRUE
207	24290000	TRUE
208	24500000	TRUE
209	24710000	TRUE
210	24920000	TRUE
211	25130000	TRUE
212	25340000	TRUE
213	25550000	TRUE
214	25760000	TRUE
215	25977000	TRUE
216	26194000	TRUE
217	26411000	TRUE
218	26628000	TRUE
219	26845000	TRUE
220	27062000	TRUE
221	27279000	TRUE
222	27496000	TRUE
223	27713000	TRUE
224	27937000	TRUE
225	28161000	TRUE
226	28385000	TRUE
227	28609000	TRUE
228	28833000	TRUE
229	29057000	TRUE
230	29281000	TRUE
231	29505000	TRUE
232	29729000	TRUE
233	29960000	TRUE
234	30191000	TRUE
235	30422000	TRUE
236	30653000	TRUE
237	30884000	TRUE
238	31115000	TRUE
239	31346000	TRUE
240	31577000	TRUE
241	31808000	TRUE
242	32046000	TRUE
243	32284000	TRUE
244	32522000	TRUE
245	32760000	TRUE
246	32998000	TRUE
247	33236000	TRUE
248	33474000	TRUE
249	33712000	TRUE
250	33950000	TRUE
251	34195000	TRUE
252	34440000	TRUE
253	34685000	TRUE
254	34930000	TRUE
255	35175000	TRUE
256	35420000	TRUE
257	35665000	TRUE
258	35910000	TRUE
259	36155000	TRUE
260	36400000	TRUE
261	36652000	TRUE
262	36904000	TRUE
263	37156000	TRUE
264	37408000	TRUE
265	37660000	TRUE
266	37912000	TRUE
267	38164000	TRUE
268	38416000	TRUE
269	38668000	TRUE
270	38927000	TRUE
271	39186000	TRUE
272	39445000	TRUE
273	39704000	TRUE
274	39963000	TRUE
275	40222000	TRUE
276	40481000	TRUE
277	40740000	TRUE
278	40999000	TRUE
279	41265000	TRUE
280	41531000	TRUE
281	41797000	TRUE
282	42063000	TRUE
283	42329000	TRUE
284	42595000	TRUE
285	42861000	TRUE
286	43127000	TRUE
287	43393000	TRUE
288	43659000	TRUE
289	43932000	TRUE
290	44205000	TRUE
291	44478000	TRUE
292	44751000	TRUE
293	45024000	TRUE
294	45297000	TRUE
295	45570000	TRUE
296	45843000	TRUE
297	46116000	TRUE
298	46396000	TRUE
299	46676000	TRUE
300	46956000	TRUE
301	47236000	TRUE
302	47516000	TRUE
303	47796000	TRUE
304	48076000	TRUE
305	48356000	TRUE
306	48636000	TRUE
307	48916000	TRUE
308	49203000	TRUE
309	49490000	TRUE
310	49777000	TRUE
311	50064000	TRUE
312	50351000	TRUE
313	50638000	TRUE
314	50925000	TRUE
315	51212000	TRUE
316	51499000	TRUE
317	51793000	TRUE
318	52087000	TRUE
319	52381000	TRUE
320	52675000	TRUE
321	52969000	TRUE
322	53263000	TRUE
323	53557000	TRUE
324	53851000	TRUE
325	54145000	TRUE
326	54439000	TRUE
327	54740000	TRUE
328	55041000	TRUE
329	55342000	TRUE
330	55643000	TRUE
331	55944000	TRUE
332	56245000	TRUE
333	56546000	TRUE
334	56847000	TRUE
335	57148000	TRUE
336	57449000	TRUE
337	57757000	TRUE
338	58065000	TRUE
339	58373000	TRUE
340	58681000	TRUE
341	58989000	TRUE
342	59297000	TRUE
343	59605000	TRUE
344	59913000	TRUE
345	60221000	TRUE
346	60529000	TRUE
347	60844000	TRUE
348	61159000	TRUE
349	61474000	TRUE
350	61789000	TRUE
351	62104000	TRUE
352	62419000	TRUE
353	62734000	TRUE
354	63049000	TRUE
355	63364000	TRUE
356	63686000	TRUE
357	64008000	TRUE
358	64330000	TRUE
359	64652000	TRUE
360	64974000	TRUE
361	65296000	TRUE
362	65618000	TRUE
363	65940000	TRUE
364	66262000	TRUE
365	66584000	TRUE
366	66913000	TRUE
367	67242000	TRUE
368	67571000	TRUE
369	67900000	TRUE
370	68229000	TRUE
371	68558000	TRUE
372	68887000	TRUE
373	69216000	TRUE
374	69545000	TRUE
375	69874000	TRUE
376	70210000	TRUE
377	70546000	TRUE
378	70882000	TRUE
379	71218000	TRUE
380	71554000	TRUE
381	71890000	TRUE
382	72226000	TRUE
383	72562000	TRUE
384	72898000	TRUE
385	73234000	TRUE
386	73577000	TRUE
387	73920000	TRUE
388	74263000	TRUE
389	74606000	TRUE
390	74949000	TRUE
391	75292000	TRUE
392	75635000	TRUE
393	75978000	TRUE
394	76321000	TRUE
395	76664000	TRUE
396	77014000	TRUE
397	77364000	TRUE
398	77714000	TRUE
399	78064000	TRUE
400	78414000	TRUE
401	78764000	TRUE
402	79114000	TRUE
403	79464000	TRUE
404	79814000	TRUE
405	80164000	TRUE
406	80514000	TRUE
407	80871000	TRUE
408	81228000	TRUE
409	81585000	TRUE
410	81942000	TRUE
411	82299000	TRUE
412	82656000	TRUE
413	83013000	TRUE
414	83370000	TRUE
415	83727000	TRUE
416	84084000	TRUE
417	84448000	TRUE
418	84812000	TRUE
419	85176000	TRUE
420	85540000	TRUE
421	85904000	TRUE
422	86268000	TRUE
423	86632000	TRUE
424	86996000	TRUE
425	87360000	TRUE
426	87724000	TRUE
427	88095000	TRUE
428	88466000	TRUE
429	88837000	TRUE
430	89208000	TRUE
431	89579000	TRUE
432	89950000	TRUE
433	90321000	TRUE
434	90692000	TRUE
435	91063000	TRUE
436	91434000	TRUE
437	91812000	TRUE
438	92190000	TRUE
439	92568000	TRUE
440	92946000	TRUE
441	93324000	TRUE
442	93702000	TRUE
443	94080000	TRUE
444	94458000	TRUE
445	94836000	TRUE
446	95214000	TRUE
447	95592000	TRUE
448	95977000	TRUE
449	96362000	TRUE
450	96747000	TRUE
451	97132000	TRUE
452	97517000	TRUE
453	97902000	TRUE
454	98287000	TRUE
455	98672000	TRUE
456	99057000	TRUE
457	99442000	TRUE
458	99834000	TRUE
459	100226000	TRUE
460	100618000	TRUE
461	101010000	TRUE
462	101402000	TRUE
463	101794000	TRUE
464	102186000	TRUE
465	102578000	TRUE
466	102970000	TRUE
467	103362000	TRUE
468	103761000	TRUE
469	104160000	TRUE
470	104559000	TRUE
471	104958000	TRUE
472	105357000	TRUE
473	105756000	TRUE
474	106155000	TRUE
475	106554000	TRUE
476	106953000	TRUE
477	107352000	TRUE
478	107751000	TRUE
479	108157000	TRUE
480	108563000	TRUE
481	108969000	TRUE
482	109375000	TRUE
483	109781000	TRUE
484	110187000	TRUE
485	110593000	TRUE
486	110999000	TRUE
487	111405000	TRUE
488	111811000	TRUE
489	112224000	TRUE
490	112637000	TRUE
491	113050000	TRUE
492	113463000	TRUE
493	113876000	TRUE
494	114289000	TRUE
495	114702000	TRUE
496	115115000	TRUE
497	115528000	TRUE
498	115941000	TRUE
499	116354000	TRUE
500	116774000	TRUE
501	117194000	TRUE
502	117614000	TRUE
503	118034000	TRUE
504	118454000	TRUE
505	118874000	TRUE
506	119294000	TRUE
507	119714000	TRUE
508	120134000	TRUE
509	120554000	TRUE
510	120974000	TRUE
511	121401000	TRUE
512	121828000	TRUE
513	122255000	TRUE
514	122682000	TRUE
515	123109000	TRUE
516	123536000	TRUE
517	123963000	TRUE
518	124390000	TRUE
519	124817000	TRUE
520	125244000	TRUE
521	125678000	TRUE
522	126112000	TRUE
523	126546000	TRUE
524	126980000	TRUE
525	127414000	TRUE
526	127848000	TRUE
527	128282000	TRUE
528	128716000	TRUE
529	129150000	TRUE
530	129584000	TRUE
531	130018000	TRUE
532	130459000	TRUE
533	130900000	TRUE
534	131341000	TRUE
535	131782000	TRUE
536	132223000	TRUE
537	132664000	TRUE
538	133105000	TRUE
539	133546000	TRUE
540	133987000	TRUE
541	134428000	TRUE
542	134868992	TRUE
543	135316992	TRUE
544	135764992	TRUE
545	136212992	TRUE
546	136660992	TRUE
547	137108992	TRUE
548	137556992	TRUE
549	138004992	TRUE
550	138452992	TRUE
551	138900992	TRUE
552	139348992	TRUE
553	139804000	TRUE
554	140259008	TRUE
555	140714000	TRUE
556	141168992	TRUE
557	141624000	TRUE
558	142079008	TRUE
559	142534000	TRUE
560	142988992	TRUE
561	143444000	TRUE
562	143899008	TRUE
563	144354000	TRUE
564	144816000	TRUE
565	145278000	TRUE
566	145740000	TRUE
567	146202000	TRUE
568	146664000	TRUE
569	147126000	TRUE
570	147588000	TRUE
571	148050000	TRUE
572	148512000	TRUE
573	148974000	TRUE
574	149436000	TRUE
575	149904992	TRUE
576	150374000	TRUE
577	150843008	TRUE
578	151312000	TRUE
579	151780992	TRUE
580	152250000	TRUE
581	152719008	TRUE
582	153188000	TRUE
583	153656992	TRUE
584	154126000	TRUE
585	154595008	TRUE
586	155071008	TRUE
587	155547008	TRUE
588	156023008	TRUE
589	156499008	TRUE
590	156975008	TRUE
591	157451008	TRUE
592	157927008	TRUE
593	158403008	TRUE
594	158879008	TRUE
595	159355008	TRUE
596	159831008	TRUE
597	160314000	TRUE
598	160796992	TRUE
599	161280000	TRUE
600	161763008	TRUE
601	162246000	TRUE
602	162728992	TRUE
603	163212000	TRUE
604	163695008	TRUE
605	164178000	TRUE
606	164660992	TRUE
607	165144000	TRUE
608	165634000	TRUE
609	166124000	TRUE
610	166614000	TRUE
611	167104000	TRUE
612	167594000	TRUE
613	168084000	TRUE
614	168574000	TRUE
615	169064000	TRUE
616	169554000	TRUE
617	170044000	TRUE
618	170534000	TRUE
619	171031008	TRUE
620	171528000	TRUE
621	172024992	TRUE
622	172522000	TRUE
623	173019008	TRUE
624	173516000	TRUE
625	174012992	TRUE
626	174510000	TRUE
627	175007008	TRUE
628	175504000	TRUE
629	176000992	TRUE
630	176504992	TRUE
631	177008992	TRUE
632	177512992	TRUE
633	178016992	TRUE
634	178520992	TRUE
635	179024992	TRUE
636	179528992	TRUE
637	180032992	TRUE
638	180536992	TRUE
639	181040992	TRUE
640	181544992	TRUE
641	182056000	TRUE
642	182567008	TRUE
643	183078000	TRUE
644	183588992	TRUE
645	184100000	TRUE
646	184611008	TRUE
647	185122000	TRUE
648	185632992	TRUE
649	186144000	TRUE
650	186655008	TRUE
651	187166000	TRUE
652	187684000	TRUE
653	188202000	TRUE
654	188720000	TRUE
655	189238000	TRUE
656	189756000	TRUE
657	190274000	TRUE
658	190792000	TRUE
659	191310000	TRUE
660	191828000	TRUE
661	192346000	TRUE
662	192864000	TRUE
663	193388992	TRUE
664	193914000	TRUE
665	194439008	TRUE
666	194964000	TRUE
667	195488992	TRUE
668	196014000	TRUE
669	196539008	TRUE
670	197064000	TRUE
671	197588992	TRUE
672	198114000	TRUE
673	198639008	TRUE
674	199164000	TRUE
675	199696000	TRUE
676	200228000	TRUE
677	200760000	TRUE
678	201292000	TRUE
679	201824000	TRUE
680	202356000	TRUE
681	202888000	TRUE
682	203420000	TRUE
683	203952000	TRUE
684	204484000	TRUE
685	205016000	TRUE
686	205555008	TRUE
687	206094000	TRUE
688	206632992	TRUE
689	207172000	TRUE
690	207711008	TRUE
691	208250000	TRUE
692	208788992	TRUE
693	209328000	TRUE
694	209867008	TRUE
695	210406000	TRUE
696	210944992	TRUE
697	211491008	TRUE
698	212036992	TRUE
699	212583008	TRUE
700	213128992	TRUE
701	213675008	TRUE
702	214220992	TRUE
703	214767008	TRUE
704	215312992	TRUE
705	215859008	TRUE
706	216404992	TRUE
707	216951008	TRUE
708	217504000	TRUE
709	218056992	TRUE
710	218610000	TRUE
711	219163008	TRUE
712	219716000	TRUE
713	220268992	TRUE
714	220822000	TRUE
715	221375008	TRUE
716	221928000	TRUE
717	222480992	TRUE
718	223034000	TRUE
719	223587008	TRUE
720	224147008	TRUE
721	224707008	TRUE
722	225267008	TRUE
723	225827008	TRUE
724	226387008	TRUE
725	226947008	TRUE
726	227507008	TRUE
727	228067008	TRUE
728	228627008	TRUE
729	229187008	TRUE
730	229747008	TRUE
731	230314000	TRUE
732	230880992	TRUE
733	231448000	TRUE
734	232015008	TRUE
735	232582000	TRUE
736	233148992	TRUE
737	233716000	TRUE
738	234283008	TRUE
739	234850000	TRUE
740	235416992	TRUE
741	235984000	TRUE
742	236551008	TRUE
743	237124992	TRUE
744	237699008	TRUE
745	238272992	TRUE
746	238847008	TRUE
747	239420992	TRUE
748	239995008	TRUE
749	240568992	TRUE
750	241143008	TRUE
751	241716992	TRUE
752	242291008	TRUE
753	242864992	TRUE
754	243446000	TRUE
755	244027008	TRUE
756	244608000	TRUE
757	245188992	TRUE
758	245770000	TRUE
759	246351008	TRUE
760	246932000	TRUE
761	247512992	TRUE
762	248094000	TRUE
763	248675008	TRUE
764	249256000	TRUE
765	249836992	TRUE
766	250424992	TRUE
767	251012992	TRUE
768	251600992	TRUE
769	252188992	TRUE
770	252776992	TRUE
771	253364992	TRUE
772	253952992	TRUE
773	254540992	TRUE
774	255128992	TRUE
775	255716992	TRUE
776	256304992	TRUE
777	256900000	TRUE
778	257495008	TRUE
779	258090000	TRUE
780	258684992	TRUE
781	259280000	TRUE
782	259875008	TRUE
783	260470000	TRUE
784	261064992	TRUE
785	261660000	TRUE
786	262255008	TRUE
787	262850000	TRUE
788	263444992	TRUE
789	264047008	TRUE
790	264648992	TRUE
791	265251008	TRUE
792	265852992	TRUE
793	266455008	TRUE
794	267056992	TRUE
795	267659008	TRUE
796	268260992	TRUE
797	268863008	TRUE
798	269464992	TRUE
799	270067008	TRUE
800	270676000	TRUE
801	271284992	TRUE
802	271894016	TRUE
803	272503008	TRUE
804	273112000	TRUE
805	273720992	TRUE
806	274329984	TRUE
807	274939008	TRUE
808	275548000	TRUE
809	276156992	TRUE
810	276766016	TRUE
811	277375008	TRUE
812	277991008	TRUE
813	278607008	TRUE
814	279223008	TRUE
815	279839008	TRUE
816	280455008	TRUE
817	281071008	TRUE
818	281687008	TRUE
819	282303008	TRUE
820	282919008	TRUE
821	283535008	TRUE
822	284151008	TRUE
823	284767008	TRUE
824	285390016	TRUE
825	286012992	TRUE
826	286636000	TRUE
827	287259008	TRUE
828	287881984	TRUE
829	288504992	TRUE
830	289128000	TRUE
831	289751008	TRUE
832	290374016	TRUE
833	290996992	TRUE
834	291620000	TRUE
835	292249984	TRUE
836	292880000	TRUE
837	293510016	TRUE
838	294140000	TRUE
839	294769984	TRUE
840	295400000	TRUE
841	296030016	TRUE
842	296660000	TRUE
843	297289984	TRUE
844	297920000	TRUE
845	298550016	TRUE
846	299180000	TRUE
847	299816992	TRUE
848	300454016	TRUE
849	301091008	TRUE
850	301728000	TRUE
851	302364992	TRUE
852	303001984	TRUE
853	303639008	TRUE
854	304276000	TRUE
855	304912992	TRUE
856	305550016	TRUE
857	306187008	TRUE
858	306824000	TRUE
859	307468000	TRUE
860	308112000	TRUE
861	308756000	TRUE
862	309400000	TRUE
863	310044000	TRUE
864	310688000	TRUE
865	311332000	TRUE
866	311976000	TRUE
867	312620000	TRUE
868	313264000	TRUE
869	313908000	TRUE
870	314552000	TRUE
871	315203008	TRUE
872	315854016	TRUE
873	316504992	TRUE
874	317156000	TRUE
875	317807008	TRUE
876	318457984	TRUE
877	319108992	TRUE
878	319760000	TRUE
879	320411008	TRUE
880	321062016	TRUE
881	321712992	TRUE
882	322364000	TRUE
883	323022016	TRUE
884	323680000	TRUE
885	324337984	TRUE
886	324996000	TRUE
887	325654016	TRUE
888	326312000	TRUE
889	326969984	TRUE
890	327628000	TRUE
891	328286016	TRUE
892	328944000	TRUE
893	329601984	TRUE
894	330267008	TRUE
895	330932000	TRUE
896	331596992	TRUE
897	332262016	TRUE
898	332927008	TRUE
899	333592000	TRUE
900	334256992	TRUE
901	334921984	TRUE
902	335587008	TRUE
903	336252000	TRUE
904	336916992	TRUE
905	337582016	TRUE
906	338254016	TRUE
907	338926016	TRUE
908	339598016	TRUE
909	340270016	TRUE
910	340942016	TRUE
911	341614016	TRUE
912	342286016	TRUE
913	342958016	TRUE
914	343630016	TRUE
915	344302016	TRUE
916	344974016	TRUE
917	345646016	TRUE
918	346324992	TRUE
919	347004000	TRUE
920	347683008	TRUE
921	348361984	TRUE
922	349040992	TRUE
923	349720000	TRUE
924	350399008	TRUE
925	351078016	TRUE
926	351756992	TRUE
927	352436000	TRUE
928	353115008	TRUE
929	353793984	TRUE
930	354480000	TRUE
931	355166016	TRUE
932	355852000	TRUE
933	356537984	TRUE
934	357224000	TRUE
935	357910016	TRUE
936	358596000	TRUE
937	359281984	TRUE
938	359968000	TRUE
939	360654016	TRUE
940	361340000	TRUE
941	362025984	TRUE
942	362719008	TRUE
943	363412000	TRUE
944	364104992	TRUE
945	364798016	TRUE
946	365491008	TRUE
947	366184000	TRUE
948	366876992	TRUE
949	367569984	TRUE
950	368263008	TRUE
951	368956000	TRUE
952	369648992	TRUE
953	370342016	TRUE
954	371041984	TRUE
955	371742016	TRUE
956	372441984	TRUE
957	373142016	TRUE
958	373841984	TRUE
959	374542016	TRUE
960	375241984	TRUE
961	375942016	TRUE
962	376641984	TRUE
963	377342016	TRUE
964	378041984	TRUE
965	378742016	TRUE
966	379448992	TRUE
967	380156000	TRUE
968	380863008	TRUE
969	381569984	TRUE
970	382276992	TRUE
971	382984000	TRUE
972	383691008	TRUE
973	384398016	TRUE
974	385104992	TRUE
975	385812000	TRUE
976	386519008	TRUE
977	387225984	TRUE
978	387940000	TRUE
979	388654016	TRUE
980	389368000	TRUE
981	390081984	TRUE
982	390796000	TRUE
983	391510016	TRUE
984	392224000	TRUE
985	392937984	TRUE
986	393652000	TRUE
987	394366016	TRUE
988	395080000	TRUE
989	395793984	TRUE
990	396508000	TRUE
991	397228992	TRUE
992	397950016	TRUE
993	398671008	TRUE
994	399392000	TRUE
995	400112992	TRUE
996	400833984	TRUE
997	401555008	TRUE
998	402276000	TRUE
999	402996992	TRUE
1000	403718016	TRUE
1001	404439008	TRUE
1002	405160000	TRUE
1003	405888000	TRUE
1004	406616000	TRUE
1005	407344000	TRUE
1006	408072000	TRUE
1007	408800000	TRUE
1008	409528000	TRUE
1009	410256000	TRUE
1010	410984000	TRUE
1011	411712000	TRUE
1012	412440000	TRUE
1013	413168000	TRUE
1014	413896000	TRUE
1015	414631008	TRUE
1016	415366016	TRUE
1017	416100992	TRUE
1018	416836000	TRUE
1019	417571008	TRUE
1020	418305984	TRUE
1021	419040992	TRUE
1022	419776000	TRUE
1023	420511008	TRUE
1024	421246016	TRUE
1025	421980992	TRUE
1026	422716000	TRUE
1027	423457984	TRUE
1028	424200000	TRUE
1029	424942016	TRUE
1030	425684000	TRUE
1031	426425984	TRUE
1032	427168000	TRUE
1033	427910016	TRUE
1034	428652000	TRUE
1035	429393984	TRUE
1036	430136000	TRUE
1037	430878016	TRUE
1038	431620000	TRUE
1039	432368992	TRUE
1040	433118016	TRUE
1041	433867008	TRUE
1042	434616000	TRUE
1043	435364992	TRUE
1044	436113984	TRUE
1045	436863008	TRUE
1046	437612000	TRUE
1047	438360992	TRUE
1048	439110016	TRUE
1049	439859008	TRUE
1050	440608000	TRUE
1051	441356992	TRUE
1052	442112992	TRUE
1053	442868992	TRUE
1054	443624992	TRUE
1055	444380992	TRUE
1056	445136992	TRUE
1057	445892992	TRUE
1058	446648992	TRUE
1059	447404992	TRUE
1060	448160992	TRUE
1061	448916992	TRUE
1062	449672992	TRUE
1063	450428992	TRUE
1064	451192000	TRUE
1065	451955008	TRUE
1066	452718016	TRUE
1067	453480992	TRUE
1068	454244000	TRUE
1069	455007008	TRUE
1070	455769984	TRUE
1071	456532992	TRUE
1072	457296000	TRUE
1073	458059008	TRUE
1074	458822016	TRUE
1075	459584992	TRUE
1076	460355008	TRUE
1077	461124992	TRUE
1078	461895008	TRUE
1079	462664992	TRUE
1080	463435008	TRUE
1081	464204992	TRUE
1082	464975008	TRUE
1083	465744992	TRUE
1084	466515008	TRUE
1085	467284992	TRUE
1086	468055008	TRUE
1087	468824992	TRUE
1088	469595008	TRUE
1089	470372000	TRUE
1090	471148992	TRUE
1091	471926016	TRUE
1092	472703008	TRUE
1093	473480000	TRUE
1094	474256992	TRUE
1095	475033984	TRUE
1096	475811008	TRUE
1097	476588000	TRUE
1098	477364992	TRUE
1099	478142016	TRUE
1100	478919008	TRUE
1101	479703008	TRUE
1102	480487008	TRUE
1103	481271008	TRUE
1104	482055008	TRUE
1105	482839008	TRUE
1106	483623008	TRUE
1107	484407008	TRUE
1108	485191008	TRUE
1109	485975008	TRUE
1110	486759008	TRUE
1111	487543008	TRUE
1112	488327008	TRUE
1113	489118016	TRUE
1114	489908992	TRUE
1115	490700000	TRUE
1116	491491008	TRUE
1117	492281984	TRUE
1118	493072992	TRUE
1119	493864000	TRUE
1120	494655008	TRUE
1121	495446016	TRUE
1122	496236992	TRUE
1123	497028000	TRUE
1124	497819008	TRUE
1125	498609984	TRUE
1126	499408000	TRUE
1127	500206016	TRUE
1128	501004000	TRUE
1129	501801984	TRUE
1130	502600000	TRUE
1131	503398016	TRUE
1132	504196000	TRUE
1133	504993984	TRUE
1134	505792000	TRUE
1135	506590016	TRUE
1136	507388000	TRUE
1137	508185984	TRUE
1138	508991008	TRUE
1139	509796000	TRUE
1140	510600992	TRUE
1141	511406016	TRUE
1142	512211008	TRUE
1143	513016000	TRUE
1144	513820992	TRUE
1145	514625984	TRUE
1146	515431008	TRUE
1147	516236000	TRUE
1148	517040992	TRUE
1149	517846016	TRUE
1150	518651008	TRUE
1151	519463008	TRUE
1152	520275008	TRUE
1153	521087008	TRUE
1154	521899008	TRUE
1155	522711005	TRUE
1156	523523008	TRUE
1157	524335008	TRUE
1158	525147008	TRUE
1159	525959008	TRUE
1160	526771008	TRUE
1161	527583008	TRUE
1162	528395008	TRUE
1163	529214016	TRUE
1164	530032992	TRUE
1165	530852000	TRUE
1166	531671008	TRUE
1167	532489984	TRUE
1168	533308992	TRUE
1169	534128000	TRUE
1170	534947008	TRUE
1171	535766016	TRUE
1172	536584992	TRUE
1173	537404032	TRUE
1174	538222976	TRUE
1175	539041984	TRUE
1176	539868032	TRUE
1177	540694016	TRUE
1178	541520000	TRUE
1179	542345984	TRUE
1180	543171968	TRUE
1181	543998016	TRUE
1182	544824000	TRUE
1183	545649984	TRUE
1184	546476032	TRUE
1185	547302016	TRUE
1186	548128000	TRUE
1187	548953984	TRUE
1188	549787008	TRUE
1189	550620032	TRUE
1190	551452992	TRUE
1191	552286016	TRUE
1192	553118976	TRUE
1193	553952000	TRUE
1194	554785024	TRUE
1195	555617984	TRUE
1196	556451008	TRUE
1197	557283968	TRUE
1198	558116992	TRUE
1199	558950016	TRUE
1200	559782976	TRUE
1201	560622976	TRUE
1202	561462976	TRUE
1203	562302976	TRUE
1204	563142976	TRUE
1205	563982976	TRUE
1206	564822976	TRUE
1207	565662976	TRUE
1208	566502976	TRUE
1209	567342976	TRUE
1210	568182976	TRUE
1211	569022976	TRUE
1212	569862976	TRUE
1213	570702976	TRUE
1214	571550016	TRUE
1215	572396992	TRUE
1216	573244032	TRUE
1217	574091008	TRUE
1218	574937984	TRUE
1219	575785024	TRUE
1220	576632000	TRUE
1221	577478976	TRUE
1222	578326016	TRUE
1223	579172992	TRUE
1224	580019968	TRUE
1225	580867008	TRUE
1226	581721024	TRUE
1227	582574976	TRUE
1228	583428992	TRUE
1229	584283008	TRUE
1230	585137024	TRUE
1231	585990976	TRUE
1232	586844992	TRUE
1233	587699008	TRUE
1234	588553024	TRUE
1235	589406976	TRUE
1236	590260992	TRUE
1237	591115008	TRUE
1238	591969024	TRUE
1239	592830016	TRUE
1240	593691008	TRUE
1241	594552000	TRUE
1242	595412992	TRUE
1243	596273984	TRUE
1244	597134976	TRUE
1245	597996032	TRUE
1246	598857024	TRUE
1247	599718016	TRUE
1248	600579008	TRUE
1249	601440000	TRUE
1250	602300992	TRUE
1251	603161984	TRUE
1252	604030016	TRUE
1253	604897984	TRUE
1254	605766016	TRUE
1255	606633984	TRUE
1256	607502016	TRUE
1257	608369984	TRUE
1258	609238016	TRUE
1259	610105984	TRUE
1260	610974016	TRUE
1261	611841984	TRUE
1262	612710016	TRUE
1263	613577984	TRUE
1264	614452992	TRUE
1265	615328000	TRUE
1266	616203008	TRUE
1267	617078016	TRUE
1268	617953024	TRUE
1269	618828032	TRUE
1270	619702976	TRUE
1271	620577984	TRUE
1272	621452992	TRUE
1273	622328000	TRUE
1274	623203008	TRUE
1275	624078016	TRUE
1276	624953024	TRUE
1277	625835008	TRUE
1278	626716992	TRUE
1279	627598976	TRUE
1280	628481024	TRUE
1281	629363008	TRUE
1282	630244992	TRUE
1283	631126976	TRUE
1284	632009024	TRUE
1285	632891008	TRUE
1286	633772992	TRUE
1287	634654976	TRUE
1288	635537024	TRUE
1289	636419008	TRUE
1290	637308032	TRUE
1291	638196992	TRUE
1292	639086016	TRUE
1293	639974976	TRUE
1294	640864000	TRUE
1295	641753024	TRUE
1296	642641986	TRUE
1297	643531008	TRUE
1298	644419968	TRUE
1299	645308992	TRUE
1300	646198016	TRUE
1301	647086976	TRUE
1302	647976000	TRUE
1303	648872000	TRUE
1304	649768000	TRUE
1305	650664000	TRUE
1306	651560000	TRUE
1307	652456000	TRUE
1308	653352000	TRUE
1309	654248000	TRUE
1310	655144000	TRUE
1311	656040000	TRUE
1312	656936000	TRUE
1313	657832000	TRUE
1314	658728000	TRUE
1315	659630976	TRUE
1316	660534016	TRUE
1317	661436992	TRUE
1318	662339968	TRUE
1319	663243008	TRUE
1320	664145984	TRUE
1321	665049024	TRUE
1322	665952000	TRUE
1323	666854976	TRUE
1324	667758016	TRUE
1325	668660992	TRUE
1326	669564032	TRUE
1327	670467008	TRUE
1328	671377024	TRUE
1329	672286976	TRUE
1330	673196992	TRUE
1331	674107008	TRUE
1332	675017024	TRUE
1333	675926976	TRUE
1334	676836992	TRUE
1335	677747008	TRUE
1336	678657024	TRUE
1337	679566976	TRUE
1338	680476992	TRUE
1339	681387008	TRUE
1340	682297024	TRUE
1341	683214016	TRUE
1342	684131008	TRUE
1343	685048000	TRUE
1344	685964992	TRUE
1345	686881984	TRUE
1346	687798976	TRUE
1347	688716032	TRUE
1348	689633024	TRUE
1349	690550016	TRUE
1350	691467008	TRUE
1351	692384000	TRUE
1352	693300992	TRUE
1353	694217984	TRUE
1354	695142016	TRUE
1355	696065984	TRUE
1356	696990016	TRUE
1357	697913984	TRUE
1358	698838016	TRUE
1359	699761984	TRUE
1360	700686016	TRUE
1361	701609984	TRUE
1362	702534016	TRUE
1363	703457984	TRUE
1364	704382016	TRUE
1365	705305984	TRUE
1366	706230016	TRUE
1367	707161024	TRUE
1368	708092032	TRUE
1369	709022976	TRUE
1370	709953984	TRUE
1371	710884992	TRUE
1372	711816000	TRUE
1373	712747008	TRUE
1374	713678016	TRUE
1375	714609024	TRUE
1376	715539968	TRUE
1377	716470976	TRUE
1378	717401984	TRUE
1379	718332992	TRUE
1380	719270976	TRUE
1381	720209024	TRUE
1382	721147008	TRUE
1383	722084992	TRUE
1384	723022976	TRUE
1385	723961024	TRUE
1386	724899008	TRUE
1387	725836992	TRUE
1388	726774976	TRUE
1389	727713024	TRUE
1390	728651008	TRUE
1391	729588992	TRUE
1392	730526976	TRUE
1393	731472000	TRUE
1394	732417024	TRUE
1395	733361984	TRUE
1396	734307008	TRUE
1397	735251968	TRUE
1398	736196992	TRUE
1399	737142016	TRUE
1400	738086976	TRUE
1401	739032000	TRUE
1402	739977024	TRUE
1403	740921984	TRUE
1404	741867008	TRUE
1405	742812032	TRUE
1406	743763968	TRUE
1407	744716032	TRUE
1408	745667968	TRUE
1409	746620032	TRUE
1410	747571968	TRUE
1411	748524032	TRUE
1412	749475968	TRUE
1413	750428032	TRUE
1414	751379968	TRUE
1415	752332032	TRUE
1416	753283968	TRUE
1417	754236032	TRUE
1418	755187968	TRUE
1419	756147008	TRUE
1420	757105984	TRUE
1421	758065024	TRUE
1422	759024000	TRUE
1423	759982976	TRUE
1424	760942016	TRUE
1425	761900992	TRUE
1426	762860032	TRUE
1427	763819008	TRUE
1428	764777984	TRUE
1429	765737024	TRUE
1430	766696000	TRUE
1431	767654976	TRUE
1432	768620992	TRUE
1433	769587008	TRUE
1434	770553024	TRUE
1435	771518976	TRUE
1436	772484992	TRUE
1437	773451008	TRUE
1438	774417024	TRUE
1439	775382976	TRUE
1440	776348992	TRUE
1441	777315008	TRUE
1442	778281024	TRUE
1443	779246976	TRUE
1444	780212992	TRUE
1445	781185984	TRUE
1446	782158976	TRUE
1447	783132032	TRUE
1448	784105024	TRUE
1449	785078016	TRUE
1450	786051008	TRUE
1451	787024000	TRUE
1452	787996992	TRUE
1453	788969984	TRUE
1454	789942976	TRUE
1455	790915968	TRUE
1456	791889024	TRUE
1457	792862016	TRUE
1458	793841984	TRUE
1459	794822016	TRUE
1460	795801984	TRUE
1461	796782016	TRUE
1462	797761984	TRUE
1463	798742016	TRUE
1464	799721984	TRUE
1465	800702016	TRUE
1466	801681984	TRUE
1467	802662016	TRUE
1468	803641984	TRUE
1469	804622016	TRUE
1470	805601984	TRUE
1471	806588992	TRUE
1472	807576000	TRUE
1473	808563008	TRUE
1474	809550016	TRUE
1475	810537024	TRUE
1476	811523968	TRUE
1477	812510976	TRUE
1478	813497984	TRUE
1479	814484992	TRUE
1480	815472000	TRUE
1481	816459008	TRUE
1482	817446016	TRUE
1483	818433024	TRUE
1484	819420032	TRUE
1485	820414016	TRUE
1486	821408000	TRUE
1487	822401984	TRUE
1488	823395968	TRUE
1489	824390016	TRUE
1490	825384000	TRUE
1491	826377984	TRUE
1492	827372032	TRUE
1493	828366016	TRUE
1494	829360000	TRUE
1495	830353984	TRUE
1496	831347968	TRUE
1497	832342016	TRUE
1498	833342976	TRUE
1499	834344000	TRUE
1500	835345024	TRUE
1501	836345984	TRUE
1502	837347008	TRUE
1503	838348032	TRUE
1504	839348992	TRUE
1505	840350016	TRUE
1506	841350976	TRUE
1507	842352000	TRUE
1508	843353024	TRUE
1509	844353984	TRUE
1510	845355008	TRUE
1511	846363008	TRUE
1512	847371008	TRUE
1513	848379008	TRUE
1514	849387008	TRUE
1515	850395008	TRUE
1516	851403008	TRUE
1517	852411008	TRUE
1518	853419008	TRUE
1519	854427008	TRUE
1520	855435008	TRUE
1521	856443008	TRUE
1522	857451008	TRUE
1523	858459008	TRUE
1524	859473984	TRUE
1525	860489024	TRUE
1526	861504000	TRUE
1527	862518976	TRUE
1528	863534016	TRUE
1529	864548992	TRUE
1530	865564032	TRUE
1531	866579008	TRUE
1532	867593984	TRUE
1533	868609024	TRUE
1534	869624000	TRUE
1535	870638976	TRUE
1536	871654016	TRUE
1537	872675968	TRUE
1538	873697984	TRUE
1539	874720000	TRUE
1540	875742016	TRUE
1541	876764032	TRUE
1542	877785984	TRUE
1543	878808000	TRUE
1544	879830016	TRUE
1545	880851968	TRUE
1546	881873984	TRUE
1547	882896000	TRUE
1548	883918016	TRUE
1549	884940032	TRUE
1550	885961984	TRUE
1551	886990976	TRUE
1552	888019968	TRUE
1553	889049024	TRUE
1554	890078016	TRUE
1555	891107008	TRUE
1556	892136000	TRUE
1557	893164992	TRUE
1558	894193984	TRUE
1559	895222976	TRUE
1560	896252032	TRUE
1561	897281024	TRUE
1562	898310016	TRUE
1563	899339008	TRUE
1564	900374976	TRUE
1565	901411008	TRUE
1566	902446976	TRUE
1567	903483008	TRUE
1568	904518976	TRUE
1569	905555008	TRUE
1570	906590976	TRUE
1571	907627008	TRUE
1572	908662976	TRUE
1573	909699008	TRUE
1574	910734978	TRUE
1575	911771008	TRUE
1576	912806976	TRUE
1577	913849984	TRUE
1578	914892992	TRUE
1579	915936000	TRUE
1580	916979008	TRUE
1581	918022016	TRUE
1582	919065024	TRUE
1583	920108032	TRUE
1584	921150976	TRUE
1585	922193984	TRUE
1586	923236992	TRUE
1587	924280000	TRUE
1588	925323008	TRUE
1589	926366016	TRUE
1590	927416000	TRUE
1591	928465984	TRUE
1592	929516032	TRUE
1593	930566016	TRUE
1594	931616000	TRUE
1595	932665984	TRUE
1596	933715968	TRUE
1597	934766016	TRUE
1598	935816000	TRUE
1599	936865984	TRUE
1600	937916032	TRUE
1601	938966016	TRUE
1602	940016000	TRUE
1603	941065984	TRUE
1604	942123008	TRUE
1605	943180032	TRUE
1606	944236992	TRUE
1607	945294016	TRUE
1608	946350976	TRUE
1609	947408000	TRUE
1610	948465024	TRUE
1611	949521984	TRUE
1612	950579008	TRUE
1613	951635968	TRUE
1614	952692992	TRUE
1615	953750016	TRUE
1616	954806976	TRUE
1617	955870976	TRUE
1618	956934976	TRUE
1619	957998976	TRUE
1620	959062976	TRUE
1621	960126976	TRUE
1622	961190976	TRUE
1623	962254976	TRUE
1624	963318976	TRUE
1625	964382976	TRUE
1626	965446976	TRUE
1627	966510976	TRUE
1628	967574976	TRUE
1629	968638976	TRUE
1630	969702976	TRUE
1631	970774016	TRUE
1632	971844992	TRUE
1633	972915968	TRUE
1634	973987008	TRUE
1635	975057984	TRUE
1636	976129024	TRUE
1637	977200000	TRUE
1638	978270976	TRUE
1639	979342016	TRUE
1640	980412992	TRUE
1641	981484032	TRUE
1642	982555008	TRUE
1643	983625984	TRUE
1644	984704000	TRUE
1645	985782016	TRUE
1646	986860032	TRUE
1647	987937984	TRUE
1648	989016000	TRUE
1649	990094016	TRUE
1650	991171968	TRUE
1651	992249984	TRUE
1652	993328000	TRUE
1653	994406016	TRUE
1654	995484032	TRUE
1655	996561984	TRUE
1656	997640000	TRUE
1657	998724992	TRUE
1658	999809984	TRUE
1659	1000894976	TRUE
1660	1001980032	TRUE
1661	1003065024	TRUE
1662	1004150016	TRUE
1663	1005235008	TRUE
1664	1006320000	TRUE
1665	1007404992	TRUE
1666	1008489984	TRUE
1667	1009574976	TRUE
1668	1010659968	TRUE
1669	1011745024	TRUE
1670	1012830016	TRUE
1671	1013921984	TRUE
1672	1015014016	TRUE
1673	1016105984	TRUE
1674	1017198016	TRUE
1675	1018289984	TRUE
1676	1019382016	TRUE
1677	1020473984	TRUE
1678	1021566016	TRUE
1679	1022657984	TRUE
1680	1023750016	TRUE
1681	1024841984	TRUE
1682	1025934016	TRUE
1683	1027025984	TRUE
1684	1028124992	TRUE
1685	1029224000	TRUE
1686	1030323008	TRUE
1687	1031422016	TRUE
1688	1032521024	TRUE
1689	1033619968	TRUE
1690	1034718976	TRUE
1691	1035817984	TRUE
1692	1036916992	TRUE
1693	1038016000	TRUE
1694	1039115008	TRUE
1695	1040214016	TRUE
1696	1041313024	TRUE
1697	1042412032	TRUE
1698	1043518016	TRUE
1699	1044624000	TRUE
1700	1045729987	TRUE
1701	1046835968	TRUE
1702	1047942016	TRUE
1703	1049048000	TRUE
1704	1050153984	TRUE
1705	1051260032	TRUE
1706	1052366016	TRUE
1707	1053472000	TRUE
1708	1054577984	TRUE
1709	1055683968	TRUE
1710	1056790016	TRUE
1711	1057902976	TRUE
1712	1059016000	TRUE
1713	1060129024	TRUE
1714	1061241984	TRUE
1715	1062355008	TRUE
1716	1063468032	TRUE
1717	1064580992	TRUE
1718	1065694016	TRUE
1719	1066806976	TRUE
1720	1067920000	TRUE
1721	1069033024	TRUE
1722	1070145984	TRUE
1723	1071259008	TRUE
1724	1072371968	TRUE
1725	1073491968	TRUE
1726	1074611968	TRUE
1727	1075731968	TRUE
1728	1076851968	TRUE
1729	1077971968	TRUE
1730	1079091968	TRUE
1731	1080211968	TRUE
1732	1081331968	TRUE
1733	1082451968	TRUE
1734	1083571968	TRUE
1735	1084691968	TRUE
1736	1085811968	TRUE
1737	1086931968	TRUE
1738	1088051968	TRUE
1739	1089179008	TRUE
1740	1090306048	TRUE
1741	1091432960	TRUE
1742	1092560000	TRUE
1743	1093687040	TRUE
1744	1094813952	TRUE
1745	1095940992	TRUE
1746	1097068032	TRUE
1747	1098194944	TRUE
1748	1099321984	TRUE
1749	1100449024	TRUE
1750	1101575936	TRUE
1751	1102702976	TRUE
1752	1103837056	TRUE
1753	1104971008	TRUE
1754	1106104960	TRUE
1755	1107239040	TRUE
1756	1108372992	TRUE
1757	1109506944	TRUE
1758	1110641024	TRUE
1759	1111774976	TRUE
1760	1112909056	TRUE
1761	1114043008	TRUE
1762	1115176960	TRUE
1763	1116311040	TRUE
1764	1117444992	TRUE
1765	1118578944	TRUE
1766	1119719936	TRUE
1767	1120861056	TRUE
1768	1122002048	TRUE
1769	1123143040	TRUE
1770	1124284032	TRUE
1771	1125425024	TRUE
1772	1126566016	TRUE
1773	1127707008	TRUE
1774	1128848000	TRUE
1775	1129988992	TRUE
1776	1131129984	TRUE
1777	1132270976	TRUE
1778	1133411968	TRUE
1779	1134560000	TRUE
1780	1135708032	TRUE
1781	1136856064	TRUE
1782	1138003968	TRUE
1783	1139152000	TRUE
1784	1140300032	TRUE
1785	1141447936	TRUE
1786	1142595968	TRUE
1787	1143744000	TRUE
1788	1144892032	TRUE
1789	1146040064	TRUE
1790	1147187968	TRUE
1791	1148336000	TRUE
1792	1149484032	TRUE
1793	1150638976	TRUE
1794	1151794048	TRUE
1795	1152948992	TRUE
1796	1154104064	TRUE
1797	1155259008	TRUE
1798	1156413952	TRUE
1799	1157569024	TRUE
1800	1158723968	TRUE
1801	1159879040	TRUE
1802	1161033984	TRUE
1803	1162189056	TRUE
1804	1163344000	TRUE
1805	1164498944	TRUE
1806	1165654016	TRUE
1807	1166816000	TRUE
1808	1167977984	TRUE
1809	1169139968	TRUE
1810	1170301952	TRUE
1811	1171463936	TRUE
1812	1172626048	TRUE
1813	1173788032	TRUE
1814	1174950016	TRUE
1815	1176112000	TRUE
1816	1177273984	TRUE
1817	1178435968	TRUE
1818	1179597952	TRUE
1819	1180760064	TRUE
1820	1181928960	TRUE
1821	1183097984	TRUE
1822	1184267008	TRUE
1823	1185436032	TRUE
1824	1186605056	TRUE
1825	1187773952	TRUE
1826	1188942976	TRUE
1827	1190112000	TRUE
1828	1191281024	TRUE
1829	1192450048	TRUE
1830	1193618944	TRUE
1831	1194787968	TRUE
1832	1195956992	TRUE
1833	1197126016	TRUE
1834	1198301952	TRUE
1835	1199478016	TRUE
1836	1200653952	TRUE
1837	1201830016	TRUE
1838	1203005952	TRUE
1839	1204182016	TRUE
1840	1205357952	TRUE
1841	1206534016	TRUE
1842	1207709952	TRUE
1843	1208886016	TRUE
1844	1210061952	TRUE
1845	1211238016	TRUE
1846	1212413952	TRUE
1847	1213590016	TRUE
1848	1214772992	TRUE
1849	1215955968	TRUE
1850	1217138944	TRUE
1851	1218322048	TRUE
1852	1219505024	TRUE
1853	1220688000	TRUE
1854	1221870976	TRUE
1855	1223053952	TRUE
1856	1224237056	TRUE
1857	1225420032	TRUE
1858	1226603008	TRUE
1859	1227785984	TRUE
1860	1228968960	TRUE
1861	1230151936	TRUE
1862	1231341952	TRUE
1863	1232531968	TRUE
1864	1233721984	TRUE
1865	1234912000	TRUE
1866	1236102016	TRUE
1867	1237292032	TRUE
1868	1238482048	TRUE
1869	1239672064	TRUE
1870	1240861952	TRUE
1871	1242051968	TRUE
1872	1243241984	TRUE
1873	1244432000	TRUE
1874	1245622016	TRUE
1875	1246818944	TRUE
1876	1248016000	TRUE
1877	1249213056	TRUE
1878	1250409984	TRUE
1879	1251607040	TRUE
1880	1252803968	TRUE
1881	1254001024	TRUE
1882	1255197952	TRUE
1883	1256395008	TRUE
1884	1257592064	TRUE
1885	1258788992	TRUE
1886	1259986048	TRUE
1887	1261182976	TRUE
1888	1262380032	TRUE
1889	1263584000	TRUE
1890	1264787968	TRUE
1891	1265991936	TRUE
1892	1267196032	TRUE
1893	1268400000	TRUE
1894	1269603968	TRUE
1895	1270808064	TRUE
1896	1272012032	TRUE
1897	1273216000	TRUE
1898	1274419968	TRUE
1899	1275623936	TRUE
1900	1276828032	TRUE
1901	1278032000	TRUE
1902	1279235968	TRUE
1903	1280446976	TRUE
1904	1281657984	TRUE
1905	1282868992	TRUE
1906	1284080000	TRUE
1907	1285291008	TRUE
1908	1286502016	TRUE
1909	1287713024	TRUE
1910	1288924032	TRUE
1911	1290135040	TRUE
1912	1291346048	TRUE
1913	1292557056	TRUE
1914	1293767936	TRUE
1915	1294978944	TRUE
1916	1296189952	TRUE
1917	1297408000	TRUE
1918	1298626048	TRUE
1919	1299843968	TRUE
1920	1301062016	TRUE
1921	1302279936	TRUE
1922	1303497948	TRUE
1923	1304716032	TRUE
1924	1305933952	TRUE
1925	1307152000	TRUE
1926	1308370048	TRUE
1927	1309587968	TRUE
1928	1310806016	TRUE
1929	1312024064	TRUE
1930	1313241984	TRUE
1931	1314466944	TRUE
1932	1315692032	TRUE
1933	1316916992	TRUE
1934	1318141952	TRUE
1935	1319367040	TRUE
1936	1320592000	TRUE
1937	1321816960	TRUE
1938	1323042048	TRUE
1939	1324267008	TRUE
1940	1325491968	TRUE
1941	1326717056	TRUE
1942	1327942016	TRUE
1943	1329166976	TRUE
1944	1330392064	TRUE
1945	1331623936	TRUE
1946	1332856064	TRUE
1947	1334087936	TRUE
1948	1335320064	TRUE
1949	1336551936	TRUE
1950	1337784064	TRUE
1951	1339015936	TRUE
1952	1340248064	TRUE
1953	1341479936	TRUE
1954	1342712064	TRUE
1955	1343943936	TRUE
1956	1345176064	TRUE
1957	1346407936	TRUE
1958	1347646976	TRUE
1959	1348886016	TRUE
1960	1350125056	TRUE
1961	1351363968	TRUE
1962	1352603008	TRUE
1963	1353842048	TRUE
1964	1355080960	TRUE
1965	1356320000	TRUE
1966	1357559040	TRUE
1967	1358797952	TRUE
1968	1360036992	TRUE
1969	1361276032	TRUE
1970	1362514944	TRUE
1971	1363753984	TRUE
1972	1364999936	TRUE
1973	1366246016	TRUE
1974	1367491968	TRUE
1975	1368738048	TRUE
1976	1369984000	TRUE
1977	1371229952	TRUE
1978	1372476032	TRUE
1979	1373721984	TRUE
1980	1374968064	TRUE
1981	1376214016	TRUE
1982	1377459968	TRUE
1983	1378706048	TRUE
1984	1379952000	TRUE
1985	1381197952	TRUE
1986	1382450944	TRUE
1987	1383704064	TRUE
1988	1384957056	TRUE
1989	1386210048	TRUE
1990	1387463040	TRUE
1991	1388716032	TRUE
1992	1389969024	TRUE
1993	1391222016	TRUE
1994	1392475008	TRUE
1995	1393728000	TRUE
1996	1394980992	TRUE
1997	1396233984	TRUE
1998	1397486976	TRUE
1999	1398739968	TRUE
2000	1400000000	TRUE