Level	Power	Power (Calculated)	Upgrade	Forge Hammer
1	2,500	2,500	1 » 2	5
2	5,000	5,000	2 » 3	5
3	7,500	7,500	3 » 4	5
4	10,000	10,000	4 » 5	10
5	15,000	15,000	5 » 6	10
6	20,000	20,000	6 » 7	10
7	25,000	25,000	7 » 8	10
8	30,000	30,000	8 » 9	15
9	37,500	37,500	9 » 10	15
10	45,000	45,000	10 » 11	15
11	52,500	52,500	11 » 12	15
12	60,000	60,000	12 » 13	15
13	67,500	67,500	13 » 14	20
14	77,500	77,500	14 » 15	20
15	87,500	87,500	15 » 16	20
16	97,500	97,500	16 » 17	20
17	107,500	107,500	17 » 18	20
18	117,500	117,500	18 » 19	25
19	130,000	130,000	19 » 20	25
20	142,500	142,500	20 » 21	25
21	155,000	155,000	21 » 22	25
22	167,500	167,500	22 » 23	25
23	180,000	180,000	23 » 24	25
24	192,500	192,500	24 » 25	30
25	207,500	207,500	25 » 26	30
26	222,500	222,500	26 » 27	30
27	237,500	237,500	27 » 28	30
28	252,500	252,500	28 » 29	30
29	267,500	267,500	29 » 30	35
30	285,000	285,000	30 » 31	35
31	302,500	302,500	31 » 32	35
32	320,000	320,000	32 » 33	35
33	337,500	337,500	33 » 34	35
34	355,000	355,000	34 » 35	35
35	372,500	372,500	35 » 36	40
36	392,500	392,500	36 » 37	40
37	412,500	412,500	37 » 38	40
38	432,500	432,500	38 » 39	40
39	452,500	452,500	39 » 40	40
40	472,500	472,500	40 » 41	45
41	495,000	495,000	41 » 42	45
42	517,500	517,500	42 » 43	45
43	540,000	540,000	43 » 44	45
44	562,500	562,500	44 » 45	45
45	585,000	585,000	45 » 46	45
46	607,500	607,500	46 » 47	50
47	632,500	632,500	47 » 48	50
48	657,500	657,500	48 » 49	50
49	682,500	682,500	49 » 50	50
50	707,500	707,500	50 » 51	50
51	732,500	732,500	51 » 52	50
52	757,500	757,500	52 » 53	55
53	785,000	785,000	53 » 54	55
54	812,500	812,500	54 » 55	55
55	840,000	840,000	55 » 56	55
56	867,500	867,500	56 » 57	55
57	895,000	895,000	57 » 58	55
58	922,500	922,500	58 » 59	60
59	952,500	952,500	59 » 60	60
60	982,500	982,500	60 » 61	60
61	1,012,500	1,012,500	61 » 62	60
62	1,042,500	1,042,500	62 » 63	60
63	1,072,500	1,072,500	63 » 64	60
64	1,102,500	1,102,500	64 » 65	65
65	1,135,000	1,135,000	65 » 66	65
66	1,167,500	1,167,500	66 » 67	65
67	1,200,000	1,200,000	67 » 68	65
68	1,232,500	1,232,500	68 » 69	65
69	1,265,000	1,265,000	69 » 70	65
70	1,297,500	1,297,500	70 » 71	70
71	1,332,500	1,332,500	71 » 72	70
72	1,367,500	1,367,500	72 » 73	70
73	1,402,500	1,402,500	73 » 74	70
74	1,437,500	1,437,500	74 » 75	70
75	1,472,500	1,472,500	75 » 76	70
76	1,507,500	1,507,500	76 » 77	75
77	1,545,000	1,545,000	77 » 78	75
78	1,582,500	1,582,500	78 » 79	75
79	1,620,000	1,620,000	79 » 80	75
80	1,657,500	1,657,500	80 » 81	75
81	1,695,000	1,695,000	81 » 82	75
82	1,732,500	1,732,500	82 » 83	80
83	1,772,500	1,772,500	83 » 84	80
84	1,812,500	1,812,500	84 » 85	80
85	1,852,500	1,852,500	85 » 86	80
86	1,892,500	1,892,500	86 » 87	80
87	1,932,500	1,932,500	87 » 88	80
88	1,972,500	1,972,500	88 » 89	85
89	2,015,000	2,015,000	89 » 90	85
90	2,057,500	2,057,500	90 » 91	85
91	2,100,000	2,100,000	91 » 92	85
92	2,142,500	2,142,500	92 » 93	85
93	2,185,000	2,185,000	93 » 94	85
94	2,227,500	2,227,500	94 » 95	90
95	2,272,500	2,272,500	95 » 96	90
96	2,317,500	2,317,500	96 » 97	90
97	2,362,500	2,362,500	97 » 98	90
98	2,407,500	2,407,500	98 » 99	90
99	2,452,500	2,452,500	99 » 100	90
100	2,497,500	2,497,500	100 » 101	95
101	2,545,000	2,545,000	101 » 102	95
102	2,592,500	2,592,500	102 » 103	95
103	2,640,000	2,640,000	103 » 104	95
104	2,687,500	2,687,500	104 » 105	95
105	2,735,000	2,735,000	105 » 106	95
106	2,782,500	2,782,500	106 » 107	95
107	2,830,000	2,830,000	107 » 108	100
108	2,880,000	2,880,000	108 » 109	100
109	2,930,000	2,930,000	109 » 110	100
110	2,980,000	2,980,000	110 » 111	100
111	3,030,000	3,030,000	111 » 112	100
112	3,080,000	3,080,000	112 » 113	100
113	3,130,000	3,130,000	113 » 114	105
114	3,182,500	3,182,500	114 » 115	105
115	3,235,000	3,235,000	115 » 116	105
116	3,287,500	3,287,500	116 » 117	105
117	3,340,000	3,340,000	117 » 118	105
118	3,392,500	3,392,500	118 » 119	105
119	3,445,000	3,445,000	119 » 120	110
120	3,500,000	3,500,000	120 » 121	110
121	3,555,000	3,555,000	121 » 122	110
122	3,610,000	3,610,000	122 » 123	110
123	3,665,000	3,665,000	123 » 124	110
124	3,720,000	3,720,000	124 » 125	110
125	3,775,000	3,775,000	125 » 126	115
126	3,832,500	3,832,500	126 » 127	115
127	3,890,000	3,890,000	127 » 128	115
128	3,947,500	3,947,500	128 » 129	115
129	4,005,000	4,005,000	129 » 130	115
130	4,062,500	4,062,500	130 » 131	115
131	4,120,000	4,120,000	131 » 132	115
132	4,177,500	4,177,500	132 » 133	120
133	4,237,500	4,237,500	133 » 134	120
134	4,297,500	4,297,500	134 » 135	120
135	4,357,500	4,357,500	135 » 136	120
136	4,417,500	4,417,500	136 » 137	120
137	4,477,500	4,477,500	137 » 138	120
138	4,537,500	4,537,500	138 » 139	125
139	4,600,000	4,600,000	139 » 140	125
140	4,662,500	4,662,500	140 » 141	125
141	4,725,000	4,725,000	141 » 142	125
142	4,787,500	4,787,500	142 » 143	125
143	4,850,000	4,850,000	143 » 144	125
144	4,912,500	4,912,500	144 » 145	125
145	4,975,000	4,975,000	145 » 146	130
146	5,040,000	5,040,000	146 » 147	130
147	5,105,000	5,105,000	147 » 148	130
148	5,170,000	5,170,000	148 » 149	130
149	5,235,000	5,235,000	149 » 150	130
150	5,300,000	5,300,000	150 » 151	130
151	5,365,000	5,365,000	151 » 152	135
152	5,432,500	5,432,500	152 » 153	135
153	5,500,000	5,500,000	153 » 154	135
154	5,567,500	5,567,500	154 » 155	135
155	5,635,000	5,635,000	155 » 156	135
156	5,702,500	5,702,500	156 » 157	135
157	5,770,000	5,770,000	157 » 158	135
158	5,837,500	5,837,500	158 » 159	140
159	5,907,500	5,907,500	159 » 160	140
160	5,977,500	5,977,500	160 » 161	140
161	6,047,500	6,047,500	161 » 162	140
162	6,117,500	6,117,500	162 » 163	140
163	6,187,500	6,187,500	163 » 164	140
164	6,257,500	6,257,500	164 » 165	145
165	6,330,000	6,330,000	165 » 166	145
166	6,402,500	6,402,500	166 » 167	145
167	6,475,000	6,475,000	167 » 168	145
168	6,547,500	6,547,500	168 » 169	145
169	6,620,000	6,620,000	169 » 170	145
170	6,692,500	6,692,500	170 » 171	145
171	6,765,000	6,765,000	171 » 172	150
172	6,840,000	6,840,000	172 » 173	150
173	6,915,000	6,915,000	173 » 174	150
174	6,990,000	6,990,000	174 » 175	150
175	7,065,000	7,065,000	175 » 176	150
176	7,140,000	7,140,000	176 » 177	150
177	7,215,000	7,215,000	177 » 178	155
178	7,292,500	7,292,500	178 » 179	155
179	7,370,000	7,370,000	179 » 180	155
180	7,447,500	7,447,500	180 » 181	155
181	7,525,000	7,525,000	181 » 182	155
182	7,602,500	7,602,500	182 » 183	155
183	7,680,000	7,680,000	183 » 184	155
184	7,757,500	7,757,500	184 » 185	160
185	7,837,500	7,837,500	185 » 186	160
186	7,917,500	7,917,500	186 » 187	160
187	7,997,500	7,997,500	187 » 188	160
188	8,077,500	8,077,500	188 » 189	160
189	8,157,500	8,157,500	189 » 190	160
190	8,237,500	8,237,500	190 » 191	160
191	8,317,500	8,317,500	191 » 192	165
192	8,400,000	8,400,000	192 » 193	165
193	8,482,500	8,482,500	193 » 194	165
194	8,565,000	8,565,000	194 » 195	165
195	8,647,500	8,647,500	195 » 196	165
196	8,730,000	8,730,000	196 » 197	165
197	8,812,500	8,812,500	197 » 198	170
198	8,897,500	8,897,500	198 » 199	170
199	8,982,500	8,982,500	199 » 200	170
200	9,067,500	9,067,500	200 » 201	170
201	9,152,500	9,152,500	201 » 202	170
202	9,237,500	9,237,500	202 » 203	170
203	9,322,500	9,322,500	203 » 204	170
204	9,407,500	9,407,500	204 » 205	175
205	9,495,000	9,495,000	205 » 206	175
206	9,582,500	9,582,500	206 » 207	175
207	9,670,000	9,670,000	207 » 208	175
208	9,757,500	9,757,500	208 » 209	175
209	9,845,000	9,845,000	209 » 210	175
210	9,932,500	9,932,500	210 » 211	175
211	10,020,000	10,020,000	211 » 212	180
212	10,110,000	10,110,000	212 » 213	180
213	10,200,000	10,200,000	213 » 214	180
214	10,290,000	10,290,000	214 » 215	180
215	10,380,000	10,380,000	215 » 216	180
216	10,470,000	10,470,000	216 » 217	180
217	10,560,000	10,560,000	217 » 218	185
218	10,652,500	10,652,500	218 » 219	185
219	10,745,000	10,745,000	219 » 220	185
220	10,837,500	10,837,500	220 » 221	185
221	10,930,000	10,930,000	221 » 222	185
222	11,022,500	11,022,500	222 » 223	185
223	11,115,000	11,115,000	223 » 224	185
224	11,207,500	11,207,500	224 » 225	190
225	11,302,500	11,302,500	225 » 226	190
226	11,397,500	11,397,500	226 » 227	190
227	11,492,500	11,492,500	227 » 228	190
228	11,587,500	11,587,500	228 » 229	190
229	11,682,500	11,682,500	229 » 230	190
230	11,777,500	11,777,500	230 » 231	190
231	11,872,500	11,872,500	231 » 232	195
232	11,970,000	11,970,000	232 » 233	195
233	12,067,500	12,067,500	233 » 234	195
234	12,165,000	12,165,000	234 » 235	195
235	12,262,500	12,262,500	235 » 236	195
236	12,360,000	12,360,000	236 » 237	195
237	12,457,500	12,457,500	237 » 238	200
238	12,557,500	12,557,500	238 » 239	200
239	12,657,500	12,657,500	239 » 240	200
240	12,757,500	12,757,500	240 » 241	200
241	12,857,500	12,857,500	241 » 242	200
242	12,957,500	12,957,500	242 » 243	200
243	13,057,500	13,057,500	243 » 244	200
244	13,157,500	13,157,500	244 » 245	205
245	13,260,000	13,260,000	245 » 246	205
246	13,362,500	13,362,500	246 » 247	205
247	13,465,000	13,465,000	247 » 248	205
248	13,567,500	13,567,500	248 » 249	205
249	13,670,000	13,670,000	249 » 250	205
250	13,772,500	13,772,500	250 » 251	205
251	13,875,000	13,875,000	251 » 252	210
252	13,980,000	13,980,000	252 » 253	210
253	14,085,000	14,085,000	253 » 254	210
254	14,190,000	14,190,000	254 » 255	210
255	14,295,000	14,295,000	255 » 256	210
256	14,400,000	14,400,000	256 » 257	210
257	14,505,000	14,505,000	257 » 258	210
258	14,610,000	14,610,000	258 » 259	215
259	14,717,500	14,717,500	259 » 260	215
260	14,825,000	14,825,000	260 » 261	215
261	14,932,500	14,932,500	261 » 262	215
262	15,040,000	15,040,000	262 » 263	215
263	15,147,500	15,147,500	263 » 264	215
264	15,255,000	15,255,000	264 » 265	215
265	15,362,500	15,362,500	265 » 266	220
266	15,472,500	15,472,500	266 » 267	220
267	15,582,500	15,582,500	267 » 268	220
268	15,692,500	15,692,500	268 » 269	220
269	15,802,500	15,802,500	269 » 270	220
270	15,912,500	15,912,500	270 » 271	220
271	16,022,500	16,022,500	271 » 272	220
272	16,132,500	16,132,500	272 » 273	225
273	16,245,000	16,245,000	273 » 274	225
274	16,357,500	16,357,500	274 » 275	225
275	16,470,000	16,470,000	275 » 276	225
276	16,582,500	16,582,500	276 » 277	225
277	16,695,000	16,695,000	277 » 278	225
278	16,807,500	16,807,500	278 » 279	230
279	16,922,500	16,922,500	279 » 280	230
280	17,037,500	17,037,500	280 » 281	230
281	17,152,500	17,152,500	281 » 282	230
282	17,267,500	17,267,500	282 » 283	230
283	17,382,500	17,382,500	283 » 284	230
284	17,497,500	17,497,500	284 » 285	230
285	17,612,500	17,612,500	285 » 286	235
286	17,730,000	17,730,000	286 » 287	235
287	17,847,500	17,847,500	287 » 288	235
288	17,965,000	17,965,000	288 » 289	235
289	18,082,500	18,082,500	289 » 290	235
290	18,200,000	18,200,000	290 » 291	235
291	18,317,500	18,317,500	291 » 292	235
292	18,435,000	18,435,000	292 » 293	240
293	18,555,000	18,555,000	293 » 294	240
294	18,675,000	18,675,000	294 » 295	240
295	18,795,000	18,795,000	295 » 296	240
296	18,915,000	18,915,000	296 » 297	240
297	19,035,000	19,035,000	297 » 298	240
298	19,155,000	19,155,000	298 » 299	240
299	19,275,000	19,275,000	299 » 300	245
300	19,397,500	19,397,500	300 » 301	245
301	19,520,000	19,520,000	301 » 302	245
302	19,642,500	19,642,500	302 » 303	245
303	19,765,000	19,765,000	303 » 304	245
304	19,887,500	19,887,500	304 » 305	245
305	20,010,000	20,010,000	305 » 306	245
306	20,132,500	20,132,500	306 » 307	250
307	20,257,500	20,257,500	307 » 308	250
308	20,382,500	20,382,500	308 » 309	250
309	20,507,500	20,507,500	309 » 310	250
310	20,632,500	20,632,500	310 » 311	250
311	20,757,500	20,757,500	311 » 312	250
312	20,882,500	20,882,500	312 » 313	250
313	21,007,500	21,007,500	313 » 314	255
314	21,135,000	21,135,000	314 » 315	255
315	21,262,500	21,262,500	315 » 316	255
316	21,390,000	21,390,000	316 » 317	255
317	21,517,500	21,517,500	317 » 318	255
318	21,645,000	21,645,000	318 » 319	255
319	21,772,500	21,772,500	319 » 320	255
320	21,900,000	21,900,000	320 » 321	260
321	22,030,000	22,030,000	321 » 322	260
322	22,160,000	22,160,000	322 » 323	260
323	22,290,000	22,290,000	323 » 324	260
324	22,420,000	22,420,000	324 » 325	260
325	22,550,000	22,550,000	325 » 326	260
326	22,680,000	22,680,000	326 » 327	260
327	22,810,000	22,810,000	327 » 328	265
328	22,942,500	22,942,500	328 » 329	265
329	23,075,000	23,075,000	329 » 330	265
330	23,207,500	23,207,500	330 » 331	265
331	23,340,000	23,340,000	331 » 332	265
332	23,472,500	23,472,500	332 » 333	265
333	23,605,000	23,605,000	333 » 334	265
334	23,737,500	23,737,500	334 » 335	270
335	23,872,500	23,872,500	335 » 336	270
336	24,007,500	24,007,500	336 » 337	270
337	24,142,500	24,142,500	337 » 338	270
338	24,277,500	24,277,500	338 » 339	270
339	24,412,500	24,412,500	339 » 340	270
340	24,547,500	24,547,500	340 » 341	270
341	24,682,500	24,682,500	341 » 342	275
342	24,820,000	24,820,000	342 » 343	275
343	24,957,500	24,957,500	343 » 344	275
344	25,095,000	25,095,000	344 » 345	275
345	25,232,500	25,232,500	345 » 346	275
346	25,370,000	25,370,000	346 » 347	275
347	25,507,500	25,507,500	347 » 348	275
348	25,645,000	25,645,000	348 » 349	280
349	25,785,000	25,785,000	349 » 350	280
350	25,925,000	25,925,000	350 » 351	280
351	26,065,000	26,065,000	351 » 352	280
352	26,205,000	26,205,000	352 » 353	280
353	26,345,000	26,345,000	353 » 354	280
354	26,485,000	26,485,000	354 » 355	280
355	26,625,000	26,625,000	355 » 356	285
356	26,767,500	26,767,500	356 » 357	285
357	26,910,000	26,910,000	357 » 358	285
358	27,052,500	27,052,500	358 » 359	285
359	27,195,000	27,195,000	359 » 360	285
360	27,337,500	27,337,500	360 » 361	285
361	27,480,000	27,480,000	361 » 362	285
362	27,622,500	27,622,500	362 » 363	290
363	27,767,500	27,767,500	363 » 364	290
364	27,912,500	27,912,500	364 » 365	290
365	28,057,500	28,057,500	365 » 366	290
366	28,202,500	28,202,500	366 » 367	290
367	28,347,500	28,347,500	367 » 368	290
368	28,492,500	28,492,500	368 » 369	290
369	28,637,500	28,637,500	369 » 370	295
370	28,785,000	28,785,000	370 » 371	295
371	28,932,500	28,932,500	371 » 372	295
372	29,080,000	29,080,000	372 » 373	295
373	29,227,500	29,227,500	373 » 374	295
374	29,375,000	29,375,000	374 » 375	295
375	29,522,500	29,522,500	375 » 376	295
376	29,670,000	29,670,000	376 » 377	300
377	29,820,000	29,820,000	377 » 378	300
378	29,970,000	29,970,000	378 » 379	300
379	30,120,000	30,120,000	379 » 380	300
380	30,270,000	30,270,000	380 » 381	300
381	30,420,000	30,420,000	381 » 382	300
382	30,570,000	30,570,000	382 » 383	300
383	30,720,000	30,720,000	383 » 384	300
384	30,870,000	30,870,000	384 » 385	305
385	31,022,500	31,022,500	385 » 386	305
386	31,175,000	31,175,000	386 » 387	305
387	31,327,500	31,327,500	387 » 388	305
388	31,480,000	31,480,000	388 » 389	305
389	31,632,500	31,632,500	389 » 390	305
390	31,785,000	31,785,000	390 » 391	305
391	31,937,500	31,937,500	391 » 392	310
392	32,092,500	32,092,500	392 » 393	310
393	32,247,500	32,247,500	393 » 394	310
394	32,402,500	32,402,500	394 » 395	310
395	32,557,500	32,557,500	395 » 396	310
396	32,712,500	32,712,500	396 » 397	310
397	32,867,500	32,867,500	397 » 398	310
398	33,022,500	33,022,500	398 » 399	315
399	33,180,000	33,180,000	399 » 400	315
400	33,337,500	33,337,500	400 » 401	315
401	33,495,000	33,495,000	401 » 402	315
402	33,652,500	33,652,500	402 » 403	315
403	33,810,000	33,810,000	403 » 404	315
404	33,967,500	33,967,500	404 » 405	315
405	34,125,000	34,125,000	405 » 406	320
406	34,285,000	34,285,000	406 » 407	320
407	34,445,000	34,445,000	407 » 408	320
408	34,605,000	34,605,000	408 » 409	320
409	34,765,000	34,765,000	409 » 410	320
410	34,925,000	34,925,000	410 » 411	320
411	35,085,000	35,085,000	411 » 412	320
412	35,245,000	35,245,000	412 » 413	325
413	35,407,500	35,407,500	413 » 414	325
414	35,570,000	35,570,000	414 » 415	325
415	35,732,500	35,732,500	415 » 416	325
416	35,895,000	35,895,000	416 » 417	325
417	36,057,500	36,057,500	417 » 418	325
418	36,220,000	36,220,000	418 » 419	325
419	36,382,500	36,382,500	419 » 420	330
420	36,547,500	36,547,500	420 » 421	330
421	36,712,500	36,712,500	421 » 422	330
422	36,877,500	36,877,500	422 » 423	330
423	37,042,500	37,042,500	423 » 424	330
424	37,207,500	37,207,500	424 » 425	330
425	37,372,500	37,372,500	425 » 426	330
426	37,537,500	37,537,500	426 » 427	335
427	37,705,000	37,705,000	427 » 428	335
428	37,872,500	37,872,500	428 » 429	335
429	38,040,000	38,040,000	429 » 430	335
430	38,207,500	38,207,500	430 » 431	335
431	38,375,000	38,375,000	431 » 432	335
432	38,542,500	38,542,500	432 » 433	335
433	38,710,000	38,710,000	433 » 434	335
434	38,877,500	38,877,500	434 » 435	340
435	39,047,500	39,047,500	435 » 436	340
436	39,217,500	39,217,500	436 » 437	340
437	39,387,500	39,387,500	437 » 438	340
438	39,557,500	39,557,500	438 » 439	340
439	39,727,500	39,727,500	439 » 440	340
440	39,897,500	39,897,500	440 » 441	340
441	40,067,500	40,067,500	441 » 442	345
442	40,240,000	40,240,000	442 » 443	345
443	40,412,500	40,412,500	443 » 444	345
444	40,585,000	40,585,000	444 » 445	345
445	40,757,500	40,757,500	445 » 446	345
446	40,930,000	40,930,000	446 » 447	345
447	41,102,500	41,102,500	447 » 448	345
448	41,275,000	41,275,000	448 » 449	350
449	41,450,000	41,450,000	449 » 450	350
450	41,625,000	41,625,000	450 » 451	350
451	41,800,000	41,800,000	451 » 452	350
452	41,975,000	41,975,000	452 » 453	350
453	42,150,000	42,150,000	453 » 454	350
454	42,325,000	42,325,000	454 » 455	350
455	42,500,000	42,500,000	455 » 456	355
456	42,677,500	42,677,500	456 » 457	355
457	42,855,000	42,855,000	457 » 458	355
458	43,032,500	43,032,500	458 » 459	355
459	43,210,000	43,210,000	459 » 460	355
460	43,387,500	43,387,500	460 » 461	355
461	43,565,000	43,565,000	461 » 462	355
462	43,742,500	43,742,500	462 » 463	355
463	43,920,000	43,920,000	463 » 464	360
464	44,100,000	44,100,000	464 » 465	360
465	44,280,000	44,280,000	465 » 466	360
466	44,460,000	44,460,000	466 » 467	360
467	44,640,000	44,640,000	467 » 468	360
468	44,820,000	44,820,000	468 » 469	360
469	45,000,000	45,000,000	469 » 470	360
470	45,180,000	45,180,000	470 » 471	365
471	45,362,500	45,362,500	471 » 472	365
472	45,545,000	45,545,000	472 » 473	365
473	45,727,500	45,727,500	473 » 474	365
474	45,910,000	45,910,000	474 » 475	365
475	46,092,500	46,092,500	475 » 476	365
476	46,275,000	46,275,000	476 » 477	365
477	46,457,500	46,457,500	477 » 478	370
478	46,642,500	46,642,500	478 » 479	370
479	46,827,500	46,827,500	479 » 480	370
480	47,012,500	47,012,500	480 » 481	370
481	47,197,500	47,197,500	481 » 482	370
482	47,382,500	47,382,500	482 » 483	370
483	47,567,500	47,567,500	483 » 484	370
484	47,752,500	47,752,500	484 » 485	375
485	47,940,000	47,940,000	485 » 486	375
486	48,127,500	48,127,500	486 » 487	375
487	48,315,000	48,315,000	487 » 488	375
488	48,502,500	48,502,500	488 » 489	375
489	48,690,000	48,690,000	489 » 490	375
490	48,877,500	48,877,500	490 » 491	375
491	49,065,000	49,065,000	491 » 492	375
492	49,252,500	49,252,500	492 » 493	380
493	49,442,500	49,442,500	493 » 494	380
494	49,632,500	49,632,500	494 » 495	380
495	49,822,500	49,822,500	495 » 496	380
496	50,012,500	50,012,500	496 » 497	380
497	50,202,500	50,202,500	497 » 498	380
498	50,392,500	50,392,500	498 » 499	380
499	50,582,500	50,582,500	499 » 500	385
500	50,775,000	50,775,000	500 » 501	385
501	50,967,500	50,967,500	501 » 502	385
502	51,160,000	51,160,000	502 » 503	385
503	51,352,500	51,352,500	503 » 504	385
504	51,545,000	51,545,000	504 » 505	385
505	51,737,500	51,737,500	505 » 506	385
506	51,930,000	51,930,000	506 » 507	390
507	52,125,000	52,125,000	507 » 508	390
508	52,320,000	52,320,000	508 » 509	390
509	52,515,000	52,515,000	509 » 510	390
510	52,710,000	52,710,000	510 » 511	390
511	52,905,000	52,905,000	511 » 512	390
512	53,100,000	53,100,000	512 » 513	390
513	53,295,000	53,295,000	513 » 514	390
514	53,490,000	53,490,000	514 » 515	395
515	53,687,500	53,687,500	515 » 516	395
516	53,885,000	53,885,000	516 » 517	395
517	54,082,500	54,082,500	517 » 518	395
518	54,280,000	54,280,000	518 » 519	395
519	54,477,500	54,477,500	519 » 520	395
520	54,675,000	54,675,000	520 » 521	395
521	54,872,500	54,872,500	521 » 522	400
522	55,072,500	55,072,500	522 » 523	400
523	55,272,500	55,272,500	523 » 524	400
524	55,472,500	55,472,500	524 » 525	400
525	55,672,500	55,672,500	525 » 526	400
526	55,872,500	55,872,500	526 » 527	400
527	56,072,500	56,072,500	527 » 528	400
528	56,272,500	56,272,500	528 » 529	405
529	56,475,000	56,475,000	529 » 530	405
530	56,677,500	56,677,500	530 » 531	405
531	56,880,000	56,880,000	531 » 532	405
532	57,082,500	57,082,500	532 » 533	405
533	57,285,000	57,285,000	533 » 534	405
534	57,487,500	57,487,500	534 » 535	405
535	57,690,000	57,690,000	535 » 536	405
536	57,892,500	57,892,500	536 » 537	410
537	58,097,500	58,097,500	537 » 538	410
538	58,302,500	58,302,500	538 » 539	410
539	58,507,500	58,507,500	539 » 540	410
540	58,712,500	58,712,500	540 » 541	410
541	58,917,500	58,917,500	541 » 542	410
542	59,122,500	59,122,500	542 » 543	410
543	59,327,500	59,327,500	543 » 544	415
544	59,535,000	59,535,000	544 » 545	415
545	59,742,500	59,742,500	545 » 546	415
546	59,950,000	59,950,000	546 » 547	415
547	60,157,500	60,157,500	547 » 548	415
548	60,365,000	60,365,000	548 » 549	415
549	60,572,500	60,572,500	549 » 550	415
550	60,780,000	60,780,000	550 » 551	420
551	60,990,000	60,990,000	551 » 552	420
552	61,200,000	61,200,000	552 » 553	420
553	61,410,000	61,410,000	553 » 554	420
554	61,620,000	61,620,000	554 » 555	420
555	61,830,000	61,830,000	555 » 556	420
556	62,040,000	62,040,000	556 » 557	420
557	62,250,000	62,250,000	557 » 558	420
558	62,460,000	62,460,000	558 » 559	425
559	62,672,500	62,672,500	559 » 560	425
560	62,885,000	62,885,000	560 » 561	425
561	63,097,500	63,097,500	561 » 562	425
562	63,310,000	63,310,000	562 » 563	425
563	63,522,500	63,522,500	563 » 564	425
564	63,735,000	63,735,000	564 » 565	425
565	63,947,500	63,947,500	565 » 566	430
566	64,162,500	64,162,500	566 » 567	430
567	64,377,500	64,377,500	567 » 568	430
568	64,592,500	64,592,500	568 » 569	430
569	64,807,500	64,807,500	569 » 570	430
570	65,022,500	65,022,500	570 » 571	430
571	65,237,500	65,237,500	571 » 572	430
572	65,452,500	65,452,500	572 » 573	435
573	65,670,000	65,670,000	573 » 574	435
574	65,887,500	65,887,500	574 » 575	435
575	66,105,000	66,105,000	575 » 576	435
576	66,322,500	66,322,500	576 » 577	435
577	66,540,000	66,540,000	577 » 578	435
578	66,757,500	66,757,500	578 » 579	435
579	66,975,000	66,975,000	579 » 580	435
580	67,192,500	67,192,500	580 » 581	440
581	67,412,500	67,412,500	581 » 582	440
582	67,632,500	67,632,500	582 » 583	440
583	67,852,500	67,852,500	583 » 584	440
584	68,072,500	68,072,500	584 » 585	440
585	68,292,500	68,292,500	585 » 586	440
586	68,512,500	68,512,500	586 » 587	440
587	68,732,500	68,732,500	587 » 588	445
588	68,955,000	68,955,000	588 » 589	445
589	69,177,500	69,177,500	589 » 590	445
590	69,400,000	69,400,000	590 » 591	445
591	69,622,500	69,622,500	591 » 592	445
592	69,845,000	69,845,000	592 » 593	445
593	70,067,500	70,067,500	593 » 594	445
594	70,290,000	70,290,000	594 » 595	445
595	70,512,500	70,512,500	595 » 596	450
596	70,737,500	70,737,500	596 » 597	450
597	70,962,500	70,962,500	597 » 598	450
598	71,187,500	71,187,500	598 » 599	450
599	71,412,500	71,412,500	599 » 600	450
600	71,637,500	71,637,500	600 » 601	450
601	71,862,500	71,862,500	601 » 602	450
602	72,087,500	72,087,500	602 » 603	455
603	72,315,000	72,315,000	603 » 604	455
604	72,542,500	72,542,500	604 » 605	455
605	72,770,000	72,770,000	605 » 606	455
606	72,997,500	72,997,500	606 » 607	455
607	73,225,000	73,225,000	607 » 608	455
608	73,452,500	73,452,500	608 » 609	455
609	73,680,000	73,680,000	609 » 610	455
610	73,907,500	73,907,500	610 » 611	460
611	74,137,500	74,137,500	611 » 612	460
612	74,367,500	74,367,500	612 » 613	460
613	74,597,500	74,597,500	613 » 614	460
614	74,827,500	74,827,500	614 » 615	460
615	75,057,500	75,057,500	615 » 616	460
616	75,287,500	75,287,500	616 » 617	460
617	75,517,500	75,517,500	617 » 618	465
618	75,750,000	75,750,000	618 » 619	465
619	75,982,500	75,982,500	619 » 620	465
620	76,215,000	76,215,000	620 » 621	465
621	76,447,500	76,447,500	621 » 622	465
622	76,680,000	76,680,000	622 » 623	465
623	76,912,500	76,912,500	623 » 624	465
624	77,145,000	77,145,000	624 » 625	465
625	77,377,500	77,377,500	625 » 626	470
626	77,612,500	77,612,500	626 » 627	470
627	77,847,500	77,847,500	627 » 628	470
628	78,082,500	78,082,500	628 » 629	470
629	78,317,500	78,317,500	629 » 630	470
630	78,552,500	78,552,500	630 » 631	470
631	78,787,500	78,787,500	631 » 632	470
632	79,022,500	79,022,500	632 » 633	475
633	79,260,000	79,260,000	633 » 634	475
634	79,497,500	79,497,500	634 » 635	475
635	79,735,000	79,735,000	635 » 636	475
636	79,972,500	79,972,500	636 » 637	475
637	80,210,000	80,210,000	637 » 638	475
638	80,447,500	80,447,500	638 » 639	475
639	80,685,000	80,685,000	639 » 640	480
640	80,925,000	80,925,000	640 » 641	480
641	81,165,000	81,165,000	641 » 642	480
642	81,405,000	81,405,000	642 » 643	480
643	81,645,000	81,645,000	643 » 644	480
644	81,885,000	81,885,000	644 » 645	480
645	82,125,000	82,125,000	645 » 646	480
646	82,365,000	82,365,000	646 » 647	480
647	82,605,000	82,605,000	647 » 648	485
648	82,847,500	82,847,500	648 » 649	485
649	83,090,000	83,090,000	649 » 650	485
650	83,332,500	83,332,500	650 » 651	485
651	83,575,000	83,575,000	651 » 652	485
652	83,817,500	83,817,500	652 » 653	485
653	84,060,000	84,060,000	653 » 654	485
654	84,302,500	84,302,500	654 » 655	490
655	84,547,500	84,547,500	655 » 656	490
656	84,792,500	84,792,500	656 » 657	490
657	85,037,500	85,037,500	657 » 658	490
658	85,282,500	85,282,500	658 » 659	490
659	85,527,500	85,527,500	659 » 660	490
660	85,772,500	85,772,500	660 » 661	490
661	86,017,500	86,017,500	661 » 662	490
662	86,262,500	86,262,500	662 » 663	495
663	86,510,000	86,510,000	663 » 664	495
664	86,757,500	86,757,500	664 » 665	495
665	87,005,000	87,005,000	665 » 666	495
666	87,252,500	87,252,500	666 » 667	495
667	87,500,000	87,500,000	667 » 668	495
668	87,747,500	87,747,500	668 » 669	495
669	87,995,000	87,995,000	669 » 670	500
670	88,245,000	88,245,000	670 » 671	500
671	88,495,000	88,495,000	671 » 672	500
672	88,745,000	88,745,000	672 » 673	500
673	88,995,000	88,995,000	673 » 674	500
674	89,245,000	89,245,000	674 » 675	500
675	89,495,000	89,495,000	675 » 676	500
676	89,745,000	89,745,000	676 » 677	500
677	89,995,000	89,995,000	677 » 678	505
678	90,247,500	90,247,500	678 » 679	505
679	90,500,000	90,500,000	679 » 680	505
680	90,752,500	90,752,500	680 » 681	505
681	91,005,000	91,005,000	681 » 682	505
682	91,257,500	91,257,500	682 » 683	505
683	91,510,000	91,510,000	683 » 684	505
684	91,762,500	91,762,500	684 » 685	505
685	92,015,000	92,015,000	685 » 686	510
686	92,270,000	92,270,000	686 » 687	510
687	92,525,000	92,525,000	687 » 688	510
688	92,780,000	92,780,000	688 » 689	510
689	93,035,000	93,035,000	689 » 690	510
690	93,290,000	93,290,000	690 » 691	510
691	93,545,000	93,545,000	691 » 692	510
692	93,800,000	93,800,000	692 » 693	515
693	94,057,500	94,057,500	693 » 694	515
694	94,315,000	94,315,000	694 » 695	515
695	94,572,500	94,572,500	695 » 696	515
696	94,830,000	94,830,000	696 » 697	515
697	95,087,500	95,087,500	697 » 698	515
698	95,345,000	95,345,000	698 » 699	515
699	95,602,500	95,602,500	699 » 700	515
700	95,860,000	95,860,000	700 » 701	520
701	96,120,000	96,120,000	701 » 702	520
702	96,380,000	96,380,000	702 » 703	520
703	96,640,000	96,640,000	703 » 704	520
704	96,900,000	96,900,000	704 » 705	520
705	97,160,000	97,160,000	705 » 706	520
706	97,420,000	97,420,000	706 » 707	520
707	97,680,000	97,680,000	707 » 708	525
708	97,942,500	97,942,500	708 » 709	525
709	98,205,000	98,205,000	709 » 710	525
710	98,467,500	98,467,500	710 » 711	525
711	98,730,000	98,730,000	711 » 712	525
712	98,992,500	98,992,500	712 » 713	525
713	99,255,000	99,255,000	713 » 714	525
714	99,517,500	99,517,500	714 » 715	525
715	99,780,000	99,780,000	715 » 716	530
716	100,045,000	100,045,000	716 » 717	530
717	100,310,000	100,310,000	717 » 718	530
718	100,575,000	100,575,000	718 » 719	530
719	100,840,000	100,840,000	719 » 720	530
720	101,105,000	101,105,000	720 » 721	530
721	101,370,000	101,370,000	721 » 722	530
722	101,635,000	101,635,000	722 » 723	535
723	101,902,500	101,902,500	723 » 724	535
724	102,170,000	102,170,000	724 » 725	535
725	102,437,500	102,437,500	725 » 726	535
726	102,705,000	102,705,000	726 » 727	535
727	102,972,500	102,972,500	727 » 728	535
728	103,240,000	103,240,000	728 » 729	535
729	103,507,500	103,507,500	729 » 730	535
730	103,775,000	103,775,000	730 » 731	540
731	104,045,000	104,045,000	731 » 732	540
732	104,315,000	104,315,000	732 » 733	540
733	104,585,000	104,585,000	733 » 734	540
734	104,855,000	104,855,000	734 » 735	540
735	105,125,000	105,125,000	735 » 736	540
736	105,395,000	105,395,000	736 » 737	540
737	105,665,000	105,665,000	737 » 738	545
738	105,937,500	105,937,500	738 » 739	545
739	106,210,000	106,210,000	739 » 740	545
740	106,482,500	106,482,500	740 » 741	545
741	106,755,000	106,755,000	741 » 742	545
742	107,027,500	107,027,500	742 » 743	545
743	107,300,000	107,300,000	743 » 744	545
744	107,572,500	107,572,500	744 » 745	545
745	107,845,000	107,845,000	745 » 746	550
746	108,120,000	108,120,000	746 » 747	550
747	108,395,000	108,395,000	747 » 748	550
748	108,670,000	108,670,000	748 » 749	550
749	108,945,000	108,945,000	749 » 750	550
750	109,220,000	109,220,000	750 » 751	550
751	109,495,000	109,495,000	751 » 752	550
752	109,770,000	109,770,000	752 » 753	550
753	110,045,000	110,045,000	753 » 754	555
754	110,322,500	110,322,500	754 » 755	555
755	110,600,000	110,600,000	755 » 756	555
756	110,877,500	110,877,500	756 » 757	555
757	111,155,000	111,155,000	757 » 758	555
758	111,432,500	111,432,500	758 » 759	555
759	111,710,000	111,710,000	759 » 760	555
760	111,987,500	111,987,500	760 » 761	560
761	112,267,500	112,267,500	761 » 762	560
762	112,547,500	112,547,500	762 » 763	560
763	112,827,500	112,827,500	763 » 764	560
764	113,107,500	113,107,500	764 » 765	560
765	113,387,500	113,387,500	765 » 766	560
766	113,667,500	113,667,500	766 » 767	560
767	113,947,500	113,947,500	767 » 768	560
768	114,227,500	114,227,500	768 » 769	565
769	114,510,000	114,510,000	769 » 770	565
770	114,792,500	114,792,500	770 » 771	565
771	115,075,000	115,075,000	771 » 772	565
772	115,357,500	115,357,500	772 » 773	565
773	115,640,000	115,640,000	773 » 774	565
774	115,922,500	115,922,500	774 » 775	565
775	116,205,000	116,205,000	775 » 776	565
776	116,487,500	116,487,500	776 » 777	570
777	116,772,500	116,772,500	777 » 778	570
778	117,057,500	117,057,500	778 » 779	570
779	117,342,500	117,342,500	779 » 780	570
780	117,627,500	117,627,500	780 » 781	570
781	117,912,500	117,912,500	781 » 782	570
782	118,197,500	118,197,500	782 » 783	570
783	118,482,500	118,482,500	783 » 784	575
784	118,770,000	118,770,000	784 » 785	575
785	119,057,500	119,057,500	785 » 786	575
786	119,345,000	119,345,000	786 » 787	575
787	119,632,500	119,632,500	787 » 788	575
788	119,920,000	119,920,000	788 » 789	575
789	120,207,500	120,207,500	789 » 790	575
790	120,495,000	120,495,000	790 » 791	575
791	120,782,500	120,782,500	791 » 792	580
792	121,072,500	121,072,500	792 » 793	580
793	121,362,500	121,362,500	793 » 794	580
794	121,652,500	121,652,500	794 » 795	580
795	121,942,500	121,942,500	795 » 796	580
796	122,232,500	122,232,500	796 » 797	580
797	122,522,500	122,522,500	797 » 798	580
798	122,812,500	122,812,500	798 » 799	585
799	123,105,000	123,105,000	799 » 800	585
800	123,397,500	123,397,500	800 » 801	585
801	123,690,000	123,690,000	801 » 802	585
802	123,982,500	123,982,500	802 » 803	585
803	124,275,000	124,275,000	803 » 804	585
804	124,567,500	124,567,500	804 » 805	585
805	124,860,000	124,860,000	805 » 806	585
806	125,152,500	125,152,500	806 » 807	590
807	125,447,500	125,447,500	807 » 808	590
808	125,742,500	125,742,500	808 » 809	590
809	126,037,500	126,037,500	809 » 810	590
810	126,332,500	126,332,500	810 » 811	590
811	126,627,500	126,627,500	811 » 812	590
812	126,922,500	126,922,500	812 » 813	590
813	127,217,500	127,217,500	813 » 814	590
814	127,512,500	127,512,500	814 » 815	595
815	127,810,000	127,810,000	815 » 816	595
816	128,107,500	128,107,500	816 » 817	595
817	128,405,000	128,405,000	817 » 818	595
818	128,702,500	128,702,500	818 » 819	595
819	129,000,000	129,000,000	819 » 820	595
820	129,297,500	129,297,500	820 » 821	595
821	129,595,000	129,595,000	821 » 822	600
822	129,895,000	129,895,000	822 » 823	600
823	130,195,000	130,195,000	823 » 824	600
824	130,495,000	130,495,000	824 » 825	600
825	130,795,000	130,795,000	825 » 826	600
826	131,095,000	131,095,000	826 » 827	600
827	131,395,000	131,395,000	827 » 828	600
828	131,695,000	131,695,000	828 » 829	600
829	131,995,000	131,995,000	829 » 830	605
830	132,297,500	132,297,500	830 » 831	605
831	132,600,000	132,600,000	831 » 832	605
832	132,902,500	132,902,500	832 » 833	605
833	133,205,000	133,205,000	833 » 834	605
834	133,507,500	133,507,500	834 » 835	605
835	133,810,000	133,810,000	835 » 836	605
836	134,112,500	134,112,500	836 » 837	605
837	134,415,000	134,415,000	837 » 838	610
838	134,720,000	134,720,000	838 » 839	610
839	135,025,000	135,025,000	839 » 840	610
840	135,330,000	135,330,000	840 » 841	610
841	135,635,000	135,635,000	841 » 842	610
842	135,940,000	135,940,000	842 » 843	610
843	136,245,000	136,245,000	843 » 844	610
844	136,550,000	136,550,000	844 » 845	610
845	136,855,000	136,855,000	845 » 846	615
846	137,162,500	137,162,500	846 » 847	615
847	137,470,000	137,470,000	847 » 848	615
848	137,777,500	137,777,500	848 » 849	615
849	138,085,000	138,085,000	849 » 850	615
850	138,392,500	138,392,500	850 » 851	615
851	138,700,000	138,700,000	851 » 852	615
852	139,007,500	139,007,500	852 » 853	620
853	139,317,500	139,317,500	853 » 854	620
854	139,627,500	139,627,500	854 » 855	620
855	139,937,500	139,937,500	855 » 856	620
856	140,247,500	140,247,500	856 » 857	620
857	140,557,500	140,557,500	857 » 858	620
858	140,867,500	140,867,500	858 » 859	620
859	141,177,500	141,177,500	859 » 860	620
860	141,487,500	141,487,500	860 » 861	625
861	141,800,000	141,800,000	861 » 862	625
862	142,112,500	142,112,500	862 » 863	625
863	142,425,000	142,425,000	863 » 864	625
864	142,737,500	142,737,500	864 » 865	625
865	143,050,000	143,050,000	865 » 866	625
866	143,362,500	143,362,500	866 » 867	625
867	143,675,000	143,675,000	867 » 868	625
868	143,987,500	143,987,500	868 » 869	630
869	144,302,500	144,302,500	869 » 870	630
870	144,617,500	144,617,500	870 » 871	630
871	144,932,500	144,932,500	871 » 872	630
872	145,247,500	145,247,500	872 » 873	630
873	145,562,500	145,562,500	873 » 874	630
874	145,877,500	145,877,500	874 » 875	630
875	146,192,500	146,192,500	875 » 876	635
876	146,510,000	146,510,000	876 » 877	635
877	146,827,500	146,827,500	877 » 878	635
878	147,145,000	147,145,000	878 » 879	635
879	147,462,500	147,462,500	879 » 880	635
880	147,780,000	147,780,000	880 » 881	635
881	148,097,500	148,097,500	881 » 882	635
882	148,415,000	148,415,000	882 » 883	635
883	148,732,500	148,732,500	883 » 884	640
884	149,052,500	149,052,500	884 » 885	640
885	149,372,500	149,372,500	885 » 886	640
886	149,692,500	149,692,500	886 » 887	640
887	150,012,500	150,012,500	887 » 888	640
888	150,332,500	150,332,500	888 » 889	640
889	150,652,500	150,652,500	889 » 890	640
890	150,972,500	150,972,500	890 » 891	640
891	151,292,500	151,292,500	891 » 892	645
892	151,615,000	151,615,000	892 » 893	645
893	151,937,500	151,937,500	893 » 894	645
894	152,260,000	152,260,000	894 » 895	645
895	152,582,500	152,582,500	895 » 896	645
896	152,905,000	152,905,000	896 » 897	645
897	153,227,500	153,227,500	897 » 898	645
898	153,550,000	153,550,000	898 » 899	645
899	153,872,500	153,872,500	899 » 900	650
900	154,197,500	154,197,500	900 » 901	650
901	154,522,500	154,522,500	901 » 902	650
902	154,847,500	154,847,500	902 » 903	650
903	155,172,500	155,172,500	903 » 904	650
904	155,497,500	155,497,500	904 » 905	650
905	155,822,500	155,822,500	905 » 906	650
906	156,147,500	156,147,500	906 » 907	655
907	156,475,000	156,475,000	907 » 908	655
908	156,802,500	156,802,500	908 » 909	655
909	157,130,000	157,130,000	909 » 910	655
910	157,457,500	157,457,500	910 » 911	655
911	157,785,000	157,785,000	911 » 912	655
912	158,112,500	158,112,500	912 » 913	655
913	158,440,000	158,440,000	913 » 914	655
914	158,767,500	158,767,500	914 » 915	660
915	159,097,500	159,097,500	915 » 916	660
916	159,427,500	159,427,500	916 » 917	660
917	159,757,500	159,757,500	917 » 918	660
918	160,087,500	160,087,500	918 » 919	660
919	160,417,500	160,417,500	919 » 920	660
920	160,747,500	160,747,500	920 » 921	660
921	161,077,500	161,077,500	921 » 922	660
922	161,407,500	161,407,500	922 » 923	665
923	161,740,000	161,740,000	923 » 924	665
924	162,072,500	162,072,500	924 » 925	665
925	162,405,000	162,405,000	925 » 926	665
926	162,737,500	162,737,500	926 » 927	665
927	163,070,000	163,070,000	927 » 928	665
928	163,402,500	163,402,500	928 » 929	665
929	163,735,000	163,735,000	929 » 930	665
930	164,067,500	164,067,500	930 » 931	670
931	164,402,500	164,402,500	931 » 932	670
932	164,737,500	164,737,500	932 » 933	670
933	165,072,500	165,072,500	933 » 934	670
934	165,407,500	165,407,500	934 » 935	670
935	165,742,500	165,742,500	935 » 936	670
936	166,077,500	166,077,500	936 » 937	670
937	166,412,500	166,412,500	937 » 938	675
938	166,750,000	166,750,000	938 » 939	675
939	167,087,500	167,087,500	939 » 940	675
940	167,425,000	167,425,000	940 » 941	675
941	167,762,500	167,762,500	941 » 942	675
942	168,100,000	168,100,000	942 » 943	675
943	168,437,500	168,437,500	943 » 944	675
944	168,775,000	168,775,000	944 » 945	675
945	169,112,500	169,112,500	945 » 946	680
946	169,452,500	169,452,500	946 » 947	680
947	169,792,500	169,792,500	947 » 948	680
948	170,132,500	170,132,500	948 » 949	680
949	170,472,500	170,472,500	949 » 950	680
950	170,812,500	170,812,500	950 » 951	680
951	171,152,500	171,152,500	951 » 952	680
952	171,492,500	171,492,500	952 » 953	680
953	171,832,500	171,832,500	953 » 954	685
954	172,175,000	172,175,000	954 » 955	685
955	172,517,500	172,517,500	955 » 956	685
956	172,860,000	172,860,000	956 » 957	685
957	173,202,500	173,202,500	957 » 958	685
958	173,545,000	173,545,000	958 » 959	685
959	173,887,500	173,887,500	959 » 960	685
960	174,230,000	174,230,000	960 » 961	685
961	174,572,500	174,572,500	961 » 962	690
962	174,917,500	174,917,500	962 » 963	690
963	175,262,500	175,262,500	963 » 964	690
964	175,607,500	175,607,500	964 » 965	690
965	175,952,500	175,952,500	965 » 966	690
966	176,297,500	176,297,500	966 » 967	690
967	176,642,500	176,642,500	967 » 968	690
968	176,987,500	176,987,500	968 » 969	690
969	177,332,500	177,332,500	969 » 970	695
970	177,680,000	177,680,000	970 » 971	695
971	178,027,500	178,027,500	971 » 972	695
972	178,375,000	178,375,000	972 » 973	695
973	178,722,500	178,722,500	973 » 974	695
974	179,070,000	179,070,000	974 » 975	695
975	179,417,500	179,417,500	975 » 976	695
976	179,765,000	179,765,000	976 » 977	700
977	180,115,000	180,115,000	977 » 978	700
978	180,465,000	180,465,000	978 » 979	700
979	180,815,000	180,815,000	979 » 980	700
980	181,165,000	181,165,000	980 » 981	700
981	181,515,000	181,515,000	981 » 982	700
982	181,865,000	181,865,000	982 » 983	700
983	182,215,000	182,215,000	983 » 984	700
984	182,565,000	182,565,000	984 » 985	705
985	182,917,500	182,917,500	985 » 986	705
986	183,270,000	183,270,000	986 » 987	705
987	183,622,500	183,622,500	987 » 988	705
988	183,975,000	183,975,000	988 » 989	705
989	184,327,500	184,327,500	989 » 990	705
990	184,680,000	184,680,000	990 » 991	705
991	185,032,500	185,032,500	991 » 992	705
992	185,385,000	185,385,000	992 » 993	710
993	185,740,000	185,740,000	993 » 994	710
994	186,095,000	186,095,000	994 » 995	710
995	186,450,000	186,450,000	995 » 996	710
996	186,805,000	186,805,000	996 » 997	710
997	187,160,000	187,160,000	997 » 998	710
998	187,515,000	187,515,000	998 » 999	710
999	187,870,000	187,870,000	999 » 1000	710
1000	188,225,000	188,225,000	1000 » 1001	715
1001	188,582,500	188,582,500	1001 » 1002	715
1002	188,940,000	188,940,000	1002 » 1003	715
1003	189,297,500	189,297,500	1003 » 1004	715
1004	189,655,000	189,655,000	1004 » 1005	715
1005	190,012,500	190,012,500	1005 » 1006	715
1006	190,370,000	190,370,000	1006 » 1007	715
1007	190,727,500	190,727,500	1007 » 1008	715
1008	191,085,000	191,085,000	1008 » 1009	720
1009	191,445,000	191,445,000	1009 » 1010	720
1010	191,805,000	191,805,000	1010 » 1011	720
1011	192,165,000	192,165,000	1011 » 1012	720
1012	192,525,000	192,525,000	1012 » 1013	720
1013	192,885,000	192,885,000	1013 » 1014	720
1014	193,245,000	193,245,000	1014 » 1015	720
1015	193,605,000	193,605,000	1015 » 1016	725
1016	193,967,500	193,967,500	1016 » 1017	725
1017	194,330,000	194,330,000	1017 » 1018	725
1018	194,692,500	194,692,500	1018 » 1019	725
1019	195,055,000	195,055,000	1019 » 1020	725
1020	195,417,500	195,417,500	1020 » 1021	725
1021	195,780,000	195,780,000	1021 » 1022	725
1022	196,142,500	196,142,500	1022 » 1023	725
1023	196,505,000	196,505,000	1023 » 1024	730
1024	196,870,000	196,870,000	1024 » 1025	730
1025	197,235,000	197,235,000	1025 » 1026	730
1026	197,600,000	197,600,000	1026 » 1027	730
1027	197,965,000	197,965,000	1027 » 1028	730
1028	198,330,000	198,330,000	1028 » 1029	730
1029	198,695,000	198,695,000	1029 » 1030	730
1030	199,060,000	199,060,000	1030 » 1031	730
1031	199,425,000	199,425,000	1031 » 1032	735
1032	199,792,500	199,792,500	1032 » 1033	735
1033	200,160,000	200,160,000	1033 » 1034	735
1034	200,527,500	200,527,500	1034 » 1035	735
1035	200,895,000	200,895,000	1035 » 1036	735
1036	201,262,500	201,262,500	1036 » 1037	735
1037	201,630,000	201,630,000	1037 » 1038	735
1038	201,997,500	201,997,500	1038 » 1039	735
1039	202,365,000	202,365,000	1039 » 1040	740
1040	202,735,000	202,735,000	1040 » 1041	740
1041	203,105,000	203,105,000	1041 » 1042	740
1042	203,475,000	203,475,000	1042 » 1043	740
1043	203,845,000	203,845,000	1043 » 1044	740
1044	204,215,000	204,215,000	1044 » 1045	740
1045	204,585,000	204,585,000	1045 » 1046	740
1046	204,955,000	204,955,000	1046 » 1047	740
1047	205,325,000	205,325,000	1047 » 1048	745
1048	205,697,500	205,697,500	1048 » 1049	745
1049	206,070,000	206,070,000	1049 » 1050	745
1050	206,442,500	206,442,500	1050 » 1051	745
1051	206,815,000	206,815,000	1051 » 1052	745
1052	207,187,500	207,187,500	1052 » 1053	745
1053	207,560,000	207,560,000	1053 » 1054	745
1054	207,932,500	207,932,500	1054 » 1055	745
1055	208,305,000	208,305,000	1055 » 1056	750
1056	208,680,000	208,680,000	1056 » 1057	750
1057	209,055,000	209,055,000	1057 » 1058	750
1058	209,430,000	209,430,000	1058 » 1059	750
1059	209,805,000	209,805,000	1059 » 1060	750
1060	210,180,000	210,180,000	1060 » 1061	750
1061	210,555,000	210,555,000	1061 » 1062	750
1062	210,930,000	210,930,000	1062 » 1063	750
1063	211,305,000	211,305,000	1063 » 1064	755
1064	211,682,500	211,682,500	1064 » 1065	755
1065	212,060,000	212,060,000	1065 » 1066	755
1066	212,437,500	212,437,500	1066 » 1067	755
1067	212,815,000	212,815,000	1067 » 1068	755
1068	213,192,500	213,192,500	1068 » 1069	755
1069	213,570,000	213,570,000	1069 » 1070	755
1070	213,947,500	213,947,500	1070 » 1071	760
1071	214,327,500	214,327,500	1071 » 1072	760
1072	214,707,500	214,707,500	1072 » 1073	760
1073	215,087,500	215,087,500	1073 » 1074	760
1074	215,467,500	215,467,500	1074 » 1075	760
1075	215,847,500	215,847,500	1075 » 1076	760
1076	216,227,500	216,227,500	1076 » 1077	760
1077	216,607,500	216,607,500	1077 » 1078	760
1078	216,987,500	216,987,500	1078 » 1079	765
1079	217,370,000	217,370,000	1079 » 1080	765
1080	217,752,500	217,752,500	1080 » 1081	765
1081	218,135,000	218,135,000	1081 » 1082	765
1082	218,517,500	218,517,500	1082 » 1083	765
1083	218,900,000	218,900,000	1083 » 1084	765
1084	219,282,500	219,282,500	1084 » 1085	765
1085	219,665,000	219,665,000	1085 » 1086	765
1086	220,047,500	220,047,500	1086 » 1087	770
1087	220,432,500	220,432,500	1087 » 1088	770
1088	220,817,500	220,817,500	1088 » 1089	770
1089	221,202,500	221,202,500	1089 » 1090	770
1090	221,587,500	221,587,500	1090 » 1091	770
1091	221,972,500	221,972,500	1091 » 1092	770
1092	222,357,500	222,357,500	1092 » 1093	770
1093	222,742,500	222,742,500	1093 » 1094	770
1094	223,127,500	223,127,500	1094 » 1095	775
1095	223,515,000	223,515,000	1095 » 1096	775
1096	223,902,500	223,902,500	1096 » 1097	775
1097	224,290,000	224,290,000	1097 » 1098	775
1098	224,677,500	224,677,500	1098 » 1099	775
1099	225,065,000	225,065,000	1099 » 1100	775
1100	225,452,500	225,452,500	1100 » 1101	775
1101	225,840,000	225,840,000	1101 » 1102	775
1102	226,227,500	226,227,500	1102 » 1103	780
1103	226,617,500	226,617,500	1103 » 1104	780
1104	227,007,500	227,007,500	1104 » 1105	780
1105	227,397,500	227,397,500	1105 » 1106	780
1106	227,787,500	227,787,500	1106 » 1107	780
1107	228,177,500	228,177,500	1107 » 1108	780
1108	228,567,500	228,567,500	1108 » 1109	780
1109	228,957,500	228,957,500	1109 » 1110	780
1110	229,347,500	229,347,500	1110 » 1111	785
1111	229,740,000	229,740,000	1111 » 1112	785
1112	230,132,500	230,132,500	1112 » 1113	785
1113	230,525,000	230,525,000	1113 » 1114	785
1114	230,917,500	230,917,500	1114 » 1115	785
1115	231,310,000	231,310,000	1115 » 1116	785
1116	231,702,500	231,702,500	1116 » 1117	785
1117	232,095,000	232,095,000	1117 » 1118	785
1118	232,487,500	232,487,500	1118 » 1119	790
1119	232,882,500	232,882,500	1119 » 1120	790
1120	233,277,500	233,277,500	1120 » 1121	790
1121	233,672,500	233,672,500	1121 » 1122	790
1122	234,067,500	234,067,500	1122 » 1123	790
1123	234,462,500	234,462,500	1123 » 1124	790
1124	234,857,500	234,857,500	1124 » 1125	790
1125	235,252,500	235,252,500	1125 » 1126	790
1126	235,647,500	235,647,500	1126 » 1127	795
1127	236,045,000	236,045,000	1127 » 1128	795
1128	236,442,500	236,442,500	1128 » 1129	795
1129	236,840,000	236,840,000	1129 » 1130	795
1130	237,237,500	237,237,500	1130 » 1131	795
1131	237,635,000	237,635,000	1131 » 1132	795
1132	238,032,500	238,032,500	1132 » 1133	795
1133	238,430,000	238,430,000	1133 » 1134	795
1134	238,827,500	238,827,500	1134 » 1135	800
1135	239,227,500	239,227,500	1135 » 1136	800
1136	239,627,500	239,627,500	1136 » 1137	800
1137	240,027,500	240,027,500	1137 » 1138	800
1138	240,427,500	240,427,500	1138 » 1139	800
1139	240,827,500	240,827,500	1139 » 1140	800
1140	241,227,500	241,227,500	1140 » 1141	800
1141	241,627,500	241,627,500	1141 » 1142	800
1142	242,027,500	242,027,500	1142 » 1143	805
1143	242,430,000	242,430,000	1143 » 1144	805
1144	242,832,500	242,832,500	1144 » 1145	805
1145	243,235,000	243,235,000	1145 » 1146	805
1146	243,637,500	243,637,500	1146 » 1147	805
1147	244,040,000	244,040,000	1147 » 1148	805
1148	244,442,500	244,442,500	1148 » 1149	805
1149	244,845,000	244,845,000	1149 » 1150	805
1150	245,247,500	245,247,500	1150 » 1151	810
1151	245,652,500	245,652,500	1151 » 1152	810
1152	246,057,500	246,057,500	1152 » 1153	810
1153	246,462,500	246,462,500	1153 » 1154	810
1154	246,867,500	246,867,500	1154 » 1155	810
1155	247,272,500	247,272,500	1155 » 1156	810
1156	247,677,500	247,677,500	1156 » 1157	810
1157	248,082,500	248,082,500	1157 » 1158	815
1158	248,490,000	248,490,000	1158 » 1159	815
1159	248,897,500	248,897,500	1159 » 1160	815
1160	249,305,000	249,305,000	1160 » 1161	815
1161	249,712,500	249,712,500	1161 » 1162	815
1162	250,120,000	250,120,000	1162 » 1163	815
1163	250,527,500	250,527,500	1163 » 1164	815
1164	250,935,000	250,935,000	1164 » 1165	815
1165	251,342,500	251,342,500	1165 » 1166	820
1166	251,752,500	251,752,500	1166 » 1167	820
1167	252,162,500	252,162,500	1167 » 1168	820
1168	252,572,500	252,572,500	1168 » 1169	820
1169	252,982,500	252,982,500	1169 » 1170	820
1170	253,392,500	253,392,500	1170 » 1171	820
1171	253,802,500	253,802,500	1171 » 1172	820
1172	254,212,500	254,212,500	1172 » 1173	820
1173	254,622,500	254,622,500	1173 » 1174	825
1174	255,035,000	255,035,000	1174 » 1175	825
1175	255,447,500	255,447,500	1175 » 1176	825
1176	255,860,000	255,860,000	1176 » 1177	825
1177	256,272,500	256,272,500	1177 » 1178	825
1178	256,685,000	256,685,000	1178 » 1179	825
1179	257,097,500	257,097,500	1179 » 1180	825
1180	257,510,000	257,510,000	1180 » 1181	825
1181	257,922,500	257,922,500	1181 » 1182	830
1182	258,337,500	258,337,500	1182 » 1183	830
1183	258,752,500	258,752,500	1183 » 1184	830
1184	259,167,500	259,167,500	1184 » 1185	830
1185	259,582,500	259,582,500	1185 » 1186	830
1186	259,997,500	259,997,500	1186 » 1187	830
1187	260,412,500	260,412,500	1187 » 1188	830
1188	260,827,500	260,827,500	1188 » 1189	830
1189	261,242,500	261,242,500	1189 » 1190	835
1190	261,660,000	261,660,000	1190 » 1191	835
1191	262,077,500	262,077,500	1191 » 1192	835
1192	262,495,000	262,495,000	1192 » 1193	835
1193	262,912,500	262,912,500	1193 » 1194	835
1194	263,330,000	263,330,000	1194 » 1195	835
1195	263,747,500	263,747,500	1195 » 1196	835
1196	264,165,000	264,165,000	1196 » 1197	835
1197	264,582,500	264,582,500	1197 » 1198	840
1198	265,002,500	265,002,500	1198 » 1199	840
1199	265,422,500	265,422,500	1199 » 1200	840
1200	265,842,500	265,842,500	1200 » 1201	840
1201	266,262,500	266,262,500	1201 » 1202	840
1202	266,682,500	266,682,500	1202 » 1203	840
1203	267,102,500	267,102,500	1203 » 1204	840
1204	267,522,500	267,522,500	1204 » 1205	840
1205	267,942,500	267,942,500	1205 » 1206	845
1206	268,365,000	268,365,000	1206 » 1207	845
1207	268,787,500	268,787,500	1207 » 1208	845
1208	269,210,000	269,210,000	1208 » 1209	845
1209	269,632,500	269,632,500	1209 » 1210	845
1210	270,055,000	270,055,000	1210 » 1211	845
1211	270,477,500	270,477,500	1211 » 1212	845
1212	270,900,000	270,900,000	1212 » 1213	845
1213	271,322,500	271,322,500	1213 » 1214	850
1214	271,747,500	271,747,500	1214 » 1215	850
1215	272,172,500	272,172,500	1215 » 1216	850
1216	272,597,500	272,597,500	1216 » 1217	850
1217	273,022,500	273,022,500	1217 » 1218	850
1218	273,447,500	273,447,500	1218 » 1219	850
1219	273,872,500	273,872,500	1219 » 1220	850
1220	274,297,500	274,297,500	1220 » 1221	850
1221	274,722,500	274,722,500	1221 » 1222	855
1222	275,150,000	275,150,000	1222 » 1223	855
1223	275,577,500	275,577,500	1223 » 1224	855
1224	276,005,000	276,005,000	1224 » 1225	855
1225	276,432,500	276,432,500	1225 » 1226	855
1226	276,860,000	276,860,000	1226 » 1227	855
1227	277,287,500	277,287,500	1227 » 1228	855
1228	277,715,000	277,715,000	1228 » 1229	855
1229	278,142,500	278,142,500	1229 » 1230	860
1230	278,572,500	278,572,500	1230 » 1231	860
1231	279,002,500	279,002,500	1231 » 1232	860
1232	279,432,500	279,432,500	1232 » 1233	860
1233	279,862,500	279,862,500	1233 » 1234	860
1234	280,292,500	280,292,500	1234 » 1235	860
1235	280,722,500	280,722,500	1235 » 1236	860
1236	281,152,500	281,152,500	1236 » 1237	860
1237	281,582,500	281,582,500	1237 » 1238	865
1238	282,015,000	282,015,000	1238 » 1239	865
1239	282,447,500	282,447,500	1239 » 1240	865
1240	282,880,000	282,880,000	1240 » 1241	865
1241	283,312,500	283,312,500	1241 » 1242	865
1242	283,745,000	283,745,000	1242 » 1243	865
1243	284,177,500	284,177,500	1243 » 1244	865
1244	284,610,000	284,610,000	1244 » 1245	865
1245	285,042,500	285,042,500	1245 » 1246	870
1246	285,477,500	285,477,500	1246 » 1247	870
1247	285,912,500	285,912,500	1247 » 1248	870
1248	286,347,500	286,347,500	1248 » 1249	870
1249	286,782,500	286,782,500	1249 » 1250	870
1250	287,217,500	287,217,500	1250 » 1251	870
1251	287,652,500	287,652,500	1251 » 1252	870
1252	288,087,500	288,087,500	1252 » 1253	870
1253	288,522,500	288,522,500	1253 » 1254	875
1254	288,960,000	288,960,000	1254 » 1255	875
1255	289,397,500	289,397,500	1255 » 1256	875
1256	289,835,000	289,835,000	1256 » 1257	875
1257	290,272,500	290,272,500	1257 » 1258	875
1258	290,710,000	290,710,000	1258 » 1259	875
1259	291,147,500	291,147,500	1259 » 1260	875
1260	291,585,000	291,585,000	1260 » 1261	875
1261	292,022,500	292,022,500	1261 » 1262	880
1262	292,462,500	292,462,500	1262 » 1263	880
1263	292,902,500	292,902,500	1263 » 1264	880
1264	293,342,500	293,342,500	1264 » 1265	880
1265	293,782,500	293,782,500	1265 » 1266	880
1266	294,222,500	294,222,500	1266 » 1267	880
1267	294,662,500	294,662,500	1267 » 1268	880
1268	295,102,500	295,102,500	1268 » 1269	880
1269	295,542,500	295,542,500	1269 » 1270	885
1270	295,985,000	295,985,000	1270 » 1271	885
1271	296,427,500	296,427,500	1271 » 1272	885
1272	296,870,000	296,870,000	1272 » 1273	885
1273	297,312,500	297,312,500	1273 » 1274	885
1274	297,755,000	297,755,000	1274 » 1275	885
1275	298,197,500	298,197,500	1275 » 1276	885
1276	298,640,000	298,640,000	1276 » 1277	885
1277	299,082,500	299,082,500	1277 » 1278	890
1278	299,527,500	299,527,500	1278 » 1279	890
1279	299,972,500	299,972,500	1279 » 1280	890
1280	300,417,500	300,417,500	1280 » 1281	890
1281	300,862,500	300,862,500	1281 » 1282	890
1282	301,307,500	301,307,500	1282 » 1283	890
1283	301,752,500	301,752,500	1283 » 1284	890
1284	302,197,500	302,197,500	1284 » 1285	890
1285	302,642,500	302,642,500	1285 » 1286	895
1286	303,090,000	303,090,000	1286 » 1287	895
1287	303,537,500	303,537,500	1287 » 1288	895
1288	303,985,000	303,985,000	1288 » 1289	895
1289	304,432,500	304,432,500	1289 » 1290	895
1290	304,880,000	304,880,000	1290 » 1291	895
1291	305,327,500	305,327,500	1291 » 1292	895
1292	305,775,000	305,775,000	1292 » 1293	895
1293	306,222,500	306,222,500	1293 » 1294	900
1294	306,672,500	306,672,500	1294 » 1295	900
1295	307,122,500	307,122,500	1295 » 1296	900
1296	307,572,500	307,572,500	1296 » 1297	900
1297	308,022,500	308,022,500	1297 » 1298	900
1298	308,472,500	308,472,500	1298 » 1299	900
1299	308,922,500	308,922,500	1299 » 1300	900
1300	309,372,500	309,372,500	1300 » 1301	900
1301	309,822,500	309,822,500	1301 » 1302	905
1302	310,275,000	310,275,000	1302 » 1303	905
1303	310,727,500	310,727,500	1303 » 1304	905
1304	311,180,000	311,180,000	1304 » 1305	905
1305	311,632,500	311,632,500	1305 » 1306	905
1306	312,085,000	312,085,000	1306 » 1307	905
1307	312,537,500	312,537,500	1307 » 1308	905
1308	312,990,000	312,990,000	1308 » 1309	905
1309	313,442,500	313,442,500	1309 » 1310	910
1310	313,897,500	313,897,500	1310 » 1311	910
1311	314,352,500	314,352,500	1311 » 1312	910
1312	314,807,500	314,807,500	1312 » 1313	910
1313	315,262,500	315,262,500	1313 » 1314	910
1314	315,717,500	315,717,500	1314 » 1315	910
1315	316,172,500	316,172,500	1315 » 1316	910
1316	316,627,500	316,627,500	1316 » 1317	910
1317	317,082,500	317,082,500	1317 » 1318	915
1318	317,540,000	317,540,000	1318 » 1319	915
1319	317,997,500	317,997,500	1319 » 1320	915
1320	318,455,000	318,455,000	1320 » 1321	915
1321	318,912,500	318,912,500	1321 » 1322	915
1322	319,370,000	319,370,000	1322 » 1323	915
1323	319,827,500	319,827,500	1323 » 1324	915
1324	320,285,000	320,285,000	1324 » 1325	915
1325	320,742,500	320,742,500	1325 » 1326	920
1326	321,202,500	321,202,500	1326 » 1327	920
1327	321,662,500	321,662,500	1327 » 1328	920
1328	322,122,500	322,122,500	1328 » 1329	920
1329	322,582,500	322,582,500	1329 » 1330	920
1330	323,042,500	323,042,500	1330 » 1331	920
1331	323,502,500	323,502,500	1331 » 1332	920
1332	323,962,500	323,962,500	1332 » 1333	920
1333	324,422,500	324,422,500	1333 » 1334	925
1334	324,885,000	324,885,000	1334 » 1335	925
1335	325,347,500	325,347,500	1335 » 1336	925
1336	325,810,000	325,810,000	1336 » 1337	925
1337	326,272,500	326,272,500	1337 » 1338	925
1338	326,735,000	326,735,000	1338 » 1339	925
1339	327,197,500	327,197,500	1339 » 1340	925
1340	327,660,000	327,660,000	1340 » 1341	925
1341	328,122,500	328,122,500	1341 » 1342	925
1342	328,585,000	328,585,000	1342 » 1343	930
1343	329,050,000	329,050,000	1343 » 1344	930
1344	329,515,000	329,515,000	1344 » 1345	930
1345	329,980,000	329,980,000	1345 » 1346	930
1346	330,445,000	330,445,000	1346 » 1347	930
1347	330,910,000	330,910,000	1347 » 1348	930
1348	331,375,000	331,375,000	1348 » 1349	930
1349	331,840,000	331,840,000	1349 » 1350	930
1350	332,305,000	332,305,000	1350 » 1351	935
1351	332,772,500	332,772,500	1351 » 1352	935
1352	333,240,000	333,240,000	1352 » 1353	935
1353	333,707,500	333,707,500	1353 » 1354	935
1354	334,175,000	334,175,000	1354 » 1355	935
1355	334,642,500	334,642,500	1355 » 1356	935
1356	335,110,000	335,110,000	1356 » 1357	935
1357	335,577,500	335,577,500	1357 » 1358	935
1358	336,045,000	336,045,000	1358 » 1359	940
1359	336,515,000	336,515,000	1359 » 1360	940
1360	336,985,000	336,985,000	1360 » 1361	940
1361	337,455,000	337,455,000	1361 » 1362	940
1362	337,925,000	337,925,000	1362 » 1363	940
1363	338,395,000	338,395,000	1363 » 1364	940
1364	338,865,000	338,865,000	1364 » 1365	940
1365	339,335,000	339,335,000	1365 » 1366	940
1366	339,805,000	339,805,000	1366 » 1367	945
1367	340,277,500	340,277,500	1367 » 1368	945
1368	340,750,000	340,750,000	1368 » 1369	945
1369	341,222,500	341,222,500	1369 » 1370	945
1370	341,695,000	341,695,000	1370 » 1371	945
1371	342,167,500	342,167,500	1371 » 1372	945
1372	342,640,000	342,640,000	1372 » 1373	945
1373	343,112,500	343,112,500	1373 » 1374	945
1374	343,585,000	343,585,000	1374 » 1375	950
1375	344,060,000	344,060,000	1375 » 1376	950
1376	344,535,000	344,535,000	1376 » 1377	950
1377	345,010,000	345,010,000	1377 » 1378	950
1378	345,485,000	345,485,000	1378 » 1379	950
1379	345,960,000	345,960,000	1379 » 1380	950
1380	346,435,000	346,435,000	1380 » 1381	950
1381	346,910,000	346,910,000	1381 » 1382	950
1382	347,385,000	347,385,000	1382 » 1383	955
1383	347,862,500	347,862,500	1383 » 1384	955
1384	348,340,000	348,340,000	1384 » 1385	955
1385	348,817,500	348,817,500	1385 » 1386	955
1386	349,295,000	349,295,000	1386 » 1387	955
1387	349,772,500	349,772,500	1387 » 1388	955
1388	350,250,000	350,250,000	1388 » 1389	955
1389	350,727,500	350,727,500	1389 » 1390	955
1390	351,205,000	351,205,000	1390 » 1391	960
1391	351,685,000	351,685,000	1391 » 1392	960
1392	352,165,000	352,165,000	1392 » 1393	960
1393	352,645,000	352,645,000	1393 » 1394	960
1394	353,125,000	353,125,000	1394 » 1395	960
1395	353,605,000	353,605,000	1395 » 1396	960
1396	354,085,000	354,085,000	1396 » 1397	960
1397	354,565,000	354,565,000	1397 » 1398	960
1398	355,045,000	355,045,000	1398 » 1399	965
1399	355,527,500	355,527,500	1399 » 1400	965
1400	356,010,000	356,010,000	1400 » 1401	965
1401		356,492,500	1401 » 1402	965
1402		356,975,000	1402 » 1403	965
1403		357,457,500	1403 » 1404	965
1404		357,940,000	1404 » 1405	965
1405		358,422,500	1405 » 1406	965
1406	358,905,000	358,905,000	1406 » 1407	970
1407	359,390,000	359,390,000	1407 » 1408	970
1408		359,875,000	1408 » 1409	970
1409		360,360,000	1409 » 1410	970
1410		360,845,000	1410 » 1411	970
1411		361,330,000	1411 » 1412	970
1412		361,815,000	1412 » 1413	970
1413		362,300,000	1413 » 1414	970
1414	362,785,000	362,785,000	1414 » 1415	975
1415	363,272,500	363,272,500	1415 » 1416	975
1416		363,760,000	1416 » 1417	975
1417		364,247,500	1417 » 1418	975
1418		364,735,000	1418 » 1419	975
1419		365,222,500	1419 » 1420	975
1420		365,710,000	1420 » 1421	975
1421		366,197,500	1421 » 1422	975
1422	366,685,000	366,685,000	1422 » 1423	980
1423	367,175,000	367,175,000	1423 » 1424	980
1424	367,665,000	367,665,000	1424 » 1425	980
1425	368,155,000	368,155,000	1425 » 1426	980
1426	368,645,000	368,645,000	1426 » 1427	980
1427	369,135,000	369,135,000	1427 » 1428	980
1428		369,625,000	1428 » 1429	980
1429		370,115,000	1429 » 1430	980
1430		370,605,000	1430 » 1431	985
1431	371,097,500	371,097,500	1431 » 1432	985
1432	371,590,000	371,590,000	1432 » 1433	985
1433	372,082,500	372,082,500	1433 » 1434	985
1434	372,575,000	372,575,000	1434 » 1435	985
1435	373,067,500	373,067,500	1435 » 1436	985
1436	373,560,000	373,560,000	1436 » 1437	985
1437	374,052,500	374,052,500	1437 » 1438	985
1438	374,545,000	374,545,000	1438 » 1439	985
1439	375,037,500	375,037,500	1439 » 1440	990
1440	375,532,500	375,532,500	1440 » 1441	990
1441	376,027,500	376,027,500	1441 » 1442	990
1442	376,522,500	376,522,500	1442 » 1443	990
1443	377,017,500	377,017,500	1443 » 1444	990
1444	377,512,500	377,512,500	1444 » 1445	990
1445	378,007,500	378,007,500	1445 » 1446	990
1446	378,502,500	378,502,500	1446 » 1447	990
1447	378,997,500	378,997,500	1447 » 1448	995
1448	379,495,000	379,495,000	1448 » 1449	995
1449	379,992,500	379,992,500	1449 » 1450	995
1450	380,490,000	380,490,000	1450 » 1451	995
1451	380,987,500	380,987,500	1451 » 1452	995
1452	381,485,000	381,485,000	1452 » 1453	995
1453	381,982,500	381,982,500	1453 » 1454	995
1454	382,480,000	382,480,000	1454 » 1455	995
1455	382,977,500	382,977,500	1455 » 1456	1,000
1456	383,477,500	383,477,500	1456 » 1457	1,000
1457	383,977,500	383,977,500	1457 » 1458	1,000
1458	384,477,500	384,477,500	1458 » 1459	1,000
1459	384,977,500	384,977,500	1459 » 1460	1,000
1460	385,477,500	385,477,500	1460 » 1461	1,000
1461	385,977,500	385,977,500	1461 » 1462	1,000
1462	386,477,500	386,477,500	1462 » 1463	1,000
1463	386,977,500	386,977,500	1463 » 1464	1,005
1464	387,480,000	387,480,000	1464 » 1465	1,005
1465	387,982,500	387,982,500	1465 » 1466	1,005
1466	388,485,000	388,485,000	1466 » 1467	1,005
1467	388,987,500	388,987,500	1467 » 1468	1,005
1468	389,490,000	389,490,000	1468 » 1469	1,005
1469	389,992,500	389,992,500	1469 » 1470	1,005
1470	390,495,000	390,495,000	1470 » 1471	1,005
1471	390,997,500	390,997,500	1471 » 1472	1,010
1472	391,502,500	391,502,500	1472 » 1473	1,010
1473	392,007,500	392,007,500	1473 » 1474	1,010
1474	392,512,500	392,512,500	1474 » 1475	1,010
1475	393,017,500	393,017,500	1475 » 1476	1,010
1476	393,522,500	393,522,500	1476 » 1477	1,010
1477	394,027,500	394,027,500	1477 » 1478	1,010
1478	394,532,500	394,532,500	1478 » 1479	1,010
1479	395,037,500	395,037,500	1479 » 1480	1,015
1480	395,545,000	395,545,000	1480 » 1481	1,015
1481	396,052,500	396,052,500	1481 » 1482	1,015
1482	396,560,000	396,560,000	1482 » 1483	1,015
1483	397,067,500	397,067,500	1483 » 1484	1,015
1484	397,575,000	397,575,000	1484 » 1485	1,015
1485	398,082,500	398,082,500	1485 » 1486	1,015
1486	398,590,000	398,590,000	1486 » 1487	1,015
1487	399,097,500	399,097,500	1487 » 1488	1,020
1488	399,607,500	399,607,500	1488 » 1489	1,020
1489	400,117,500	400,117,500	1489 » 1490	1,020
1490	400,627,500	400,627,500	1490 » 1491	1,020
1491	401,137,500	401,137,500	1491 » 1492	1,020
1492	401,647,500	401,647,500	1492 » 1493	1,020
1493	402,157,500	402,157,500	1493 » 1494	1,020
1494	402,667,500	402,667,500	1494 » 1495	1,020
1495	403,177,500	403,177,500	1495 » 1496	1,020
1496	403,687,500	403,687,500	1496 » 1497	1,025
1497	404,200,000	404,200,000	1497 » 1498	1,025
1498	404,712,500	404,712,500	1498 » 1499	1,025
1499	405,225,000	405,225,000	1499 » 1500	1,025
1500	405,737,500	405,737,500	1500 » 1501	1,025
1501	406,250,000	406,250,000	1501 » 1502	1,025
1502	406,762,500	406,762,500	1502 » 1503	1,025
1503	407,275,000	407,275,000	1503 » 1504	1,025
1504	407,787,500	407,787,500	1504 » 1505	1,030
1505	408,302,500	408,302,500	1505 » 1506	1,030
1506	408,817,500	408,817,500	1506 » 1507	1,030
1507	409,332,500	409,332,500	1507 » 1508	1,030
1508	409,847,500	409,847,500	1508 » 1509	1,030
1509	410,362,500	410,362,500	1509 » 1510	1,030
1510	410,877,500	410,877,500	1510 » 1511	1,030
1511	411,392,500	411,392,500	1511 » 1512	1,030
1512	411,907,500	411,907,500	1512 » 1513	1,035
1513	412,425,000	412,425,000	1513 » 1514	1,035
1514	412,942,500	412,942,500	1514 » 1515	1,035
1515	413,460,000	413,460,000	1515 » 1516	1,035
1516	413,977,500	413,977,500	1516 » 1517	1,035
1517	414,495,000	414,495,000	1517 » 1518	1,035
1518	415,012,500	415,012,500	1518 » 1519	1,035
1519	415,530,000	415,530,000	1519 » 1520	1,035
1520	416,047,500	416,047,500	1520 » 1521	1,040
1521	416,567,500	416,567,500	1521 » 1522	1,040
1522	417,087,500	417,087,500	1522 » 1523	1,040
1523	417,607,500	417,607,500	1523 » 1524	1,040
1524	418,127,500	418,127,500	1524 » 1525	1,040
1525	418,647,500	418,647,500	1525 » 1526	1,040
1526	419,167,500	419,167,500	1526 » 1527	1,040
1527	419,687,500	419,687,500	1527 » 1528	1,040
1528	420,207,500	420,207,500	1528 » 1529	1,045
1529	420,730,000	420,730,000	1529 » 1530	1,045
1530	421,252,500	421,252,500	1530 » 1531	1,045
1531	421,775,000	421,775,000	1531 » 1532	1,045
1532	422,297,500	422,297,500	1532 » 1533	1,045
1533	422,820,000	422,820,000	1533 » 1534	1,045
1534	423,342,500	423,342,500	1534 » 1535	1,045
1535	423,865,000	423,865,000	1535 » 1536	1,045
1536	424,387,500	424,387,500	1536 » 1537	1,050
1537	424,912,500	424,912,500	1537 » 1538	1,050
1538	425,437,500	425,437,500	1538 » 1539	1,050
1539	425,962,500	425,962,500	1539 » 1540	1,050
1540	426,487,500	426,487,500	1540 » 1541	1,050
1541	427,012,500	427,012,500	1541 » 1542	1,050
1542	427,537,500	427,537,500	1542 » 1543	1,050
1543	428,062,500	428,062,500	1543 » 1544	1,050
1544	428,587,500	428,587,500	1544 » 1545	1,055
1545	429,115,000	429,115,000	1545 » 1546	1,055
1546	429,642,500	429,642,500	1546 » 1547	1,055
1547	430,170,000	430,170,000	1547 » 1548	1,055
1548	430,697,500	430,697,500	1548 » 1549	1,055
1549	431,225,000	431,225,000	1549 » 1550	1,055
1550	431,752,500	431,752,500	1550 » 1551	1,055
1551	432,280,000	432,280,000	1551 » 1552	1,055
1552	432,807,500	432,807,500	1552 » 1553	1,055
1553	433,335,000	433,335,000	1553 » 1554	1,060
1554	433,865,000	433,865,000	1554 » 1555	1,060
1555	434,395,000	434,395,000	1555 » 1556	1,060
1556	434,925,000	434,925,000	1556 » 1557	1,060
1557	435,455,000	435,455,000	1557 » 1558	1,060
1558	435,985,000	435,985,000	1558 » 1559	1,060
1559	436,515,000	436,515,000	1559 » 1560	1,060
1560	437,045,000	437,045,000	1560 » 1561	1,060
1561	437,575,000	437,575,000	1561 » 1562	1,065
1562	438,107,500	438,107,500	1562 » 1563	1,065
1563	438,640,000	438,640,000	1563 » 1564	1,065
1564	439,172,500	439,172,500	1564 » 1565	1,065
1565	439,705,000	439,705,000	1565 » 1566	1,065
1566	440,237,500	440,237,500	1566 » 1567	1,065
1567	440,770,000	440,770,000	1567 » 1568	1,065
1568	441,302,500	441,302,500	1568 » 1569	1,065
1569	441,835,000	441,835,000	1569 » 1570	1,070
1570	442,370,000	442,370,000	1570 » 1571	1,070
1571	442,905,000	442,905,000	1571 » 1572	1,070
1572	443,440,000	443,440,000	1572 » 1573	1,070
1573	443,975,000	443,975,000	1573 » 1574	1,070
1574	444,510,000	444,510,000	1574 » 1575	1,070
1575	445,045,000	445,045,000	1575 » 1576	1,070
1576	445,580,000	445,580,000	1576 » 1577	1,070
1577	446,115,000	446,115,000	1577 » 1578	1,075
1578	446,652,500	446,652,500	1578 » 1579	1,075
1579	447,190,000	447,190,000	1579 » 1580	1,075
1580	447,727,500	447,727,500	1580 » 1581	1,075
1581	448,265,000	448,265,000	1581 » 1582	1,075
1582	448,802,500	448,802,500	1582 » 1583	1,075
1583	449,340,000	449,340,000	1583 » 1584	1,075
1584	449,877,500	449,877,500	1584 » 1585	1,075
1585	450,415,000	450,415,000	1585 » 1586	1,080
1586	450,955,000	450,955,000	1586 » 1587	1,080
1587	451,495,000	451,495,000	1587 » 1588	1,080
1588	452,035,000	452,035,000	1588 » 1589	1,080
1589	452,575,000	452,575,000	1589 » 1590	1,080
1590	453,115,000	453,115,000	1590 » 1591	1,080
1591	453,655,000	453,655,000	1591 » 1592	1,080
1592	454,195,000	454,195,000	1592 » 1593	1,080
1593	454,735,000	454,735,000	1593 » 1594	1,080
1594	455,275,000	455,275,000	1594 » 1595	1,085
1595	455,817,500	455,817,500	1595 » 1596	1,085
1596	456,360,000	456,360,000	1596 » 1597	1,085
1597	456,902,500	456,902,500	1597 » 1598	1,085
1598	457,445,000	457,445,000	1598 » 1599	1,085
1599	457,987,500	457,987,500	1599 » 1600	1,085
1600	458,530,000	458,530,000	1600 » 1601	1,085
1601	459,072,500	459,072,500	1601 » 1602	1,085
1602	459,615,000	459,615,000	1602 » 1603	1,090
1603	460,160,000	460,160,000	1603 » 1604	1,090
1604	460,705,000	460,705,000	1604 » 1605	1,090
1605	461,250,000	461,250,000	1605 » 1606	1,090
1606	461,795,000	461,795,000	1606 » 1607	1,090
1607	462,340,000	462,340,000	1607 » 1608	1,090
1608	462,885,000	462,885,000	1608 » 1609	1,090
1609	463,430,000	463,430,000	1609 » 1610	1,090
1610	463,975,000	463,975,000	1610 » 1611	1,095
1611	464,522,500	464,522,500	1611 » 1612	1,095
1612	465,070,000	465,070,000	1612 » 1613	1,095
1613	465,617,500	465,617,500	1613 » 1614	1,095
1614	466,165,000	466,165,000	1614 » 1615	1,095
1615	466,712,500	466,712,500	1615 » 1616	1,095
1616	467,260,000	467,260,000	1616 » 1617	1,095
1617	467,807,500	467,807,500	1617 » 1618	1,095
1618	468,355,000	468,355,000	1618 » 1619	1100
1619	468,905,000	468,905,000	1619 » 1620	1100
1620	469,455,000	469,455,000	1620 » 1621	1100
1621	470,005,000	470,005,000	1621 » 1622	1100
1622	470,555,000	470,555,000	1622 » 1623	1100
1623	471,105,000	471,105,000	1623 » 1624	1100
1624	471,655,000	471,655,000	1624 » 1625	1100
1625	472,205,000	472,205,000	1625 » 1626	1100
1626	472,755,000	472,755,000	1626 » 1627	1105
1627	473,307,500	473,307,500	1627 » 1628	1105
1628	473,860,000	473,860,000	1628 » 1629	1105
1629	474,412,500	474,412,500	1629 » 1630	1105
1630	474,965,000	474,965,000	1630 » 1631	1105
1631	475,517,500	475,517,500	1631 » 1632	1105
1632	476,070,000	476,070,000	1632 » 1633	1105
1633	476,622,500	476,622,500	1633 » 1634	1105
1634	477,175,000	477,175,000	1634 » 1635	1105
1635	477,727,500	477,727,500	1635 » 1636	1110
1636	478,282,500	478,282,500	1636 » 1637	1110
1637	478,837,500	478,837,500	1637 » 1638	1110
1638	479,392,500	479,392,500	1638 » 1639	1110
1639	479,947,500	479,947,500	1639 » 1640	1110
1640	480,502,500	480,502,500	1640 » 1641	1110
1641	481,057,500	481,057,500	1641 » 1642	1110
1642	481,612,500	481,612,500	1642 » 1643	1110
1643	482,167,500	482,167,500	1643 » 1644	1115
1644	482,725,000	482,725,000	1644 » 1645	1115
1645	483,282,500	483,282,500	1645 » 1646	1115
1646	483,840,000	483,840,000	1646 » 1647	1115
1647	484,397,500	484,397,500	1647 » 1648	1115
1648	484,955,000	484,955,000	1648 » 1649	1115
1649	485,512,500	485,512,500	1649 » 1650	1115
1650	486,070,000	486,070,000	1650 » 1651	1115
1651	486,627,500	486,627,500	1651 » 1652	1120
1652	487,187,500	487,187,500	1652 » 1653	1120
1653	487,747,500	487,747,500	1653 » 1654	1120
1654	488,307,500	488,307,500	1654 » 1655	1120
1655	488,867,500	488,867,500	1655 » 1656	1120
1656	489,427,500	489,427,500	1656 » 1657	1120
1657	489,987,500	489,987,500	1657 » 1658	1120
1658	490,547,500	490,547,500	1658 » 1659	1120
1659	491,107,500	491,107,500	1659 » 1660	1125
1660	491,670,000	491,670,000	1660 » 1661	1125
1661	492,232,500	492,232,500	1661 » 1662	1125
1662	492,795,000	492,795,000	1662 » 1663	1125
1663	493,357,500	493,357,500	1663 » 1664	1125
1664	493,920,000	493,920,000	1664 » 1665	1125
1665	494,482,500	494,482,500	1665 » 1666	1125
1666	495,045,000	495,045,000	1666 » 1667	1125
1667	495,607,500	495,607,500	1667 » 1668	1125
1668	496,170,000	496,170,000	1668 » 1669	1130
1669	496,735,000	496,735,000	1669 » 1670	1130
1670	497,300,000	497,300,000	1670 » 1671	1130
1671	497,865,000	497,865,000	1671 » 1672	1130
1672	498,430,000	498,430,000	1672 » 1673	1130
1673	498,995,000	498,995,000	1673 » 1674	1130
1674	499,560,000	499,560,000	1674 » 1675	1130
1675	500,125,000	500,125,000	1675 » 1676	1130
1676	500,690,000	500,690,000	1676 » 1677	1135
1677	501,257,500	501,257,500	1677 » 1678	1135
1678	501,825,000	501,825,000	1678 » 1679	1135
1679	502,392,500	502,392,500	1679 » 1680	1135
1680	502,960,000	502,960,000	1680 » 1681	1135
1681	503,527,500	503,527,500	1681 » 1682	1135
1682	504,095,000	504,095,000	1682 » 1683	1135
1683	504,662,500	504,662,500	1683 » 1684	1135
1684	505,230,000	505,230,000	1684 » 1685	1140
1685	505,800,000	505,800,000	1685 » 1686	1140
1686	506,370,000	506,370,000	1686 » 1687	1140
1687	506,940,000	506,940,000	1687 » 1688	1140
1688	507,510,000	507,510,000	1688 » 1689	1140
1689	508,080,000	508,080,000	1689 » 1690	1140
1690	508,650,000	508,650,000	1690 » 1691	1140
1691	509,220,000	509,220,000	1691 » 1692	1140
1692	509,790,000	509,790,000	1692 » 1693	1145
1693	510,362,500	510,362,500	1693 » 1694	1145
1694	510,935,000	510,935,000	1694 » 1695	1145
1695	511,507,500	511,507,500	1695 » 1696	1145
1696	512,080,000	512,080,000	1696 » 1697	1145
1697	512,652,500	512,652,500	1697 » 1698	1145
1698	513,225,000	513,225,000	1698 » 1699	1145
1699	513,797,500	513,797,500	1699 » 1700	1145
1700	514,370,000	514,370,000	1700 » 1701	1145
1701	514,942,500	514,942,500	1701 » 1702	1150
1702	515,517,500	515,517,500	1702 » 1703	1150
1703	516,092,500	516,092,500	1703 » 1704	1150
1704	516,667,500	516,667,500	1704 » 1705	1150
1705	517,242,500	517,242,500	1705 » 1706	1150
1706	517,817,500	517,817,500	1706 » 1707	1150
1707	518,392,500	518,392,500	1707 » 1708	1150
1708	518,967,500	518,967,500	1708 » 1709	1150
1709	519,542,500	519,542,500	1709 » 1710	1155
1710	520,120,000	520,120,000	1710 » 1711	1155
1711	520,697,500	520,697,500	1711 » 1712	1155
1712	521,275,000	521,275,000	1712 » 1713	1155
1713	521,852,500	521,852,500	1713 » 1714	1155
1714	522,430,000	522,430,000	1714 » 1715	1155
1715	523,007,500	523,007,500	1715 » 1716	1155
1716	523,585,000	523,585,000	1716 » 1717	1155
1717	524,162,500	524,162,500	1717 » 1718	1160
1718	524,742,500	524,742,500	1718 » 1719	1160
1719	525,322,500	525,322,500	1719 » 1720	1160
1720	525,902,500	525,902,500	1720 » 1721	1160
1721		526,482,500	1721 » 1722	1160
1722		527,062,500	1722 » 1723	1160
1723		527,642,500	1723 » 1724	1160
1724		528,222,500	1724 » 1725	1160
1725		528,802,500	1725 » 1726	1165
1726		529,385,000	1726 » 1727	1165
1727		529,967,500	1727 » 1728	1165
1728		530,550,000	1728 » 1729	1165
1729		531,132,500	1729 » 1730	1165
1730		531,715,000	1730 » 1731	1165
1731		532,297,500	1731 » 1732	1165
1732		532,880,000	1732 » 1733	1165
1733		533,462,500	1733 » 1734	1165
1734		534,045,000	1734 » 1735	1170
1735		534,630,000	1735 » 1736	1170
1736		535,215,000	1736 » 1737	1170
1737		535,800,000	1737 » 1738	1170
1738	536,385,000	536,385,000	1738 » 1739	1170
1739	536,970,000	536,970,000	1739 » 1740	1170
1740		537,555,000	1740 » 1741	1170
1741		538,140,000	1741 » 1742	1170
1742		538,725,000	1742 » 1743	1175
1743	539,312,500	539,312,500	1743 » 1744	1175
1744	539,900,000	539,900,000	1744 » 1745	1175
1745	540,487,500	540,487,500	1745 » 1746	1175
1746	541,075,000	541,075,000	1746 » 1747	1175
1747	541,662,500	541,662,500	1747 » 1748	1175
1748	542,250,000	542,250,000	1748 » 1749	1175
1749	542,837,500	542,837,500	1749 » 1750	1175
1750	543,425,000	543,425,000	1750 » 1751	1180
1751	544,015,000	544,015,000	1751 » 1752	1180
1752	544,605,000	544,605,000	1752 » 1753	1180
1753	545,195,000	545,195,000	1753 » 1754	1180
1754	545,785,000	545,785,000	1754 » 1755	1180
1755	546,375,000	546,375,000	1755 » 1756	1180
1756	546,965,000	546,965,000	1756 » 1757	1180
1757	547,555,000	547,555,000	1757 » 1758	1180
1758	548,145,000	548,145,000	1758 » 1759	1185
1759	548,737,500	548,737,500	1759 » 1760	1185
1760	549,330,000	549,330,000	1760 » 1761	1185
1761	549,922,500	549,922,500	1761 » 1762	1185
1762	550,515,000	550,515,000	1762 » 1763	1185
1763	551,107,500	551,107,500	1763 » 1764	1185
1764	551,700,000	551,700,000	1764 » 1765	1185
1765	552,292,500	552,292,500	1765 » 1766	1185
1766	552,885,000	552,885,000	1766 » 1767	1185
1767	553,477,500	553,477,500	1767 » 1768	1190
1768	554,072,500	554,072,500	1768 » 1769	1190
1769	554,667,500	554,667,500	1769 » 1770	1190
1770	555,262,500	555,262,500	1770 » 1771	1190
1771	555,857,500	555,857,500	1771 » 1772	1190
1772	556,452,500	556,452,500	1772 » 1773	1190
1773	557,047,500	557,047,500	1773 » 1774	1190
1774	557,642,500	557,642,500	1774 » 1775	1190
1775	558,237,500	558,237,500	1775 » 1776	1195
1776	558,835,000	558,835,000	1776 » 1777	1195
1777	559,432,500	559,432,500	1777 » 1778	1195
1778	560,030,000	560,030,000	1778 » 1779	1195
1779	560,627,500	560,627,500	1779 » 1780	1195
1780	561,225,000	561,225,000	1780 » 1781	1195
1781	561,822,500	561,822,500	1781 » 1782	1195
1782	562,420,000	562,420,000	1782 » 1783	1195
1783	563,017,500	563,017,500	1783 » 1784	1200
1784	563,617,500	563,617,500	1784 » 1785	1200
1785	564,217,500	564,217,500	1785 » 1786	1200
1786	564,817,500	564,817,500	1786 » 1787	1200
1787	565,417,500	565,417,500	1787 » 1788	1200
1788	566,017,500	566,017,500	1788 » 1789	1200
1789	566,617,500	566,617,500	1789 » 1790	1200
1790	567,217,500	567,217,500	1790 » 1791	1200
1791	567,817,500	567,817,500	1791 » 1792	1200
1792	568,417,500	568,417,500	1792 » 1793	1205
1793	569,020,000	569,020,000	1793 » 1794	1205
1794	569,622,500	569,622,500	1794 » 1795	1205
1795	570,225,000	570,225,000	1795 » 1796	1205
1796	570,827,500	570,827,500	1796 » 1797	1205
1797	571,430,000	571,430,000	1797 » 1798	1205
1798	572,032,500	572,032,500	1798 » 1799	1205
1799	572,635,000	572,635,000	1799 » 1800	1205
1800	573,237,500	573,237,500	1800 » 1801	1210
1801	573,842,500	573,842,500	1801 » 1802	1210
1802	574,447,500	574,447,500	1802 » 1803	1210
1803	575,052,500	575,052,500	1803 » 1804	1210
1804	575,657,500	575,657,500	1804 » 1805	1210
1805	576,262,500	576,262,500	1805 » 1806	1210
1806	576,867,500	576,867,500	1806 » 1807	1210
1807	577,472,500	577,472,500	1807 » 1808	1210
1808	578,077,500	578,077,500	1808 » 1809	1215
1809	578,685,000	578,685,000	1809 » 1810	1215
1810	579,292,500	579,292,500	1810 » 1811	1215
1811	579,900,000	579,900,000	1811 » 1812	1215
1812	580,507,500	580,507,500	1812 » 1813	1215
1813	581,115,000	581,115,000	1813 » 1814	1215
1814	581,722,500	581,722,500	1814 » 1815	1215
1815	582,330,000	582,330,000	1815 » 1816	1215
1816	582,937,500	582,937,500	1816 » 1817	1220
1817	583,547,500	583,547,500	1817 » 1818	1220
1818	584,157,500	584,157,500	1818 » 1819	1220
1819	584,767,500	584,767,500	1819 » 1820	1220
1820	585,377,500	585,377,500	1820 » 1821	1220
1821	585,987,500	585,987,500	1821 » 1822	1220
1822	586,597,500	586,597,500	1822 » 1823	1220
1823	587,207,500	587,207,500	1823 » 1824	1220
1824	587,817,500	587,817,500	1824 » 1825	1220
1825	588,427,500	588,427,500	1825 » 1826	1225
1826	589,040,000	589,040,000	1826 » 1827	1225
1827	589,652,500	589,652,500	1827 » 1828	1225
1828	590,265,000	590,265,000	1828 » 1829	1225
1829	590,877,500	590,877,500	1829 » 1830	1225
1830	591,490,000	591,490,000	1830 » 1831	1225
1831	592,102,500	592,102,500	1831 » 1832	1225
1832	592,715,000	592,715,000	1832 » 1833	1225
1833	593,327,500	593,327,500	1833 » 1834	1230
1834	593,942,500	593,942,500	1834 » 1835	1230
1835	594,557,500	594,557,500	1835 » 1836	1230
1836	595,172,500	595,172,500	1836 » 1837	1230
1837	595,787,500	595,787,500	1837 » 1838	1230
1838	596,402,500	596,402,500	1838 » 1839	1230
1839	597,017,500	597,017,500	1839 » 1840	1230
1840	597,632,500	597,632,500	1840 » 1841	1230
1841	598,247,500	598,247,500	1841 » 1842	1235
1842	598,865,000	598,865,000	1842 » 1843	1235
1843	599,482,500	599,482,500	1843 » 1844	1235
1844	600,100,000	600,100,000	1844 » 1845	1235
1845	600,717,500	600,717,500	1845 » 1846	1235
1846	601,335,000	601,335,000	1846 » 1847	1235
1847	601,952,500	601,952,500	1847 » 1848	1235
1848	602,570,000	602,570,000	1848 » 1849	1235
1849	603,187,500	603,187,500	1849 » 1850	1235
1850	603,805,000	603,805,000	1850 » 1851	1240
1851	604,425,000	604,425,000	1851 » 1852	1240
1852	605,045,000	605,045,000	1852 » 1853	1240
1853	605,665,000	605,665,000	1853 » 1854	1240
1854	606,285,000	606,285,000	1854 » 1855	1240
1855	606,905,000	606,905,000	1855 » 1856	1240
1856	607,525,000	607,525,000	1856 » 1857	1240
1857	608,145,000	608,145,000	1857 » 1858	1240
1858	608,765,000	608,765,000	1858 » 1859	1245
1859	609,387,500	609,387,500	1859 » 1860	1245
1860	610,010,000	610,010,000	1860 » 1861	1245
1861	610,632,500	610,632,500	1861 » 1862	1245
1862	611,255,000	611,255,000	1862 » 1863	1245
1863	611,877,500	611,877,500	1863 » 1864	1245
1864	612,500,000	612,500,000	1864 » 1865	1245
1865	613,122,500	613,122,500	1865 » 1866	1245
1866	613,745,000	613,745,000	1866 » 1867	1250
1867	614,370,000	614,370,000	1867 » 1868	1250
1868	614,995,000	614,995,000	1868 » 1869	1250
1869	615,620,000	615,620,000	1869 » 1870	1250
1870	616,245,000	616,245,000	1870 » 1871	1250
1871	616,870,000	616,870,000	1871 » 1872	1250
1872	617,495,000	617,495,000	1872 » 1873	1250
1873	618,120,000	618,120,000	1873 » 1874	1250
1874	618,745,000	618,745,000	1874 » 1875	1250
1875	619,370,000	619,370,000	1875 » 1876	1255
1876	619,997,500	619,997,500	1876 » 1877	1255
1877	620,625,000	620,625,000	1877 » 1878	1255
1878		621,252,500	1878 » 1879	1255
1879	621,880,000	621,880,000	1879 » 1880	1255
1880	622,507,500	622,507,500	1880 » 1881	1255
1881	623,135,000	623,135,000	1881 » 1882	1255
1882	623,762,500	623,762,500	1882 » 1883	1255
1883	624,390,000	624,390,000	1883 » 1884	1260
1884	625,020,000	625,020,000	1884 » 1885	1260
1885	625,650,000	625,650,000	1885 » 1886	1260
1886	626,280,000	626,280,000	1886 » 1887	1260
1887	626,910,000	626,910,000	1887 » 1888	1260
1888	627,540,000	627,540,000	1888 » 1889	1260
1889	628,170,000	628,170,000	1889 » 1890	1260
1890	628,800,000	628,800,000	1890 » 1891	1260
1891	629,430,000	629,430,000	1891 » 1892	1265
1892	630,062,500	630,062,500	1892 » 1893	1265
1893	630,695,000	630,695,000	1893 » 1894	1265
1894	631,327,500	631,327,500	1894 » 1895	1265
1895	631,960,000	631,960,000	1895 » 1896	1265
1896	632,592,500	632,592,500	1896 » 1897	1265
1897	633,225,000	633,225,000	1897 » 1898	1265
1898	633,857,500	633,857,500	1898 » 1899	1265
1899	634,490,000	634,490,000	1899 » 1900	1265
1900	635,122,500	635,122,500	1900 » 1901	1270
1901	635,757,500	635,757,500	1901 » 1902	1270
1902	636,392,500	636,392,500	1902 » 1903	1270
1903	637,027,500	637,027,500	1903 » 1904	1270
1904	637,662,500	637,662,500	1904 » 1905	1270
1905	638,297,500	638,297,500	1905 » 1906	1270
1906	638,932,500	638,932,500	1906 » 1907	1270
1907	639,567,500	639,567,500	1907 » 1908	1270
1908	640,202,500	640,202,500	1908 » 1909	1275
1909	640,840,000	640,840,000	1909 » 1910	1275
1910	641,477,500	641,477,500	1910 » 1911	1275
1911	642,115,000	642,115,000	1911 » 1912	1275
1912	642,752,500	642,752,500	1912 » 1913	1275
1913	643,390,000	643,390,000	1913 » 1914	1275
1914	644,027,500	644,027,500	1914 » 1915	1275
1915	644,665,000	644,665,000	1915 » 1916	1275
1916	645,302,500	645,302,500	1916 » 1917	1280
1917	645,942,500	645,942,500	1917 » 1918	1280
1918	646,582,500	646,582,500	1918 » 1919	1280
1919	647,222,500	647,222,500	1919 » 1920	1280
1920	647,862,500	647,862,500	1920 » 1921	1280
1921	648,502,500	648,502,500	1921 » 1922	1280
1922	649,142,500	649,142,500	1922 » 1923	1280
1923	649,782,500	649,782,500	1923 » 1924	1280
1924	650,422,500	650,422,500	1924 » 1925	1280
1925	651,062,500	651,062,500	1925 » 1926	1285
1926	651,705,000	651,705,000	1926 » 1927	1285
1927	652,347,500	652,347,500	1927 » 1928	1285
1928	652,990,000	652,990,000	1928 » 1929	1285
1929	653,632,500	653,632,500	1929 » 1930	1285
1930	654,275,000	654,275,000	1930 » 1931	1285
1931	654,917,500	654,917,500	1931 » 1932	1285
1932	655,560,000	655,560,000	1932 » 1933	1285
1933	656,202,500	656,202,500	1933 » 1934	1290
1934	656,847,500	656,847,500	1934 » 1935	1290
1935	657,492,500	657,492,500	1935 » 1936	1290
1936	658,137,500	658,137,500	1936 » 1937	1290
1937	658,782,500	658,782,500	1937 » 1938	1290
1938	659,427,500	659,427,500	1938 » 1939	1290
1939	660,072,500	660,072,500	1939 » 1940	1290
1940	660,717,500	660,717,500	1940 » 1941	1290
1941	661,362,500	661,362,500	1941 » 1942	1290
1942	662,007,500	662,007,500	1942 » 1943	1295
1943	662,655,000	662,655,000	1943 » 1944	1295
1944	663,302,500	663,302,500	1944 » 1945	1295
1945	663,950,000	663,950,000	1945 » 1946	1295
1946	664,597,500	664,597,500	1946 » 1947	1295
1947	665,245,000	665,245,000	1947 » 1948	1295
1948	665,892,500	665,892,500	1948 » 1949	1295
1949	666,540,000	666,540,000	1949 » 1950	1295
1950	667,187,500	667,187,500	1950 » 1951	1300
1951	667,837,500	667,837,500	1951 » 1952	1300
1952	668,487,500	668,487,500	1952 » 1953	1300
1953	669,137,500	669,137,500	1953 » 1954	1300
1954	669,787,500	669,787,500	1954 » 1955	1300
1955	670,437,500	670,437,500	1955 » 1956	1300
1956	671,087,500	671,087,500	1956 » 1957	1300
1957	671,737,500	671,737,500	1957 » 1958	1300
1958	672,387,500	672,387,500	1958 » 1959	1305
1959	673,040,000	673,040,000	1959 » 1960	1305
1960	673,692,500	673,692,500	1960 » 1961	1305
1961	674,345,000	674,345,000	1961 » 1962	1305
1962	674,997,500	674,997,500	1962 » 1963	1305
1963	675,650,000	675,650,000	1963 » 1964	1305
1964	676,302,500	676,302,500	1964 » 1965	1305
1965	676,955,000	676,955,000	1965 » 1966	1305
1966	677,607,500	677,607,500	1966 » 1967	1305
1967	678,260,000	678,260,000	1967 » 1968	1310
1968	678,915,000	678,915,000	1968 » 1969	1310
1969	679,570,000	679,570,000	1969 » 1970	1310
1970	680,225,000	680,225,000	1970 » 1971	1310
1971	680,880,000	680,880,000	1971 » 1972	1310
1972	681,535,000	681,535,000	1972 » 1973	1310
1973	682,190,000	682,190,000	1973 » 1974	1310
1974	682,845,000	682,845,000	1974 » 1975	1310
1975	683,500,000	683,500,000	1975 » 1976	1315
1976	684,157,500	684,157,500	1976 » 1977	1315
1977	684,815,000	684,815,000	1977 » 1978	1315
1978	685,472,500	685,472,500	1978 » 1979	1315
1979	686,130,000	686,130,000	1979 » 1980	1315
1980	686,787,500	686,787,500	1980 » 1981	1315
1981	687,445,000	687,445,000	1981 » 1982	1315
1982	688,102,500	688,102,500	1982 » 1983	1315
1983	688,760,000	688,760,000	1983 » 1984	1320
1984	689,420,000	689,420,000	1984 » 1985	1320
1985	690,080,000	690,080,000	1985 » 1986	1320
1986	690,740,000	690,740,000	1986 » 1987	1320
1987	691,400,000	691,400,000	1987 » 1988	1320
1988	692,060,000	692,060,000	1988 » 1989	1320
1989	692,720,000	692,720,000	1989 » 1990	1320
1990	693,380,000	693,380,000	1990 » 1991	1320
1991	694,040,000	694,040,000	1991 » 1992	1320
1992	694,700,000	694,700,000	1992 » 1993	1325
1993	695,362,500	695,362,500	1993 » 1994	1325
1994	696,025,000	696,025,000	1994 » 1995	1325
1995	696,687,500	696,687,500	1995 » 1996	1325
1996	697,350,000	697,350,000	1996 » 1997	1325
1997	698,012,500	698,012,500	1997 » 1998	1325
1998	698,675,000	698,675,000	1998 » 1999	1325
1999	699,337,500	699,337,500	1999 » 2000	1325
2000	700,000,000	700,000,000	2000 » 2001	