Level	Light Power	Light Power (calculated)	Upgrade	Regent	Regent (Est.)
0	0		0 » 1	5	
1	7,000	7,000	1 » 2	5	
2	14,000	14,000	2 » 3	5	
3	21,000	21,000	3 » 4	10	
4	35,000	35,000	4 » 5	10	
5	49,000	49,000	5 » 6	10	
6	63,000	63,000	6 » 7	10	
7	77,000	77,000	7 » 8	15	
8	98,000	98,000	8 » 9	15	
9	119,000	119,000	9 » 10	15	
10	140,000	140,000	10 » 11	15	
11	161,000	161,000	11 » 12	15	
12	182,000	182,000	12 » 13	20	
13	210,000	210,000	13 » 14	20	
14	238,000	238,000	14 » 15	20	
15	266,000	266,000	15 » 16	20	
16	294,000	294,000	16 » 17	20	
17	322,000	322,000	17 » 18	25	
18	357,000	357,000	18 » 19	25	
19	392,000	392,000	19 » 20	25	
20	427,000	427,000	20 » 21	25	
21	462,000	462,000	21 » 22	25	
22	497,000	497,000	22 » 23	30	
23	539,000	539,000	23 » 24	30	
24	581,000	581,000	24 » 25	30	
25	623,000	623,000	25 » 26	30	
26	665,000	665,000	26 » 27	30	
27	707,000	707,000	27 » 28	30	
28	749,000	749,000	28 » 29	35	
29	798,000	798,000	29 » 30	35	
30	847,000	847,000	30 » 31	35	
31	896,000	896,000	31 » 32	35	
32	945,000	945,000	32 » 33	35	
33	994,000	994,000	33 » 34	35	
34	1,043,000	1,043,000	34 » 35	40	
35	1,099,000	1,099,000	35 » 36	40	
36	1,155,000	1,155,000	36 » 37	40	
37	1,211,000	1,211,000	37 » 38	40	
38	1,267,000	1,267,000	38 » 39	40	
39	1,323,000	1,323,000	39 » 40	40	
40	1,379,000	1,379,000	40 » 41	40	
41	1,435,000	1,435,000	41 » 42	45	
42	1,498,000	1,498,000	42 » 43	45	
43	1,561,000	1,561,000	43 » 44	45	
44	1,624,000	1,624,000	44 » 45	45	
45	1,687,000	1,687,000	45 » 46	45	
46	1,750,000	1,750,000	46 » 47	45	
47	1,813,000	1,813,000	47 » 48	50	
48	1,883,000	1,883,000	48 » 49	50	
49	1,953,000	1,953,000	49 » 50	50	
50	2,023,000	2,023,000	50 » 51	50	
51	2,093,000	2,093,000	51 » 52	50	
52	2,163,000	2,163,000	52 » 53	50	
53	2,233,000	2,233,000	53 » 54	50	
54	2,303,000	2,303,000	54 » 55	55	
55	2,380,000	2,380,000	55 » 56	55	
56	2,457,000	2,457,000	56 » 57	55	
57	2,534,000	2,534,000	57 » 58	55	
58	2,611,000	2,611,000	58 » 59	55	
59	2,688,000	2,688,000	59 » 60	55	
60	2,765,000	2,765,000	60 » 61	55	
61	2,842,000	2,842,000	61 » 62	60	
62	2,926,000	2,926,000	62 » 63	60	
63	3,010,000	3,010,000	63 » 64	60	
64	3,094,000	3,094,000	64 » 65	60	
65	3,178,000	3,178,000	65 » 66	60	
66	3,262,000	3,262,000	66 » 67	60	
67	3,346,000	3,346,000	67 » 68	60	
68	3,430,000	3,430,000	68 » 69	65	
69	3,521,000	3,521,000	69 » 70	65	
70	3,612,000	3,612,000	70 » 71	65	
71	3,703,000	3,703,000	71 » 72	65	
72	3,794,000	3,794,000	72 » 73	65	
73	3,885,000	3,885,000	73 » 74	65	
74	3,976,000	3,976,000	74 » 75	65	
75	4,067,000	4,067,000	75 » 76	70	
76	4,165,000	4,165,000	76 » 77	70	
77	4,263,000	4,263,000	77 » 78	70	
78	4,361,000	4,361,000	78 » 79	70	
79	4,459,000	4,459,000	79 » 80	70	
80	4,557,000	4,557,000	80 » 81	70	
81	4,655,000	4,655,000	81 » 82	70	
82	4,753,000	4,753,000	82 » 83	75	
83	4,858,000	4,858,000	83 » 84	75	
84	4,963,000	4,963,000	84 » 85	75	
85	5,068,000	5,068,000	85 » 86	75	
86	5,173,000	5,173,000	86 » 87	75	
87	5,278,000	5,278,000	87 » 88	75	
88	5,383,000	5,383,000	88 » 89	75	
89	5,488,000	5,488,000	89 » 90	75	
90	5,593,000	5,593,000	90 » 91	80	
91	5,705,000	5,705,000	91 » 92	80	
92	5,817,000	5,817,000	92 » 93	80	
93	5,929,000	5,929,000	93 » 94	80	
94	6,041,000	6,041,000	94 » 95	80	
95	6,153,000	6,153,000	95 » 96	80	
96	6,265,000	6,265,000	96 » 97	80	
97	6,377,000	6,377,000	97 » 98	85	
98	6,496,000	6,496,000	98 » 99	85	
99	6,615,000	6,615,000	99 » 100	85	
100	6,734,000	6,734,000	100 » 101	85	
101	6,853,000	6,853,000	101 » 102	85	
102	6,972,000	6,972,000	102 » 103	85	
103	7,091,000	7,091,000	103 » 104	85	
104	7,210,000	7,210,000	104 » 105	85	
105	7,329,000	7,329,000	105 » 106	90	
106	7,455,000	7,455,000	106 » 107	90	
107	7,581,000	7,581,000	107 » 108	90	
108	7,707,000	7,707,000	108 » 109	90	
109	7,833,000	7,833,000	109 » 110	90	
110	7,959,000	7,959,000	110 » 111	90	
111	8,085,000	8,085,000	111 » 112	90	
112	8,211,000	8,211,000	112 » 113	90	
113	8,337,000	8,337,000	113 » 114	95	
114	8,470,000	8,470,000	114 » 115	95	
115	8,603,000	8,603,000	115 » 116	95	
116	8,736,000	8,736,000	116 » 117	95	
117	8,869,000	8,869,000	117 » 118	95	
118	9,002,000	9,002,000	118 » 119	95	
119	9,135,000	9,135,000	119 » 120	95	
120	9,268,000	9,268,000	120 » 121	95	
121	9,401,000	9,401,000	121 » 122	100	
122	9,541,000	9,541,000	122 » 123	100	
123	9,681,000	9,681,000	123 » 124	100	
124	9,821,000	9,821,000	124 » 125	100	
125	9,961,000	9,961,000	125 » 126	100	
126	10,101,000	10,101,000	126 » 127	100	
127	10,241,000	10,241,000	127 » 128	100	
128	10,381,000	10,381,000	128 » 129	100	
129	10,521,000	10,521,000	129 » 130	105	
130	10,668,000	10,668,000	130 » 131	105	
131	10,815,000	10,815,000	131 » 132	105	
132	10,962,000	10,962,000	132 » 133	105	
133	11,109,000	11,109,000	133 » 134	105	
134	11,256,000	11,256,000	134 » 135	105	
135	11,403,000	11,403,000	135 » 136	105	
136	11,550,000	11,550,000	136 » 137	105	
137	11,697,000	11,697,000	137 » 138	110	
138	11,851,000	11,851,000	138 » 139	110	
139	12,005,000	12,005,000	139 » 140	110	
140	12,159,000	12,159,000	140 » 141	110	
141	12,313,000	12,313,000	141 » 142	110	
142	12,467,000	12,467,000	142 » 143	110	
143	12,621,000	12,621,000	143 » 144	110	
144	12,775,000	12,775,000	144 » 145	110	
145	12,929,000	12,929,000	145 » 146	115	
146	13,090,000	13,090,000	146 » 147	115	
147	13,251,000	13,251,000	147 » 148	115	
148	13,412,000	13,412,000	148 » 149	115	
149	13,573,000	13,573,000	149 » 150	115	
150	13,734,000	13,734,000	150 » 151	115	
151	13,895,000	13,895,000	151 » 152	115	
152	14,056,000	14,056,000	152 » 153	115	
153	14,217,000	14,217,000	153 » 154	120	
154	14,385,000	14,385,000	154 » 155	120	
155	14,553,000	14,553,000	155 » 156	120	
156	14,721,000	14,721,000	156 » 157	120	
157	14,889,000	14,889,000	157 » 158	120	
158	15,057,000	15,057,000	158 » 159	120	
159	15,225,000	15,225,000	159 » 160	120	
160	15,393,000	15,393,000	160 » 161	120	
161	15,561,000	15,561,000	161 » 162	120	
162	15,729,000	15,729,000	162 » 163	125	
163	15,904,000	15,904,000	163 » 164	125	
164	16,079,000	16,079,000	164 » 165	125	
165	16,254,000	16,254,000	165 » 166	125	
166	16,429,000	16,429,000	166 » 167	125	
167	16,604,000	16,604,000	167 » 168	125	
168	16,779,000	16,779,000	168 » 169	125	
169	16,954,000	16,954,000	169 » 170	125	
170	17,129,000	17,129,000	170 » 171	130	
171	17,311,000	17,311,000	171 » 172	130	
172	17,493,000	17,493,000	172 » 173	130	
173	17,675,000	17,675,000	173 » 174	130	
174	17,857,000	17,857,000	174 » 175	130	
175	18,039,000	18,039,000	175 » 176	130	
176	18,221,000	18,221,000	176 » 177	130	
177	18,403,000	18,403,000	177 » 178	130	
178	18,585,000	18,585,000	178 » 179	130	
179	18,767,000	18,767,000	179 » 180	135	
180	18,956,000	18,956,000	180 » 181	135	
181	19,145,000	19,145,000	181 » 182	135	
182	19,334,000	19,334,000	182 » 183	135	
183	19,523,000	19,523,000	183 » 184	135	
184	19,712,000	19,712,000	184 » 185	135	
185	19,901,000	19,901,000	185 » 186	135	
186	20,090,000	20,090,000	186 » 187	135	
187	20,279,000	20,279,000	187 » 188	140	
188	20,475,000	20,475,000	188 » 189	140	
189	20,671,000	20,671,000	189 » 190	140	
190	20,867,000	20,867,000	190 » 191	140	
191	21,063,000	21,063,000	191 » 192	140	
192	21,259,000	21,259,000	192 » 193	140	
193	21,455,000	21,455,000	193 » 194	140	
194	21,651,000	21,651,000	194 » 195	140	
195	21,847,000	21,847,000	195 » 196	140	
196	22,043,000	22,043,000	196 » 197	145	
197	22,246,000	22,246,000	197 » 198	145	
198	22,449,000	22,449,000	198 » 199	145	
199	22,652,000	22,652,000	199 » 200	145	
200	22,855,000	22,855,000	200 » 201	145	
201	23,058,000	23,058,000	201 » 202	145	
202	23,261,000	23,261,000	202 » 203	145	
203	23,464,000	23,464,000	203 » 204	145	
204	23,667,000	23,667,000	204 » 205	145	
205	23,870,000	23,870,000	205 » 206	150	
206	24,080,000	24,080,000	206 » 207	150	
207	24,290,000	24,290,000	207 » 208	150	
208	24,500,000	24,500,000	208 » 209	150	
209	24,710,000	24,710,000	209 » 210	150	
210	24,920,000	24,920,000	210 » 211	150	
211	25,130,000	25,130,000	211 » 212	150	
212	25,340,000	25,340,000	212 » 213	150	
213	25,550,000	25,550,000	213 » 214	150	
214	25,760,000	25,760,000	214 » 215	155	
215	25,977,000	25,977,000	215 » 216	155	
216	26,194,000	26,194,000	216 » 217	155	
217	26,411,000	26,411,000	217 » 218	155	
218	26,628,000	26,628,000	218 » 219	155	
219	26,845,000	26,845,000	219 » 220	155	
220	27,062,000	27,062,000	220 » 221	155	
221	27,279,000	27,279,000	221 » 222	155	
222	27,496,000	27,496,000	222 » 223	155	
223	27,713,000	27,713,000	223 » 224	160	
224	27,937,000	27,937,000	224 » 225	160	
225	28,161,000	28,161,000	225 » 226	160	
226	28,385,000	28,385,000	226 » 227	160	
227	28,609,000	28,609,000	227 » 228	160	
228	28,833,000	28,833,000	228 » 229	160	
229	29,057,000	29,057,000	229 » 230	160	
230	29,281,000	29,281,000	230 » 231	160	
231	29,505,000	29,505,000	231 » 232	160	
232	29,729,000	29,729,000	232 » 233	165	
233	29,960,000	29,960,000	233 » 234	165	
234	30,191,000	30,191,000	234 » 235	165	
235	30,422,000	30,422,000	235 » 236	165	
236	30,653,000	30,653,000	236 » 237	165	
237	30,884,000	30,884,000	237 » 238	165	
238	31,115,000	31,115,000	238 » 239	165	
239	31,346,000	31,346,000	239 » 240	165	
240	31,577,000	31,577,000	240 » 241	165	
241	31,808,000	31,808,000	241 » 242	170	
242	32,046,000	32,046,000	242 » 243	170	
243	32,284,000	32,284,000	243 » 244	170	
244	32,522,000	32,522,000	244 » 245	170	
245	32,760,000	32,760,000	245 » 246	170	
246	32,998,000	32,998,000	246 » 247	170	
247	33,236,000	33,236,000	247 » 248	170	
248	33,474,000	33,474,000	248 » 249	170	
249	33,712,000	33,712,000	249 » 250	170	
250	33,950,000	33,950,000	250 » 251	175	
251	34,195,000	34,195,000	251 » 252	175	
252	34,440,000	34,440,000	252 » 253	175	
253	34,685,000	34,685,000	253 » 254	175	
254	34,930,000	34,930,000	254 » 255	175	
255	35,175,000	35,175,000	255 » 256	175	
256	35,420,000	35,420,000	256 » 257	175	
257	35,665,000	35,665,000	257 » 258	175	
258	35,910,000	35,910,000	258 » 259	175	
259	36,155,000	36,155,000	259 » 260	175	
260	36,400,000	36,400,000	260 » 261	180	
261	36,652,000	36,652,000	261 » 262	180	
262	36,904,000	36,904,000	262 » 263	180	
263	37,156,000	37,156,000	263 » 264	180	
264	37,408,000	37,408,000	264 » 265	180	
265	37,660,000	37,660,000	265 » 266	180	
266	37,912,000	37,912,000	266 » 267	180	
267	38,164,000	38,164,000	267 » 268	180	
268	38,416,000	38,416,000	268 » 269	180	
269	38,668,000	38,668,000	269 » 270	185	
270	38,927,000	38,927,000	270 » 271	185	
271	39,186,000	39,186,000	271 » 272	185	
272	39,445,000	39,445,000	272 » 273	185	
273	39,704,000	39,704,000	273 » 274	185	
274	39,963,000	39,963,000	274 » 275	185	
275	40,222,000	40,222,000	275 » 276	185	
276	40,481,000	40,481,000	276 » 277	185	
277	40,740,000	40,740,000	277 » 278	185	
278	40,999,000	40,999,000	278 » 279	190	
279	41,265,000	41,265,000	279 » 280	190	
280	41,531,000	41,531,000	280 » 281	190	
281	41,797,000	41,797,000	281 » 282	190	
282	42,063,000	42,063,000	282 » 283	190	
283	42,329,000	42,329,000	283 » 284	190	
284	42,595,000	42,595,000	284 » 285	190	
285	42,861,000	42,861,000	285 » 286	190	
286	43,127,000	43,127,000	286 » 287	190	
287	43,393,000	43,393,000	287 » 288	190	
288	43,659,000	43,659,000	288 » 289	195	
289	43,932,000	43,932,000	289 » 290	195	
290	44,205,000	44,205,000	290 » 291	195	
291	44,478,000	44,478,000	291 » 292	195	
292	44,751,000	44,751,000	292 » 293	195	
293	45,024,000	45,024,000	293 » 294	195	
294	45,297,000	45,297,000	294 » 295	195	
295	45,570,000	45,570,000	295 » 296	195	
296	45,843,000	45,843,000	296 » 297	195	
297	46,116,000	46,116,000	297 » 298	200	
298	46,396,000	46,396,000	298 » 299	200	
299	46,676,000	46,676,000	299 » 300	200	
300	46,956,000	46,956,000	300 » 301	200	
301	47,236,000	47,236,000	301 » 302	200	
302	47,516,000	47,516,000	302 » 303	200	
303	47,796,000	47,796,000	303 » 304	200	
304	48,076,000	48,076,000	304 » 305	200	
305	48,356,000	48,356,000	305 » 306	200	
306	48,636,000	48,636,000	306 » 307	200	
307	48,916,000	48,916,000	307 » 308	205	
308	49,203,000	49,203,000	308 » 309	205	
309	49,490,000	49,490,000	309 » 310	205	
310	49,777,000	49,777,000	310 » 311	205	
311	50,064,000	50,064,000	311 » 312	205	
312	50,351,000	50,351,000	312 » 313	205	
313	50,638,000	50,638,000	313 » 314	205	
314	50,925,000	50,925,000	314 » 315	205	
315	51,212,000	51,212,000	315 » 316	205	
316	51,499,000	51,499,000	316 » 317	210	
317	51,793,000	51,793,000	317 » 318	210	
318	52,087,000	52,087,000	318 » 319	210	
319	52,381,000	52,381,000	319 » 320	210	
320	52,675,000	52,675,000	320 » 321	210	
321	52,969,000	52,969,000	321 » 322	210	
322	53,263,000	53,263,000	322 » 323	210	
323	53,557,000	53,557,000	323 » 324	210	
324	53,851,000	53,851,000	324 » 325	210	
325	54,145,000	54,145,000	325 » 326	210	
326	54,439,000	54,439,000	326 » 327	215	
327	54,740,000	54,740,000	327 » 328	215	
328	55,041,000	55,041,000	328 » 329	215	
329	55,342,000	55,342,000	329 » 330	215	
330	55,643,000	55,643,000	330 » 331	215	
331	55,944,000	55,944,000	331 » 332	215	
332	56,245,000	56,245,000	332 » 333	215	
333	56,546,000	56,546,000	333 » 334	215	
334	56,847,000	56,847,000	334 » 335	215	
335	57,148,000	57,148,000	335 » 336	215	
336	57,449,000	57,449,000	336 » 337	220	
337	57,757,000	57,757,000	337 » 338	220	
338	58,065,000	58,065,000	338 » 339	220	
339	58,373,000	58,373,000	339 » 340	220	
340	58,681,000	58,681,000	340 » 341	220	
341	58,989,000	58,989,000	341 » 342	220	
342	59,297,000	59,297,000	342 » 343	220	
343	59,605,000	59,605,000	343 » 344	220	
344	59,913,000	59,913,000	344 » 345	220	
345	60,221,000	60,221,000	345 » 346	220	
346	60,529,000	60,529,000	346 » 347	225	
347	60,844,000	60,844,000	347 » 348	225	
348	61,159,000	61,159,000	348 » 349	225	
349	61,474,000	61,474,000	349 » 350	225	
350	61,789,000	61,789,000	350 » 351	225	
351	62,104,000	62,104,000	351 » 352	225	
352	62,419,000	62,419,000	352 » 353	225	
353	62,734,000	62,734,000	353 » 354	225	
354	63,049,000	63,049,000	354 » 355	225	
355	63,364,000	63,364,000	355 » 356	230	
356	63,686,000	63,686,000	356 » 357	230	
357	64,008,000	64,008,000	357 » 358	230	
358	64,330,000	64,330,000	358 » 359	230	
359	64,652,000	64,652,000	359 » 360	230	
360	64,974,000	64,974,000	360 » 361	230	
361	65,296,000	65,296,000	361 » 362	230	
362	65,618,000	65,618,000	362 » 363	230	
363	65,940,000	65,940,000	363 » 364	230	
364	66,262,000	66,262,000	364 » 365	230	
365	66,584,000	66,584,000	365 » 366	235	
366	66,913,000	66,913,000	366 » 367	235	
367	67,242,000	67,242,000	367 » 368	235	
368	67,571,000	67,571,000	368 » 369	235	
369	67,900,000	67,900,000	369 » 370	235	
370	68,229,000	68,229,000	370 » 371	235	
371	68,558,000	68,558,000	371 » 372	235	
372	68,887,000	68,887,000	372 » 373	235	
373	69,216,000	69,216,000	373 » 374	235	
374	69,545,000	69,545,000	374 » 375	235	
375	69,874,000	69,874,000	375 » 376	240	
376	70,210,000	70,210,000	376 » 377	240	
377	70,546,000	70,546,000	377 » 378	240	
378	70,882,000	70,882,000	378 » 379	240	
379	71,218,000	71,218,000	379 » 380	240	
380	71,554,000	71,554,000	380 » 381	240	
381	71,890,000	71,890,000	381 » 382	240	
382	72,226,000	72,226,000	382 » 383	240	
383	72,562,000	72,562,000	383 » 384	240	
384	72,898,000	72,898,000	384 » 385	240	
385	73,234,000	73,234,000	385 » 386	245	
386	73,577,000	73,577,000	386 » 387	245	
387	73,920,000	73,920,000	387 » 388	245	
388	74,263,000	74,263,000	388 » 389	245	
389	74,606,000	74,606,000	389 » 390	245	
390	74,949,000	74,949,000	390 » 391	245	
391	75,292,000	75,292,000	391 » 392	245	
392	75,635,000	75,635,000	392 » 393	245	
393	75,978,000	75,978,000	393 » 394	245	
394	76,321,000	76,321,000	394 » 395	245	
395	76,664,000	76,664,000	395 » 396	250	
396	77,014,000	77,014,000	396 » 397	250	
397	77,364,000	77,364,000	397 » 398	250	
398	77,714,000	77,714,000	398 » 399	250	
399	78,064,000	78,064,000	399 » 400	250	
400	78,414,000	78,414,000	400 » 401	250	
401	78,764,000	78,764,000	401 » 402	250	
402	79,114,000	79,114,000	402 » 403	250	
403	79,464,000	79,464,000	403 » 404	250	
404	79,814,000	79,814,000	404 » 405	250	
405	80,164,000	80,164,000	405 » 406	250	
406	80,514,000	80,514,000	406 » 407	255	
407	80,871,000	80,871,000	407 » 408	255	
408	81,228,000	81,228,000	408 » 409	255	
409	81,585,000	81,585,000	409 » 410	255	
410	81,942,000	81,942,000	410 » 411	255	
411	82,299,000	82,299,000	411 » 412	255	
412	82,656,000	82,656,000	412 » 413	255	
413	83,013,000	83,013,000	413 » 414	255	
414	83,370,000	83,370,000	414 » 415	255	
415	83,727,000	83,727,000	415 » 416	255	
416	84,084,000	84,084,000	416 » 417	260	
417	84,448,000	84,448,000	417 » 418	260	
418	84,812,000	84,812,000	418 » 419	260	
419	85,176,000	85,176,000	419 » 420	260	
420	85,540,000	85,540,000	420 » 421	260	
421	85,904,000	85,904,000	421 » 422	260	
422	86,268,000	86,268,000	422 » 423	260	
423	86,632,000	86,632,000	423 » 424	260	
424	86,996,000	86,996,000	424 » 425	260	
425	87,360,000	87,360,000	425 » 426	260	
426	87,724,000	87,724,000	426 » 427	265	
427	88,095,000	88,095,000	427 » 428	265	
428	88,466,000	88,466,000	428 » 429	265	
429	88,837,000	88,837,000	429 » 430	265	
430	89,208,000	89,208,000	430 » 431	265	
431	89,579,000	89,579,000	431 » 432	265	
432	89,950,000	89,950,000	432 » 433	265	
433	90,321,000	90,321,000	433 » 434	265	
434	90,692,000	90,692,000	434 » 435	265	
435	91,063,000	91,063,000	435 » 436	265	
436	91,434,000	91,434,000	436 » 437	270	
437	91,812,000	91,812,000	437 » 438	270	
438	92,190,000	92,190,000	438 » 439	270	
439	92,568,000	92,568,000	439 » 440	270	
440	92,946,000	92,946,000	440 » 441	270	
441	93,324,000	93,324,000	441 » 442	270	
442	93,702,000	93,702,000	442 » 443	270	
443	94,080,000	94,080,000	443 » 444	270	
444	94,458,000	94,458,000	444 » 445	270	
445	94,836,000	94,836,000	445 » 446	270	
446	95,214,000	95,214,000	446 » 447	270	
447	95,592,000	95,592,000	447 » 448	275	
448	95,977,000	95,977,000	448 » 449	275	
449	96,362,000	96,362,000	449 » 450	275	
450	96,747,000	96,747,000	450 » 451	275	
451	97,132,000	97,132,000	451 » 452	275	
452	97,517,000	97,517,000	452 » 453	275	
453	97,902,000	97,902,000	453 » 454	275	
454	98,287,000	98,287,000	454 » 455	275	
455	98,672,000	98,672,000	455 » 456	275	
456	99,057,000	99,057,000	456 » 457	275	
457	99,442,000	99,442,000	457 » 458	280	
458	99,834,000	99,834,000	458 » 459	280	
459	100,226,000	100,226,000	459 » 460	280	
460	100,618,000	100,618,000	460 » 461	280	
461	101,010,000	101,010,000	461 » 462	280	
462	101,402,000	101,402,000	462 » 463	280	
463	101,794,000	101,794,000	463 » 464	280	
464	102,186,000	102,186,000	464 » 465	280	
465	102,578,000	102,578,000	465 » 466	280	
466	102,970,000	102,970,000	466 » 467	280	
467	103,362,000	103,362,000	467 » 468	285	
468	103,761,000	103,761,000	468 » 469	285	
469	104,160,000	104,160,000	469 » 470	285	
470	104,559,000	104,559,000	470 » 471	285	
471	104,958,000	104,958,000	471 » 472	285	
472	105,357,000	105,357,000	472 » 473	285	
473	105,756,000	105,756,000	473 » 474	285	
474	106,155,000	106,155,000	474 » 475	285	
475	106,554,000	106,554,000	475 » 476	285	
476	106,953,000	106,953,000	476 » 477	285	
477	107,352,000	107,352,000	477 » 478	285	
478	107,751,000	107,751,000	478 » 479	290	
479	108,157,000	108,157,000	479 » 480	290	
480	108,563,000	108,563,000	480 » 481	290	
481	108,969,000	108,969,000	481 » 482	290	
482	109,375,000	109,375,000	482 » 483	290	
483	109,781,000	109,781,000	483 » 484	290	
484	110,187,000	110,187,000	484 » 485	290	
485	110,593,000	110,593,000	485 » 486	290	
486	110,999,000	110,999,000	486 » 487	290	
487	111,405,000	111,405,000	487 » 488	290	
488	111,811,000	111,811,000	488 » 489	295	
489	112,224,000	112,224,000	489 » 490	295	
490	112,637,000	112,637,000	490 » 491	295	
491	113,050,000	113,050,000	491 » 492	295	
492	113,463,000	113,463,000	492 » 493	295	
493	113,876,000	113,876,000	493 » 494	295	
494	114,289,000	114,289,000	494 » 495	295	
495	114,702,000	114,702,000	495 » 496	295	
496	115,115,000	115,115,000	496 » 497	295	
497	115,528,000	115,528,000	497 » 498	295	
498	115,941,000	115,941,000	498 » 499	295	
499	116,354,000	116,354,000	499 » 500	300	
500	116,774,000	116,774,000	500 » 501	300	
501	117,194,000	117,194,000	501 » 502	300	
502	117,614,000	117,614,000	502 » 503	300	
503	118,034,000	118,034,000	503 » 504	300	
504	118,454,000	118,454,000	504 » 505	300	
505	118,874,000	118,874,000	505 » 506	300	
506	119,294,000	119,294,000	506 » 507	300	
507	119,714,000	119,714,000	507 » 508	300	
508	120,134,000	120,134,000	508 » 509	300	
509	120,554,000	120,554,000	509 » 510	300	
510	120,974,000	120,974,000	510 » 511	305	
511	121,401,000	121,401,000	511 » 512	305	
512	121,828,000	121,828,000	512 » 513	305	
513	122,255,000	122,255,000	513 » 514	305	
514	122,682,000	122,682,000	514 » 515	305	
515	123,109,000	123,109,000	515 » 516	305	
516	123,536,000	123,536,000	516 » 517	305	
517	123,963,000	123,963,000	517 » 518	305	
518	124,390,000	124,390,000	518 » 519	305	
519	124,817,000	124,817,000	519 » 520	305	
520	125,244,000	125,244,000	520 » 521	310	
521	125,678,000	125,678,000	521 » 522	310	
522	126,112,000	126,112,000	522 » 523	310	
523	126,546,000	126,546,000	523 » 524	310	
524	126,980,000	126,980,000	524 » 525	310	
525	127,414,000	127,414,000	525 » 526	310	
526	127,848,000	127,848,000	526 » 527	310	
527	128,282,000	128,282,000	527 » 528	310	
528	128,716,000	128,716,000	528 » 529	310	
529	129,150,000	129,150,000	529 » 530	310	
530	129,584,000	129,584,000	530 » 531	310	
531	130,018,000	130,018,000	531 » 532	315	
532	130,459,000	130,459,000	532 » 533	315	
533	130,900,000	130,900,000	533 » 534	315	
534	131,341,000	131,341,000	534 » 535	315	
535	131,782,000	131,782,000	535 » 536	315	
536	132,223,000	132,223,000	536 » 537	315	
537	132,664,000	132,664,000	537 » 538	315	
538	133,105,000	133,105,000	538 » 539	315	
539	133,546,000	133,546,000	539 » 540	315	
540	133,987,000	133,987,000	540 » 541	315	
541	134,428,000	134,428,000	541 » 542	315	
542	134,868,992	134,869,000	542 » 543	320	
543	135,316,992	135,317,000	543 » 544	320	
544	135,764,992	135,765,000	544 » 545	320	
545	136,212,992	136,213,000	545 » 546	320	
546	136,660,992	136,661,000	546 » 547	320	
547	137,108,992	137,109,000	547 » 548	320	
548	137,556,992	137,557,000	548 » 549	320	
549	138,004,992	138,005,000	549 » 550	320	
550	138,452,992	138,453,000	550 » 551	320	
551	138,900,992	138,901,000	551 » 552	320	
552	139,348,992	139,349,000	552 » 553	325	
553	139,804,000	139,804,000	553 » 554	325	
554	140,259,008	140,259,000	554 » 555	325	
555	140,714,000	140,714,000	555 » 556	325	
556	141,168,992	141,169,000	556 » 557	325	
557	141,624,000	141,624,000	557 » 558	325	
558	142,079,008	142,079,000	558 » 559	325	
559	142,534,000	142,534,000	559 » 560	325	
560	142,988,992	142,989,000	560 » 561	325	
561	143,444,000	143,444,000	561 » 562	325	
562	143,899,008	143,899,000	562 » 563	325	
563	144,354,000	144,354,000	563 » 564	330	
564	144,816,000	144,816,000	564 » 565	330	
565	145,278,000	145,278,000	565 » 566	330	
566	145,740,000	145,740,000	566 » 567	330	
567	146,202,000	146,202,000	567 » 568	330	
568	146,664,000	146,664,000	568 » 569	330	
569	147,126,000	147,126,000	569 » 570	330	
570	147,588,000	147,588,000	570 » 571	330	
571	148,050,000	148,050,000	571 » 572	330	
572	148,512,000	148,512,000	572 » 573	330	
573	148,974,000	148,974,000	573 » 574	330	
574	149,436,000	149,436,000	574 » 575	335	
575	149,904,992	149,905,000	575 » 576	335	
576	150,374,000	150,374,000	576 » 577	335	
577	150,843,008	150,843,000	577 » 578	335	
578	151,312,000	151,312,000	578 » 579	335	
579	151,780,992	151,781,000	579 » 580	335	
580	152,250,000	152,250,000	580 » 581	335	
581	152,719,008	152,719,000	581 » 582	335	
582	153,188,000	153,188,000	582 » 583	335	
583	153,656,992	153,657,000	583 » 584	335	
584	154,126,000	154,126,000	584 » 585	335	
585	154,595,008	154,595,000	585 » 586	340	
586	155,071,008	155,071,000	586 » 587	340	
587	155,547,008	155,547,000	587 » 588	340	
588	156,023,008	156,023,000	588 » 589	340	
589	156,499,008	156,499,000	589 » 590	340	
590	156,975,008	156,975,000	590 » 591	340	
591	157,451,008	157,451,000	591 » 592	340	
592	157,927,008	157,927,000	592 » 593	340	
593	158,403,008	158,403,000	593 » 594	340	
594	158,879,008	158,879,000	594 » 595	340	
595	159,355,008	159,355,000	595 » 596	340	
596	159,831,008	159,831,000	596 » 597	345	
597	160,314,000	160,314,000	597 » 598	345	
598	160,796,992	160,797,000	598 » 599	345	
599	161,280,000	161,280,000	599 » 600	345	
600	161,763,008	161,763,000	600 » 601	345	
601	162,246,000	162,246,000	601 » 602	345	
602	162,728,992	162,729,000	602 » 603	345	
603	163,212,000	163,212,000	603 » 604	345	
604	163,695,008	163,695,000	604 » 605	345	
605	164,178,000	164,178,000	605 » 606	345	
606	164,660,992	164,661,000	606 » 607	345	
607	165,144,000	165,144,000	607 » 608	350	
608	165,634,000	165,634,000	608 » 609	350	
609	166,124,000	166,124,000	609 » 610	350	
610	166,614,000	166,614,000	610 » 611	350	
611	167,104,000	167,104,000	611 » 612	350	
612	167,594,000	167,594,000	612 » 613	350	
613	168,084,000	168,084,000	613 » 614	350	
614	168,574,000	168,574,000	614 » 615	350	
615	169,064,000	169,064,000	615 » 616	350	
616	169,554,000	169,554,000	616 » 617	350	
617	170,044,000	170,044,000	617 » 618	350	
618	170,534,000	170,534,000	618 » 619	355	
619	171,031,008	171,031,000	619 » 620	355	
620	171,528,000	171,528,000	620 » 621	355	
621	172,024,992	172,025,000	621 » 622	355	
622	172,522,000	172,522,000	622 » 623	355	
623	173,019,008	173,019,000	623 » 624	355	
624	173,516,000	173,516,000	624 » 625	355	
625	174,012,992	174,013,000	625 » 626	355	
626	174,510,000	174,510,000	626 » 627	355	
627	175,007,008	175,007,000	627 » 628	355	
628	175,504,000	175,504,000	628 » 629	355	
629	176,000,992	176,001,000	629 » 630	360	
630	176,504,992	176,505,000	630 » 631	360	
631	177,008,992	177,009,000	631 » 632	360	
632	177,512,992	177,513,000	632 » 633	360	
633	178,016,992	178,017,000	633 » 634	360	
634	178,520,992	178,521,000	634 » 635	360	
635	179,024,992	179,025,000	635 » 636	360	
636	179,528,992	179,529,000	636 » 637	360	
637	180,032,992	180,033,000	637 » 638	360	
638	180,536,992	180,537,000	638 » 639	360	
639	181,040,992	181,041,000	639 » 640	360	
640	181,544,992	181,545,000	640 » 641	365	
641	182,056,000	182,056,000	641 » 642	365	
642	182,567,008	182,567,000	642 » 643	365	
643	183,078,000	183,078,000	643 » 644	365	
644	183,588,992	183,589,000	644 » 645	365	
645	184,100,000	184,100,000	645 » 646	365	
646	184,611,008	184,611,000	646 » 647	365	
647	185,122,000	185,122,000	647 » 648	365	
648	185,632,992	185,633,000	648 » 649	365	
649	186,144,000	186,144,000	649 » 650	365	
650	186,655,008	186,655,000	650 » 651	365	
651	187,166,000	187,166,000	651 » 652	370	
652	187,684,000	187,684,000	652 » 653	370	
653	188,202,000	188,202,000	653 » 654	370	
654	188,720,000	188,720,000	654 » 655	370	
655	189,238,000	189,238,000	655 » 656	370	
656	189,756,000	189,756,000	656 » 657	370	
657	190,274,000	190,274,000	657 » 658	370	
658	190,792,000	190,792,000	658 » 659	370	
659	191,310,000	191,310,000	659 » 660	370	
660	191,828,000	191,828,000	660 » 661	370	
661	192,346,000	192,346,000	661 » 662	370	
662	192,864,000	192,864,000	662 » 663	375	
663	193,388,992	193,389,000	663 » 664	375	
664	193,914,000	193,914,000	664 » 665	375	
665	194,439,008	194,439,000	665 » 666	375	
666	194,964,000	194,964,000	666 » 667	375	
667	195,488,992	195,489,000	667 » 668	375	
668	196,014,000	196,014,000	668 » 669	375	
669	196,539,008	196,539,000	669 » 670	375	
670	197,064,000	197,064,000	670 » 671	375	
671	197,588,992	197,589,000	671 » 672	375	
672	198,114,000	198,114,000	672 » 673	375	
673	198,639,008	198,639,000	673 » 674	375	
674	199,164,000	199,164,000	674 » 675	380	
675	199,696,000	199,696,000	675 » 676	380	
676	200,228,000	200,228,000	676 » 677	380	
677	200,760,000	200,760,000	677 » 678	380	
678	201,292,000	201,292,000	678 » 679	380	
679	201,824,000	201,824,000	679 » 680	380	
680	202,356,000	202,356,000	680 » 681	380	
681	202,888,000	202,888,000	681 » 682	380	
682	203,420,000	203,420,000	682 » 683	380	
683	203,952,000	203,952,000	683 » 684	380	
684	204,484,000	204,484,000	684 » 685	380	
685	205,016,000	205,016,000	685 » 686	385	
686	205,555,008	205,555,000	686 » 687	385	
687	206,094,000	206,094,000	687 » 688	385	
688	206,632,992	206,633,000	688 » 689	385	
689	207,172,000	207,172,000	689 » 690	385	
690	207,711,008	207,711,000	690 » 691	385	
691	208,250,000	208,250,000	691 » 692	385	
692	208,788,992	208,789,000	692 » 693	385	
693	209,328,000	209,328,000	693 » 694	385	
694	209,867,008	209,867,000	694 » 695	385	
695	210,406,000	210,406,000	695 » 696	385	
696	210,944,992	210,945,000	696 » 697	390	
697	211,491,008	211,491,000	697 » 698	390	
698	212,036,992	212,037,000	698 » 699	390	
699	212,583,008	212,583,000	699 » 700	390	
700	213,128,992	213,129,000	700 » 701	390	
701	213,675,008	213,675,000	701 » 702	390	
702	214,220,992	214,221,000	702 » 703	390	
703	214,767,008	214,767,000	703 » 704	390	
704	215,312,992	215,313,000	704 » 705	390	
705	215,859,008	215,859,000	705 » 706	390	
706	216,404,992	216,405,000	706 » 707	390	
707	216,951,008	216,951,000	707 » 708	395	
708	217,504,000	217,504,000	708 » 709	395	
709	218,056,992	218,057,000	709 » 710	395	
710	218,610,000	218,610,000	710 » 711	395	
711	219,163,008	219,163,000	711 » 712	395	
712	219,716,000	219,716,000	712 » 713	395	
713	220,268,992	220,269,000	713 » 714	395	
714	220,822,000	220,822,000	714 » 715	395	
715	221,375,008	221,375,000	715 » 716	395	
716	221,928,000	221,928,000	716 » 717	395	
717	222,480,992	222,481,000	717 » 718	395	
718	223,034,000	223,034,000	718 » 719	395	
719	223,587,008	223,587,000	719 » 720	400	
720	224,147,008	224,147,000	720 » 721	400	
721	224,707,008	224,707,000	721 » 722	400	
722	225,267,008	225,267,000	722 » 723	400	
723	225,827,008	225,827,000	723 » 724	400	
724	226,387,008	226,387,000	724 » 725	400	
725	226,947,008	226,947,000	725 » 726	400	
726	227,507,008	227,507,000	726 » 727	400	
727	228,067,008	228,067,000	727 » 728	400	
728	228,627,008	228,627,000	728 » 729	400	
729	229,187,008	229,187,000	729 » 730	400	
730	229,747,008	229,747,000	730 » 731	405	
731	230,314,000	230,314,000	731 » 732	405	
732	230,880,992	230,881,000	732 » 733	405	
733	231,448,000	231,448,000	733 » 734	405	
734	232,015,008	232,015,000	734 » 735	405	
735	232,582,000	232,582,000	735 » 736	405	
736	233,148,992	233,149,000	736 » 737	405	
737	233,716,000	233,716,000	737 » 738	405	
738	234,283,008	234,283,000	738 » 739	405	
739	234,850,000	234,850,000	739 » 740	405	
740	235,416,992	235,417,000	740 » 741	405	
741	235,984,000	235,984,000	741 » 742	405	
742	236,551,008	236,551,000	742 » 743	410	
743	237,124,992	237,125,000	743 » 744	410	
744	237,699,008	237,699,000	744 » 745	410	
745	238,272,992	238,273,000	745 » 746	410	
746	238,847,008	238,847,000	746 » 747	410	
747	239,420,992	239,421,000	747 » 748	410	
748	239,995,008	239,995,000	748 » 749	410	
749	240,568,992	240,569,000	749 » 750	410	
750	241,143,008	241,143,000	750 » 751	410	
751	241,716,992	241,717,000	751 » 752	410	
752	242,291,008	242,291,000	752 » 753	410	
753	242,864,992	242,865,000	753 » 754	415	
754	243,446,000	243,446,000	754 » 755	415	
755	244,027,008	244,027,000	755 » 756	415	
756	244,608,000	244,608,000	756 » 757	415	
757	245,188,992	245,189,000	757 » 758	415	
758	245,770,000	245,770,000	758 » 759	415	
759	246,351,008	246,351,000	759 » 760	415	
760	246,932,000	246,932,000	760 » 761	415	
761	247,512,992	247,513,000	761 » 762	415	
762	248,094,000	248,094,000	762 » 763	415	
763	248,675,008	248,675,000	763 » 764	415	
764	249,256,000	249,256,000	764 » 765	415	
765	249,836,992	249,837,000	765 » 766	420	
766	250,424,992	250,425,000	766 » 767	420	
767	251,012,992	251,013,000	767 » 768	420	
768	251,600,992	251,601,000	768 » 769	420	
769	252,188,992	252,189,000	769 » 770	420	
770	252,776,992	252,777,000	770 » 771	420	
771	253,364,992	253,365,000	771 » 772	420	
772	253,952,992	253,953,000	772 » 773	420	
773	254,540,992	254,541,000	773 » 774	420	
774	255,128,992	255,129,000	774 » 775	420	
775	255,716,992	255,717,000	775 » 776	420	
776	256,304,992	256,305,000	776 » 777	425	
777	256,900,000	256,900,000	777 » 778	425	
778	257,495,008	257,495,000	778 » 779	425	
779	258,090,000	258,090,000	779 » 780	425	
780	258,684,992	258,685,000	780 » 781	425	
781	259,280,000	259,280,000	781 » 782	425	
782	259,875,008	259,875,000	782 » 783	425	
783	260,470,000	260,470,000	783 » 784	425	
784	261,064,992	261,065,000	784 » 785	425	
785	261,660,000	261,660,000	785 » 786	425	
786	262,255,008	262,255,000	786 » 787	425	
787	262,850,000	262,850,000	787 » 788	425	
788	263,444,992	263,445,000	788 » 789	430	
789	264,047,008	264,047,000	789 » 790	430	
790	264,648,992	264,649,000	790 » 791	430	
791	265,251,008	265,251,000	791 » 792	430	
792	265,852,992	265,853,000	792 » 793	430	
793	266,455,008	266,455,000	793 » 794	430	
794	267,056,992	267,057,000	794 » 795	430	
795	267,659,008	267,659,000	795 » 796	430	
796	268,260,992	268,261,000	796 » 797	430	
797	268,863,008	268,863,000	797 » 798	430	
798	269,464,992	269,465,000	798 » 799	430	
799	270,067,008	270,067,000	799 » 800	435	
800	270,676,000	270,676,000	800 » 801	435	
801	271,284,992	271,285,000	801 » 802	435	
802	271,894,016	271,894,000	802 » 803	435	
803	272,503,008	272,503,000	803 » 804	435	
804	273,112,000	273,112,000	804 » 805	435	
805	273,720,992	273,721,000	805 » 806	435	
806	274,329,984	274,330,000	806 » 807	435	
807	274,939,008	274,939,000	807 » 808	435	
808	275,548,000	275,548,000	808 » 809	435	
809	276,156,992	276,157,000	809 » 810	435	
810	276,766,016	276,766,000	810 » 811	435	
811	277,375,008	277,375,000	811 » 812	440	
812	277,991,008	277,991,000	812 » 813	440	
813	278,607,008	278,607,000	813 » 814	440	
814	279,223,008	279,223,000	814 » 815	440	
815	279,839,008	279,839,000	815 » 816	440	
816	280,455,008	280,455,000	816 » 817	440	
817	281,071,008	281,071,000	817 » 818	440	
818	281,687,008	281,687,000	818 » 819	440	
819	282,303,008	282,303,000	819 » 820	440	
820	282,919,008	282,919,000	820 » 821	440	
821	283,535,008	283,535,000	821 » 822	440	
822	284,151,008	284,151,000	822 » 823	440	
823	284,767,008	284,767,000	823 » 824	445	
824	285,390,016	285,390,000	824 » 825	445	
825	286,012,992	286,013,000	825 » 826	445	
826	286,636,000	286,636,000	826 » 827	445	
827	287,259,008	287,259,000	827 » 828	445	
828	287,881,984	287,882,000	828 » 829	445	
829	288,504,992	288,505,000	829 » 830	445	
830	289,128,000	289,128,000	830 » 831	445	
831	289,751,008	289,751,000	831 » 832	445	
832	290,374,016	290,374,000	832 » 833	445	
833	290,996,992	290,997,000	833 » 834	445	
834	291,620,000	291,620,000	834 » 835	450	
835	292,249,984	292,250,000	835 » 836	450	
836	292,880,000	292,880,000	836 » 837	450	
837	293,510,016	293,510,000	837 » 838	450	
838	294,140,000	294,140,000	838 » 839	450	
839	294,769,984	294,770,000	839 » 840	450	
840	295,400,000	295,400,000	840 » 841	450	
841	296,030,016	296,030,000	841 » 842	450	
842	296,660,000	296,660,000	842 » 843	450	
843	297,289,984	297,290,000	843 » 844	450	
844	297,920,000	297,920,000	844 » 845	450	
845	298,550,016	298,550,000	845 » 846	450	
846	299,180,000	299,180,000	846 » 847	455	
847	299,816,992	299,817,000	847 » 848	455	
848	300,454,016	300,454,000	848 » 849	455	
849	301,091,008	301,091,000	849 » 850	455	
850	301,728,000	301,728,000	850 » 851	455	
851	302,364,992	302,365,000	851 » 852	455	
852	303,001,984	303,002,000	852 » 853	455	
853	303,639,008	303,639,000	853 » 854	455	
854	304,276,000	304,276,000	854 » 855	455	
855	304,912,992	304,913,000	855 » 856	455	
856	305,550,016	305,550,000	856 » 857	455	
857	306,187,008	306,187,000	857 » 858	455	
858	306,824,000	306,824,000	858 » 859	460	
859	307,468,000	307,468,000	859 » 860	460	
860	308,112,000	308,112,000	860 » 861	460	
861	308,756,000	308,756,000	861 » 862	460	
862	309,400,000	309,400,000	862 » 863	460	
863	310,044,000	310,044,000	863 » 864	460	
864	310,688,000	310,688,000	864 » 865	460	
865	311,332,000	311,332,000	865 » 866	460	
866	311,976,000	311,976,000	866 » 867	460	
867	312,620,000	312,620,000	867 » 868	460	
868	313,264,000	313,264,000	868 » 869	460	
869	313,908,000	313,908,000	869 » 870	460	
870	314,552,000	314,552,000	870 » 871	465	
871	315,203,008	315,203,000	871 » 872	465	
872	315,854,016	315,854,000	872 » 873	465	
873	316,504,992	316,505,000	873 » 874	465	
874	317,156,000	317,156,000	874 » 875	465	
875	317,807,008	317,807,000	875 » 876	465	
876	318,457,984	318,458,000	876 » 877	465	
877	319,108,992	319,109,000	877 » 878	465	
878	319,760,000	319,760,000	878 » 879	465	
879	320,411,008	320,411,000	879 » 880	465	
880	321,062,016	321,062,000	880 » 881	465	
881	321,712,992	321,713,000	881 » 882	465	
882	322,364,000	322,364,000	882 » 883	470	
883	323,022,016	323,022,000	883 » 884	470	
884	323,680,000	323,680,000	884 » 885	470	
885	324,337,984	324,338,000	885 » 886	470	
886	324,996,000	324,996,000	886 » 887	470	
887	325,654,016	325,654,000	887 » 888	470	
888	326,312,000	326,312,000	888 » 889	470	
889	326,969,984	326,970,000	889 » 890	470	
890	327,628,000	327,628,000	890 » 891	470	
891	328,286,016	328,286,000	891 » 892	470	
892	328,944,000	328,944,000	892 » 893	470	
893	329,601,984	329,602,000	893 » 894	475	
894	330,267,008	330,267,000	894 » 895	475	
895	330,932,000	330,932,000	895 » 896	475	
896	331,596,992	331,597,000	896 » 897	475	
897	332,262,016	332,262,000	897 » 898	475	
898	332,927,008	332,927,000	898 » 899	475	
899	333,592,000	333,592,000	899 » 900	475	
900	334,256,992	334,257,000	900 » 901	475	
901	334,921,984	334,922,000	901 » 902	475	
902	335,587,008	335,587,000	902 » 903	475	
903	336,252,000	336,252,000	903 » 904	475	
904	336,916,992	336,917,000	904 » 905	475	
905	337,582,016	337,582,000	905 » 906	480	
906	338,254,016	338,254,000	906 » 907	480	
907	338,926,016	338,926,000	907 » 908	480	
908	339,598,016	339,598,000	908 » 909	480	
909	340,270,016	340,270,000	909 » 910	480	
910	340,942,016	340,942,000	910 » 911	480	
911	341,614,016	341,614,000	911 » 912	480	
912	342,286,016	342,286,000	912 » 913	480	
913	342,958,016	342,958,000	913 » 914	480	
914	343,630,016	343,630,000	914 » 915	480	
915	344,302,016	344,302,000	915 » 916	480	
916	344,974,016	344,974,000	916 » 917	480	
917	345,646,016	345,646,000	917 » 918	485	
918	346,324,992	346,325,000	918 » 919	485	
919	347,004,000	347,004,000	919 » 920	485	
920	347,683,008	347,683,000	920 » 921	485	
921	348,361,984	348,362,000	921 » 922	485	
922	349,040,992	349,041,000	922 » 923	485	
923	349,720,000	349,720,000	923 » 924	485	
924	350,399,008	350,399,000	924 » 925	485	
925	351,078,016	351,078,000	925 » 926	485	
926	351,756,992	351,757,000	926 » 927	485	
927	352,436,000	352,436,000	927 » 928	485	
928	353,115,008	353,115,000	928 » 929	485	
929	353,793,984	353,794,000	929 » 930	490	
930	354,480,000	354,480,000	930 » 931	490	
931	355,166,016	355,166,000	931 » 932	490	
932	355,852,000	355,852,000	932 » 933	490	
933	356,537,984	356,538,000	933 » 934	490	
934	357,224,000	357,224,000	934 » 935	490	
935	357,910,016	357,910,000	935 » 936	490	
936	358,596,000	358,596,000	936 » 937	490	
937	359,281,984	359,282,000	937 » 938	490	
938	359,968,000	359,968,000	938 » 939	490	
939	360,654,016	360,654,000	939 » 940	490	
940	361,340,000	361,340,000	940 » 941	490	
941	362,025,984	362,026,000	941 » 942	495	
942	362,719,008	362,719,000	942 » 943	495	
943	363,412,000	363,412,000	943 » 944	495	
944	364,104,992	364,105,000	944 » 945	495	
945	364,798,016	364,798,000	945 » 946	495	
946	365,491,008	365,491,000	946 » 947	495	
947	366,184,000	366,184,000	947 » 948	495	
948	366,876,992	366,877,000	948 » 949	495	
949	367,569,984	367,570,000	949 » 950	495	
950	368,263,008	368,263,000	950 » 951	495	
951	368,956,000	368,956,000	951 » 952	495	
952	369,648,992	369,649,000	952 » 953	495	
953	370,342,016	370,342,000	953 » 954	500	
954	371,041,984	371,042,000	954 » 955	500	
955	371,742,016	371,742,000	955 » 956	500	
956	372,441,984	372,442,000	956 » 957	500	
957	373,142,016	373,142,000	957 » 958	500	
958	373,841,984	373,842,000	958 » 959	500	
959	374,542,016	374,542,000	959 » 960	500	
960	375,241,984	375,242,000	960 » 961	500	
961	375,942,016	375,942,000	961 » 962	500	
962	376,641,984	376,642,000	962 » 963	500	
963	377,342,016	377,342,000	963 » 964	500	
964	378,041,984	378,042,000	964 » 965	500	
965	378,742,016	378,742,000	965 » 966	505	
966	379,448,992	379,449,000	966 » 967	505	
967	380,156,000	380,156,000	967 » 968	505	
968	380,863,008	380,863,000	968 » 969	505	
969	381,569,984	381,570,000	969 » 970	505	
970	382,276,992	382,277,000	970 » 971	505	
971	382,984,000	382,984,000	971 » 972	505	
972	383,691,008	383,691,000	972 » 973	505	
973	384,398,016	384,398,000	973 » 974	505	
974	385,104,992	385,105,000	974 » 975	505	
975	385,812,000	385,812,000	975 » 976	505	
976	386,519,008	386,519,000	976 » 977	505	
977	387,225,984	387,226,000	977 » 978	510	
978	387,940,000	387,940,000	978 » 979	510	
979	388,654,016	388,654,000	979 » 980	510	
980	389,368,000	389,368,000	980 » 981	510	
981	390,081,984	390,082,000	981 » 982	510	
982	390,796,000	390,796,000	982 » 983	510	
983	391,510,016	391,510,000	983 » 984	510	
984	392,224,000	392,224,000	984 » 985	510	
985	392,937,984	392,938,000	985 » 986	510	
986	393,652,000	393,652,000	986 » 987	510	
987	394,366,016	394,366,000	987 » 988	510	
988	395,080,000	395,080,000	988 » 989	510	
989	395,793,984	395,794,000	989 » 990	510	
990	396,508,000	396,508,000	990 » 991	515	
991	397,228,992	397,229,000	991 » 992	515	
992	397,950,016	397,950,000	992 » 993	515	
993	398,671,008	398,671,000	993 » 994	515	
994	399,392,000	399,392,000	994 » 995	515	
995	400,112,992	400,113,000	995 » 996	515	
996	400,833,984	400,834,000	996 » 997	515	
997	401,555,008	401,555,000	997 » 998	515	
998	402,276,000	402,276,000	998 » 999	515	
999	402,996,992	402,997,000	999 » 1000	515	
1000	403,718,016	403,718,000	1000 » 1001	515	
1001	404,439,008	404,439,000	1001 » 1002	515	
1002	405,160,000	405,160,000	1002 » 1003	520	
1003	405,888,000	405,888,000	1003 » 1004	520	
1004	406,616,000	406,616,000	1004 » 1005	520	
1005	407,344,000	407,344,000	1005 » 1006	520	
1006	408,072,000	408,072,000	1006 » 1007	520	
1007	408,800,000	408,800,000	1007 » 1008	520	
1008	409,528,000	409,528,000	1008 » 1009	520	
1009	410,256,000	410,256,000	1009 » 1010	520	
1010	410,984,000	410,984,000	1010 » 1011	520	
1011	411,712,000	411,712,000	1011 » 1012	520	
1012	412,440,000	412,440,000	1012 » 1013	520	
1013	413,168,000	413,168,000	1013 » 1014	520	
1014	413,896,000	413,896,000	1014 » 1015	525	
1015	414,631,008	414,631,000	1015 » 1016	525	
1016	415,366,016	415,366,000	1016 » 1017	525	
1017	416,100,992	416,101,000	1017 » 1018	525	
1018	416,836,000	416,836,000	1018 » 1019	525	
1019	417,571,008	417,571,000	1019 » 1020	525	
1020	418,305,984	418,306,000	1020 » 1021	525	
1021	419,040,992	419,041,000	1021 » 1022	525	
1022	419,776,000	419,776,000	1022 » 1023	525	
1023	420,511,008	420,511,000	1023 » 1024	525	
1024	421,246,016	421,246,000	1024 » 1025	525	
1025	421,980,992	421,981,000	1025 » 1026	525	
1026	422,716,000	422,716,000	1026 » 1027	530	
1027	423,457,984	423,458,000	1027 » 1028	530	
1028	424,200,000	424,200,000	1028 » 1029	530	
1029	424,942,016	424,942,000	1029 » 1030	530	
1030	425,684,000	425,684,000	1030 » 1031	530	
1031	426,425,984	426,426,000	1031 » 1032	530	
1032	427,168,000	427,168,000	1032 » 1033	530	
1033	427,910,016	427,910,000	1033 » 1034	530	
1034	428,652,000	428,652,000	1034 » 1035	530	
1035	429,393,984	429,394,000	1035 » 1036	530	
1036	430,136,000	430,136,000	1036 » 1037	530	
1037	430,878,016	430,878,000	1037 » 1038	530	
1038	431,620,000	431,620,000	1038 » 1039	535	
1039	432,368,992	432,369,000	1039 » 1040	535	
1040	433,118,016	433,118,000	1040 » 1041	535	
1041	433,867,008	433,867,000	1041 » 1042	535	
1042	434,616,000	434,616,000	1042 » 1043	535	
1043	435,364,992	435,365,000	1043 » 1044	535	
1044	436,113,984	436,114,000	1044 » 1045	535	
1045	436,863,008	436,863,000	1045 » 1046	535	
1046	437,612,000	437,612,000	1046 » 1047	535	
1047	438,360,992	438,361,000	1047 » 1048	535	
1048	439,110,016	439,110,000	1048 » 1049	535	
1049	439,859,008	439,859,000	1049 » 1050	535	
1050	440,608,000	440,608,000	1050 » 1051	535	
1051	441,356,992	441,357,000	1051 » 1052	540	
1052	442,112,992	442,113,000	1052 » 1053	540	
1053	442,868,992	442,869,000	1053 » 1054	540	
1054	443,624,992	443,625,000	1054 » 1055	540	
1055	444,380,992	444,381,000	1055 » 1056	540	
1056	445,136,992	445,137,000	1056 » 1057	540	
1057	445,892,992	445,893,000	1057 » 1058	540	
1058	446,648,992	446,649,000	1058 » 1059	540	
1059	447,404,992	447,405,000	1059 » 1060	540	
1060	448,160,992	448,161,000	1060 » 1061	540	
1061	448,916,992	448,917,000	1061 » 1062	540	
1062	449,672,992	449,673,000	1062 » 1063	540	
1063	450,428,992	450,429,000	1063 » 1064	545	
1064	451,192,000	451,192,000	1064 » 1065	545	
1065	451,955,008	451,955,000	1065 » 1066	545	
1066	452,718,016	452,718,000	1066 » 1067	545	
1067	453,480,992	453,481,000	1067 » 1068	545	
1068	454,244,000	454,244,000	1068 » 1069	545	
1069	455,007,008	455,007,000	1069 » 1070	545	
1070	455,769,984	455,770,000	1070 » 1071	545	
1071	456,532,992	456,533,000	1071 » 1072	545	
1072	457,296,000	457,296,000	1072 » 1073	545	
1073	458,059,008	458,059,000	1073 » 1074	545	
1074	458,822,016	458,822,000	1074 » 1075	545	
1075	459,584,992	459,585,000	1075 » 1076	550	
1076	460,355,008	460,355,000	1076 » 1077	550	
1077	461,124,992	461,125,000	1077 » 1078	550	
1078	461,895,008	461,895,000	1078 » 1079	550	
1079	462,664,992	462,665,000	1079 » 1080	550	
1080	463,435,008	463,435,000	1080 » 1081	550	
1081	464,204,992	464,205,000	1081 » 1082	550	
1082	464,975,008	464,975,000	1082 » 1083	550	
1083	465,744,992	465,745,000	1083 » 1084	550	
1084	466,515,008	466,515,000	1084 » 1085	550	
1085	467,284,992	467,285,000	1085 » 1086	550	
1086	468,055,008	468,055,000	1086 » 1087	550	
1087	468,824,992	468,825,000	1087 » 1088	550	
1088	469,595,008	469,595,000	1088 » 1089	555	
1089	470,372,000	470,372,000	1089 » 1090	555	
1090	471,148,992	471,149,000	1090 » 1091	555	
1091	471,926,016	471,926,000	1091 » 1092	555	
1092	472,703,008	472,703,000	1092 » 1093	555	
1093	473,480,000	473,480,000	1093 » 1094	555	
1094	474,256,992	474,257,000	1094 » 1095	555	
1095	475,033,984	475,034,000	1095 » 1096	555	
1096	475,811,008	475,811,000	1096 » 1097	555	
1097	476,588,000	476,588,000	1097 » 1098	555	
1098	477,364,992	477,365,000	1098 » 1099	555	
1099	478,142,016	478,142,000	1099 » 1100	555	
1100	478,919,008	478,919,000	1100 » 1101	560	
1101	479,703,008	479,703,000	1101 » 1102	560	
1102	480,487,008	480,487,000	1102 » 1103	560	
1103	481,271,008	481,271,000	1103 » 1104	560	
1104	482,055,008	482,055,000	1104 » 1105	560	
1105	482,839,008	482,839,000	1105 » 1106	560	
1106	483,623,008	483,623,000	1106 » 1107	560	
1107	484,407,008	484,407,000	1107 » 1108	560	
1108	485,191,008	485,191,000	1108 » 1109	560	
1109	485,975,008	485,975,000	1109 » 1110	560	
1110	486,759,008	486,759,000	1110 » 1111	560	
1111	487,543,008	487,543,000	1111 » 1112	560	
1112	488,327,008	488,327,000	1112 » 1113	565	
1113	489,118,016	489,118,000	1113 » 1114	565	
1114	489,908,992	489,909,000	1114 » 1115	565	
1115	490,700,000	490,700,000	1115 » 1116	565	
1116	491,491,008	491,491,000	1116 » 1117	565	
1117	492,281,984	492,282,000	1117 » 1118	565	
1118	493,072,992	493,073,000	1118 » 1119	565	
1119	493,864,000	493,864,000	1119 » 1120	565	
1120	494,655,008	494,655,000	1120 » 1121	565	
1121	495,446,016	495,446,000	1121 » 1122	565	
1122	496,236,992	496,237,000	1122 » 1123	565	
1123	497,028,000	497,028,000	1123 » 1124	565	
1124	497,819,008	497,819,000	1124 » 1125	565	
1125	498,609,984	498,610,000	1125 » 1126	570	
1126	499,408,000	499,408,000	1126 » 1127	570	
1127	500,206,016	500,206,000	1127 » 1128	570	
1128	501,004,000	501,004,000	1128 » 1129	570	
1129	501,801,984	501,802,000	1129 » 1130	570	
1130	502,600,000	502,600,000	1130 » 1131	570	
1131	503,398,016	503,398,000	1131 » 1132	570	
1132	504,196,000	504,196,000	1132 » 1133	570	
1133	504,993,984	504,994,000	1133 » 1134	570	
1134	505,792,000	505,792,000	1134 » 1135	570	
1135	506,590,016	506,590,000	1135 » 1136	570	
1136	507,388,000	507,388,000	1136 » 1137	570	
1137	508,185,984	508,186,000	1137 » 1138	575	
1138	508,991,008	508,991,000	1138 » 1139	575	
1139	509,796,000	509,796,000	1139 » 1140	575	
1140	510,600,992	510,601,000	1140 » 1141	575	
1141	511,406,016	511,406,000	1141 » 1142	575	
1142	512,211,008	512,211,000	1142 » 1143	575	
1143	513,016,000	513,016,000	1143 » 1144	575	
1144	513,820,992	513,821,000	1144 » 1145	575	
1145	514,625,984	514,626,000	1145 » 1146	575	
1146	515,431,008	515,431,000	1146 » 1147	575	
1147	516,236,000	516,236,000	1147 » 1148	575	
1148	517,040,992	517,041,000	1148 » 1149	575	
1149	517,846,016	517,846,000	1149 » 1150	575	
1150	518,651,008	518,651,000	1150 » 1151	580	
1151	519,463,008	519,463,000	1151 » 1152	580	
1152	520,275,008	520,275,000	1152 » 1153	580	
1153	521,087,008	521,087,000	1153 » 1154	580	
1154	521,899,008	521,899,000	1154 » 1155	580	
1155	522,711,005	522,711,000	1155 » 1156	580	
1156	523,523,008	523,523,000	1156 » 1157	580	
1157	524,335,008	524,335,000	1157 » 1158	580	
1158	525,147,008	525,147,000	1158 » 1159	580	
1159	525,959,008	525,959,000	1159 » 1160	580	
1160	526,771,008	526,771,000	1160 » 1161	580	
1161	527,583,008	527,583,000	1161 » 1162	580	
1162	528,395,008	528,395,000	1162 » 1163	585	
1163	529,214,016	529,214,000	1163 » 1164	585	
1164	530,032,992	530,033,000	1164 » 1165	585	
1165	530,852,000	530,852,000	1165 » 1166	585	
1166	531,671,008	531,671,000	1166 » 1167	585	
1167	532,489,984	532,490,000	1167 » 1168	585	
1168	533,308,992	533,309,000	1168 » 1169	585	
1169	534,128,000	534,128,000	1169 » 1170	585	
1170	534,947,008	534,947,000	1170 » 1171	585	
1171	535,766,016	535,766,000	1171 » 1172	585	
1172	536,584,992	536,585,000	1172 » 1173	585	
1173	537,404,032	537,404,000	1173 » 1174	585	
1174	538,222,976	538,223,000	1174 » 1175	585	
1175	539,041,984	539,042,000	1175 » 1176	590	
1176	539,868,032	539,868,000	1176 » 1177	590	
1177	540,694,016	540,694,000	1177 » 1178	590	
1178	541,520,000	541,520,000	1178 » 1179	590	
1179	542,345,984	542,346,000	1179 » 1180	590	
1180	543,171,968	543,172,000	1180 » 1181	590	
1181	543,998,016	543,998,000	1181 » 1182	590	
1182	544,824,000	544,824,000	1182 » 1183	590	
1183	545,649,984	545,650,000	1183 » 1184	590	
1184	546,476,032	546,476,000	1184 » 1185	590	
1185	547,302,016	547,302,000	1185 » 1186	590	
1186	548,128,000	548,128,000	1186 » 1187	590	
1187	548,953,984	548,954,000	1187 » 1188	595	
1188	549,787,008	549,787,000	1188 » 1189	595	
1189	550,620,032	550,620,000	1189 » 1190	595	
1190	551,452,992	551,453,000	1190 » 1191	595	
1191	552,286,016	552,286,000	1191 » 1192	595	
1192	553,118,976	553,119,000	1192 » 1193	595	
1193	553,952,000	553,952,000	1193 » 1194	595	
1194	554,785,024	554,785,000	1194 » 1195	595	
1195	555,617,984	555,618,000	1195 » 1196	595	
1196	556,451,008	556,451,000	1196 » 1197	595	
1197	557,283,968	557,284,000	1197 » 1198	595	
1198	558,116,992	558,117,000	1198 » 1199	595	
1199	558,950,016	558,950,000	1199 » 1200	595	
1200	559,782,976	559,783,000	1200 » 1201	600	
1201	560,622,976	560,623,000	1201 » 1202	600	
1202	561,462,976	561,463,000	1202 » 1203	600	
1203	562,302,976	562,303,000	1203 » 1204	600	
1204	563,142,976	563,143,000	1204 » 1205	600	
1205	563,982,976	563,983,000	1205 » 1206	600	
1206	564,822,976	564,823,000	1206 » 1207	600	
1207	565,662,976	565,663,000	1207 » 1208	600	
1208	566,502,976	566,503,000	1208 » 1209	600	
1209	567,342,976	567,343,000	1209 » 1210	600	
1210	568,182,976	568,183,000	1210 » 1211	600	
1211	569,022,976	569,023,000	1211 » 1212	600	
1212	569,862,976	569,863,000	1212 » 1213	600	
1213	570,702,976	570,703,000	1213 » 1214	605	
1214	571,550,016	571,550,000	1214 » 1215	605	
1215	572,396,992	572,397,000	1215 » 1216	605	
1216	573,244,032	573,244,000	1216 » 1217	605	
1217	574,091,008	574,091,000	1217 » 1218	605	
1218	574,937,984	574,938,000	1218 » 1219	605	
1219	575,785,024	575,785,000	1219 » 1220	605	
1220	576,632,000	576,632,000	1220 » 1221	605	
1221	577,478,976	577,479,000	1221 » 1222	605	
1222	578,326,016	578,326,000	1222 » 1223	605	
1223	579,172,992	579,173,000	1223 » 1224	605	
1224	580,019,968	580,020,000	1224 » 1225	605	
1225	580,867,008	580,867,000	1225 » 1226	610	
1226	581,721,024	581,721,000	1226 » 1227	610	
1227	582,574,976	582,575,000	1227 » 1228	610	
1228	583,428,992	583,429,000	1228 » 1229	610	
1229	584,283,008	584,283,000	1229 » 1230	610	
1230	585,137,024	585,137,000	1230 » 1231	610	
1231	585,990,976	585,991,000	1231 » 1232	610	
1232	586,844,992	586,845,000	1232 » 1233	610	
1233	587,699,008	587,699,000	1233 » 1234	610	
1234	588,553,024	588,553,000	1234 » 1235	610	
1235	589,406,976	589,407,000	1235 » 1236	610	
1236	590,260,992	590,261,000	1236 » 1237	610	
1237	591,115,008	591,115,000	1237 » 1238	610	
1238	591,969,024	591,969,000	1238 » 1239	615	
1239	592,830,016	592,830,000	1239 » 1240	615	
1240	593,691,008	593,691,000	1240 » 1241	615	
1241	594,552,000	594,552,000	1241 » 1242	615	
1242	595,412,992	595,413,000	1242 » 1243	615	
1243	596,273,984	596,274,000	1243 » 1244	615	
1244	597,134,976	597,135,000	1244 » 1245	615	
1245	597,996,032	597,996,000	1245 » 1246	615	
1246	598,857,024	598,857,000	1246 » 1247	615	
1247	599,718,016	599,718,000	1247 » 1248	615	
1248	600,579,008	600,579,000	1248 » 1249	615	
1249	601,440,000	601,440,000	1249 » 1250	615	
1250	602,300,992	602,301,000	1250 » 1251	615	
1251	603,161,984	603,162,000	1251 » 1252	620	
1252	604,030,016	604,030,000	1252 » 1253	620	
1253	604,897,984	604,898,000	1253 » 1254	620	
1254	605,766,016	605,766,000	1254 » 1255	620	
1255	606,633,984	606,634,000	1255 » 1256	620	
1256	607,502,016	607,502,000	1256 » 1257	620	
1257	608,369,984	608,370,000	1257 » 1258	620	
1258	609,238,016	609,238,000	1258 » 1259	620	
1259	610,105,984	610,106,000	1259 » 1260	620	
1260	610,974,016	610,974,000	1260 » 1261	620	
1261	611,841,984	611,842,000	1261 » 1262	620	
1262	612,710,016	612,710,000	1262 » 1263	620	
1263	613,577,984	613,578,000	1263 » 1264	625	
1264	614,452,992	614,453,000	1264 » 1265	625	
1265	615,328,000	615,328,000	1265 » 1266	625	
1266	616,203,008	616,203,000	1266 » 1267	625	
1267	617,078,016	617,078,000	1267 » 1268	625	
1268	617,953,024	617,953,000	1268 » 1269	625	
1269	618,828,032	618,828,000	1269 » 1270	625	
1270	619,702,976	619,703,000	1270 » 1271	625	
1271	620,577,984	620,578,000	1271 » 1272	625	
1272	621,452,992	621,453,000	1272 » 1273	625	
1273	622,328,000	622,328,000	1273 » 1274	625	
1274	623,203,008	623,203,000	1274 » 1275	625	
1275	624,078,016	624,078,000	1275 » 1276	625	
1276	624,953,024	624,953,000	1276 » 1277	630	
1277	625,835,008	625,835,000	1277 » 1278	630	
1278	626,716,992	626,717,000	1278 » 1279	630	
1279	627,598,976	627,599,000	1279 » 1280	630	
1280	628,481,024	628,481,000	1280 » 1281	630	
1281	629,363,008	629,363,000	1281 » 1282	630	
1282	630,244,992	630,245,000	1282 » 1283	630	
1283	631,126,976	631,127,000	1283 » 1284	630	
1284	632,009,024	632,009,000	1284 » 1285	630	
1285	632,891,008	632,891,000	1285 » 1286	630	
1286	633,772,992	633,773,000	1286 » 1287	630	
1287	634,654,976	634,655,000	1287 » 1288	630	
1288	635,537,024	635,537,000	1288 » 1289	630	
1289	636,419,008	636,419,000	1289 » 1290	635	
1290	637,308,032	637,308,000	1290 » 1291	635	
1291	638,196,992	638,197,000	1291 » 1292	635	
1292	639,086,016	639,086,000	1292 » 1293	635	
1293	639,974,976	639,975,000	1293 » 1294	635	
1294	640,864,000	640,864,000	1294 » 1295	635	
1295	641,753,024	641,753,000	1295 » 1296	635	
1296	642,641,986	642,642,000	1296 » 1297	635	
1297	643,531,008	643,531,000	1297 » 1298	635	
1298	644,419,968	644,420,000	1298 » 1299	635	
1299	645,308,992	645,309,000	1299 » 1300	635	
1300	646,198,016	646,198,000	1300 » 1301	635	
1301	647,086,976	647,087,000	1301 » 1302	635	
1302	647,976,000	647,976,000	1302 » 1303	640	
1303	648,872,000	648,872,000	1303 » 1304	640	
1304	649,768,000	649,768,000	1304 » 1305	640	
1305	650,664,000	650,664,000	1305 » 1306	640	
1306	651,560,000	651,560,000	1306 » 1307	640	
1307	652,456,000	652,456,000	1307 » 1308	640	
1308	653,352,000	653,352,000	1308 » 1309	640	
1309	654,248,000	654,248,000	1309 » 1310	640	
1310	655,144,000	655,144,000	1310 » 1311	640	
1311	656,040,000	656,040,000	1311 » 1312	640	
1312	656,936,000	656,936,000	1312 » 1313	640	
1313	657,832,000	657,832,000	1313 » 1314	640	
1314	658,728,000	658,728,000	1314 » 1315	645	
1315	659,630,976	659,631,000	1315 » 1316	645	
1316	660,534,016	660,534,000	1316 » 1317	645	
1317	661,436,992	661,437,000	1317 » 1318	645	
1318	662,339,968	662,340,000	1318 » 1319	645	
1319	663,243,008	663,243,000	1319 » 1320	645	
1320	664,145,984	664,146,000	1320 » 1321	645	
1321	665,049,024	665,049,000	1321 » 1322	645	
1322	665,952,000	665,952,000	1322 » 1323	645	
1323	666,854,976	666,855,000	1323 » 1324	645	
1324	667,758,016	667,758,000	1324 » 1325	645	
1325	668,660,992	668,661,000	1325 » 1326	645	
1326	669,564,032	669,564,000	1326 » 1327	645	
1327	670,467,008	670,467,000	1327 » 1328	650	
1328	671,377,024	671,377,000	1328 » 1329	650	
1329	672,286,976	672,287,000	1329 » 1330	650	
1330	673,196,992	673,197,000	1330 » 1331	650	
1331	674,107,008	674,107,000	1331 » 1332	650	
1332	675,017,024	675,017,000	1332 » 1333	650	
1333	675,926,976	675,927,000	1333 » 1334	650	
1334	676,836,992	676,837,000	1334 » 1335	650	
1335	677,747,008	677,747,000	1335 » 1336	650	
1336	678,657,024	678,657,000	1336 » 1337	650	
1337	679,566,976	679,567,000	1337 » 1338	650	
1338	680,476,992	680,477,000	1338 » 1339	650	
1339	681,387,008	681,387,000	1339 » 1340	650	
1340	682,297,024	682,297,000	1340 » 1341	655	
1341	683,214,016	683,214,000	1341 » 1342	655	
1342	684,131,008	684,131,000	1342 » 1343	655	
1343	685,048,000	685,048,000	1343 » 1344	655	
1344	685,964,992	685,965,000	1344 » 1345	655	
1345	686,881,984	686,882,000	1345 » 1346	655	
1346	687,798,976	687,799,000	1346 » 1347	655	
1347	688,716,032	688,716,000	1347 » 1348	655	
1348	689,633,024	689,633,000	1348 » 1349	655	
1349	690,550,016	690,550,000	1349 » 1350	655	
1350	691,467,008	691,467,000	1350 » 1351	655	
1351	692,384,000	692,384,000	1351 » 1352	655	
1352	693,300,992	693,301,000	1352 » 1353	655	
1353	694,217,984	694,218,000	1353 » 1354	660	
1354	695,142,016	695,142,000	1354 » 1355	660	
1355	696,065,984	696,066,000	1355 » 1356	660	
1356	696,990,016	696,990,000	1356 » 1357	660	
1357	697,913,984	697,914,000	1357 » 1358	660	
1358	698,838,016	698,838,000	1358 » 1359	660	
1359	699,761,984	699,762,000	1359 » 1360	660	
1360	700,686,016	700,686,000	1360 » 1361	660	
1361	701,609,984	701,610,000	1361 » 1362	660	
1362	702,534,016	702,534,000	1362 » 1363	660	
1363	703,457,984	703,458,000	1363 » 1364	660	
1364	704,382,016	704,382,000	1364 » 1365	660	
1365	705,305,984	705,306,000	1365 » 1366	660	
1366	706,230,016	706,230,000	1366 » 1367	665	
1367	707,161,024	707,161,000	1367 » 1368	665	
1368	708,092,032	708,092,000	1368 » 1369	665	
1369	709,022,976	709,023,000	1369 » 1370	665	
1370	709,953,984	709,954,000	1370 » 1371	665	
1371	710,884,992	710,885,000	1371 » 1372	665	
1372	711,816,000	711,816,000	1372 » 1373	665	
1373	712,747,008	712,747,000	1373 » 1374	665	
1374	713,678,016	713,678,000	1374 » 1375	665	
1375	714,609,024	714,609,000	1375 » 1376	665	
1376	715,539,968	715,540,000	1376 » 1377	665	
1377	716,470,976	716,471,000	1377 » 1378	665	
1378	717,401,984	717,402,000	1378 » 1379	665	
1379	718,332,992	718,333,000	1379 » 1380	670	
1380	719,270,976	719,271,000	1380 » 1381	670	
1381	720,209,024	720,209,000	1381 » 1382	670	
1382	721,147,008	721,147,000	1382 » 1383	670	
1383	722,084,992	722,085,000	1383 » 1384	670	
1384	723,022,976	723,023,000	1384 » 1385	670	
1385	723,961,024	723,961,000	1385 » 1386	670	
1386	724,899,008	724,899,000	1386 » 1387	670	
1387	725,836,992	725,837,000	1387 » 1388	670	
1388	726,774,976	726,775,000	1388 » 1389	670	
1389	727,713,024	727,713,000	1389 » 1390	670	
1390	728,651,008	728,651,000	1390 » 1391	670	
1391	729,588,992	729,589,000	1391 » 1392	670	
1392	730,526,976	730,527,000	1392 » 1393	675	
1393	731,472,000	731,472,000	1393 » 1394	675	
1394	732,417,024	732,417,000	1394 » 1395	675	
1395	733,361,984	733,362,000	1395 » 1396	675	
1396	734,307,008	734,307,000	1396 » 1397	675	
1397	735,251,968	735,252,000	1397 » 1398	675	
1398	736,196,992	736,197,000	1398 » 1399	675	
1399	737,142,016	737,142,000	1399 » 1400	675	
1400	738,086,976	738,087,000	1400 » 1401	675	
1401	739,032,000	739,032,000	1401 » 1402	675	
1402	739,977,024	739,977,000	1402 » 1403	675	
1403	740,921,984	740,922,000	1403 » 1404	675	
1404	741,867,008	741,867,000	1404 » 1405	675	
1405	742,812,032	742,812,000	1405 » 1406	680	
1406	743,763,968	743,764,000	1406 » 1407	680	
1407	744,716,032	744,716,000	1407 » 1408	680	
1408	745,667,968	745,668,000	1408 » 1409	680	
1409	746,620,032	746,620,000	1409 » 1410	680	
1410	747,571,968	747,572,000	1410 » 1411	680	
1411	748,524,032	748,524,000	1411 » 1412	680	
1412	749,475,968	749,476,000	1412 » 1413	680	
1413	750,428,032	750,428,000	1413 » 1414	680	
1414	751,379,968	751,380,000	1414 » 1415	680	
1415	752,332,032	752,332,000	1415 » 1416	680	
1416	753,283,968	753,284,000	1416 » 1417	680	
1417	754,236,032	754,236,000	1417 » 1418	680	
1418	755,187,968	755,188,000	1418 » 1419	685	
1419	756,147,008	756,147,000	1419 » 1420	685	
1420	757,105,984	757,106,000	1420 » 1421	685	
1421	758,065,024	758,065,000	1421 » 1422	685	
1422	759,024,000	759,024,000	1422 » 1423	685	
1423	759,982,976	759,983,000	1423 » 1424	685	
1424	760,942,016	760,942,000	1424 » 1425	685	
1425	761,900,992	761,901,000	1425 » 1426	685	
1426	762,860,032	762,860,000	1426 » 1427	685	
1427	763,819,008	763,819,000	1427 » 1428	685	
1428	764,777,984	764,778,000	1428 » 1429	685	
1429	765,737,024	765,737,000	1429 » 1430	685	
1430	766,696,000	766,696,000	1430 » 1431	685	
1431	767,654,976	767,655,000	1431 » 1432	690	
1432	768,620,992	768,621,000	1432 » 1433	690	
1433	769,587,008	769,587,000	1433 » 1434	690	
1434	770,553,024	770,553,000	1434 » 1435	690	
1435	771,518,976	771,519,000	1435 » 1436	690	
1436	772,484,992	772,485,000	1436 » 1437	690	
1437	773,451,008	773,451,000	1437 » 1438	690	
1438	774,417,024	774,417,000	1438 » 1439	690	
1439	775,382,976	775,383,000	1439 » 1440	690	
1440	776,348,992	776,349,000	1440 » 1441	690	
1441	777,315,008	777,315,000	1441 » 1442	690	
1442	778,281,024	778,281,000	1442 » 1443	690	
1443	779,246,976	779,247,000	1443 » 1444	690	
1444	780,212,992	780,213,000	1444 » 1445	695	
1445	781,185,984	781,186,000	1445 » 1446	695	
1446	782,158,976	782,159,000	1446 » 1447	695	
1447	783,132,032	783,132,000	1447 » 1448	695	
1448	784,105,024	784,105,000	1448 » 1449	695	
1449	785,078,016	785,078,000	1449 » 1450	695	
1450	786,051,008	786,051,000	1450 » 1451	695	
1451	787,024,000	787,024,000	1451 » 1452	695	
1452	787,996,992	787,997,000	1452 » 1453	695	
1453	788,969,984	788,970,000	1453 » 1454	695	
1454	789,942,976	789,943,000	1454 » 1455	695	
1455	790,915,968	790,916,000	1455 » 1456	695	
1456	791,889,024	791,889,000	1456 » 1457	695	
1457	792,862,016	792,862,000	1457 » 1458	700	
1458	793,841,984	793,842,000	1458 » 1459	700	
1459	794,822,016	794,822,000	1459 » 1460	700	
1460	795,801,984	795,802,000	1460 » 1461	700	
1461	796,782,016	796,782,000	1461 » 1462	700	
1462	797,761,984	797,762,000	1462 » 1463	700	
1463	798,742,016	798,742,000	1463 » 1464	700	
1464	799,721,984	799,722,000	1464 » 1465	700	
1465	800,702,016	800,702,000	1465 » 1466	700	
1466	801,681,984	801,682,000	1466 » 1467	700	
1467	802,662,016	802,662,000	1467 » 1468	700	
1468	803,641,984	803,642,000	1468 » 1469	700	
1469	804,622,016	804,622,000	1469 » 1470	700	
1470	805,601,984	805,602,000	1470 » 1471	705	
1471	806,588,992	806,589,000	1471 » 1472	705	
1472	807,576,000	807,576,000	1472 » 1473	705	
1473	808,563,008	808,563,000	1473 » 1474	705	
1474	809,550,016	809,550,000	1474 » 1475	705	
1475	810,537,024	810,537,000	1475 » 1476	705	
1476	811,523,968	811,524,000	1476 » 1477	705	
1477	812,510,976	812,511,000	1477 » 1478	705	
1478	813,497,984	813,498,000	1478 » 1479	705	
1479	814,484,992	814,485,000	1479 » 1480	705	
1480	815,472,000	815,472,000	1480 » 1481	705	
1481	816,459,008	816,459,000	1481 » 1482	705	
1482	817,446,016	817,446,000	1482 » 1483	705	
1483	818,433,024	818,433,000	1483 » 1484	705	
1484	819,420,032	819,420,000	1484 » 1485	710	
1485	820,414,016	820,414,000	1485 » 1486	710	
1486	821,408,000	821,408,000	1486 » 1487	710	
1487	822,401,984	822,402,000	1487 » 1488	710	
1488	823,395,968	823,396,000	1488 » 1489	710	
1489	824,390,016	824,390,000	1489 » 1490	710	
1490	825,384,000	825,384,000	1490 » 1491	710	
1491	826,377,984	826,378,000	1491 » 1492	710	
1492	827,372,032	827,372,000	1492 » 1493	710	
1493	828,366,016	828,366,000	1493 » 1494	710	
1494	829,360,000	829,360,000	1494 » 1495	710	
1495	830,353,984	830,354,000	1495 » 1496	710	
1496	831,347,968	831,348,000	1496 » 1497	710	
1497	832,342,016	832,342,000	1497 » 1498	715	
1498	833,342,976	833,343,000	1498 » 1499	715	
1499	834,344,000	834,344,000	1499 » 1500	715	
1500	835,345,024	835,345,000	1500 » 1501	715	
1501	836,345,984	836,346,000	1501 » 1502	715	
1502	837,347,008	837,347,000	1502 » 1503	715	
1503	838,348,032	838,348,000	1503 » 1504	715	
1504	839,348,992	839,349,000	1504 » 1505	715	
1505	840,350,016	840,350,000	1505 » 1506	715	
1506	841,350,976	841,351,000	1506 » 1507	715	
1507	842,352,000	842,352,000	1507 » 1508	715	
1508	843,353,024	843,353,000	1508 » 1509	715	
1509	844,353,984	844,354,000	1509 » 1510	715	
1510	845,355,008	845,355,000	1510 » 1511	720	
1511	846,363,008	846,363,000	1511 » 1512	720	
1512	847,371,008	847,371,000	1512 » 1513	720	
1513	848,379,008	848,379,000	1513 » 1514	720	
1514	849,387,008	849,387,000	1514 » 1515	720	
1515	850,395,008	850,395,000	1515 » 1516	720	
1516	851,403,008	851,403,000	1516 » 1517	720	
1517	852,411,008	852,411,000	1517 » 1518	720	
1518	853,419,008	853,419,000	1518 » 1519	720	
1519	854,427,008	854,427,000	1519 » 1520	720	
1520	855,435,008	855,435,000	1520 » 1521	720	
1521	856,443,008	856,443,000	1521 » 1522	720	
1522	857,451,008	857,451,000	1522 » 1523	720	
1523	858,459,008	858,459,000	1523 » 1524	725	
1524	859,473,984	859,474,000	1524 » 1525	725	
1525	860,489,024	860,489,000	1525 » 1526	725	
1526	861,504,000	861,504,000	1526 » 1527	725	
1527	862,518,976	862,519,000	1527 » 1528	725	
1528	863,534,016	863,534,000	1528 » 1529	725	
1529	864,548,992	864,549,000	1529 » 1530	725	
1530	865,564,032	865,564,000	1530 » 1531	725	
1531	866,579,008	866,579,000	1531 » 1532	725	
1532	867,593,984	867,594,000	1532 » 1533	725	
1533	868,609,024	868,609,000	1533 » 1534	725	
1534	869,624,000	869,624,000	1534 » 1535	725	
1535	870,638,976	870,639,000	1535 » 1536	725	
1536	871,654,016	871,654,000	1536 » 1537	730	
1537	872,675,968	872,676,000	1537 » 1538	730	
1538	873,697,984	873,698,000	1538 » 1539	730	
1539	874,720,000	874,720,000	1539 » 1540	730	
1540	875,742,016	875,742,000	1540 » 1541	730	
1541	876,764,032	876,764,000	1541 » 1542	730	
1542	877,785,984	877,786,000	1542 » 1543	730	
1543	878,808,000	878,808,000	1543 » 1544	730	
1544	879,830,016	879,830,000	1544 » 1545	730	
1545	880,851,968	880,852,000	1545 » 1546	730	
1546	881,873,984	881,874,000	1546 » 1547	730	
1547	882,896,000	882,896,000	1547 » 1548	730	
1548	883,918,016	883,918,000	1548 » 1549	730	
1549	884,940,032	884,940,000	1549 » 1550	730	
1550	885,961,984	885,962,000	1550 » 1551	735	
1551	886,990,976	886,991,000	1551 » 1552	735	
1552	888,019,968	888,020,000	1552 » 1553	735	
1553	889,049,024	889,049,000	1553 » 1554	735	
1554	890,078,016	890,078,000	1554 » 1555	735	
1555	891,107,008	891,107,000	1555 » 1556	735	
1556	892,136,000	892,136,000	1556 » 1557	735	
1557	893,164,992	893,165,000	1557 » 1558	735	
1558	894,193,984	894,194,000	1558 » 1559	735	
1559	895,222,976	895,223,000	1559 » 1560	735	
1560	896,252,032	896,252,000	1560 » 1561	735	
1561	897,281,024	897,281,000	1561 » 1562	735	
1562	898,310,016	898,310,000	1562 » 1563	735	
1563	899,339,008	899,339,000	1563 » 1564	740	
1564	900,374,976	900,375,000	1564 » 1565	740	
1565	901,411,008	901,411,000	1565 » 1566	740	
1566	902,446,976	902,447,000	1566 » 1567	740	
1567	903,483,008	903,483,000	1567 » 1568	740	
1568	904,518,976	904,519,000	1568 » 1569	740	
1569	905,555,008	905,555,000	1569 » 1570	740	
1570	906,590,976	906,591,000	1570 » 1571	740	
1571	907,627,008	907,627,000	1571 » 1572	740	
1572	908,662,976	908,663,000	1572 » 1573	740	
1573	909,699,008	909,699,000	1573 » 1574	740	
1574	910,734,978	910,735,000	1574 » 1575	740	
1575	911,771,008	911,771,000	1575 » 1576	740	
1576	912,806,976	912,807,000	1576 » 1577	745	
1577	913,849,984	913,850,000	1577 » 1578	745	
1578	914,892,992	914,893,000	1578 » 1579	745	
1579	915,936,000	915,936,000	1579 » 1580	745	
1580	916,979,008	916,979,000	1580 » 1581	745	
1581	918,022,016	918,022,000	1581 » 1582	745	
1582	919,065,024	919,065,000	1582 » 1583	745	
1583	920,108,032	920,108,000	1583 » 1584	745	
1584	921,150,976	921,151,000	1584 » 1585	745	
1585	922,193,984	922,194,000	1585 » 1586	745	
1586	923,236,992	923,237,000	1586 » 1587	745	
1587	924,280,000	924,280,000	1587 » 1588	745	
1588	925,323,008	925,323,000	1588 » 1589	745	
1589	926,366,016	926,366,000	1589 » 1590	750	
1590	927,416,000	927,416,000	1590 » 1591	750	
1591	928,465,984	928,466,000	1591 » 1592	750	
1592	929,516,032	929,516,000	1592 » 1593	750	
1593	930,566,016	930,566,000	1593 » 1594	750	
1594	931,616,000	931,616,000	1594 » 1595	750	
1595	932,665,984	932,666,000	1595 » 1596	750	
1596	933,715,968	933,716,000	1596 » 1597	750	
1597	934,766,016	934,766,000	1597 » 1598	750	
1598	935,816,000	935,816,000	1598 » 1599	750	
1599	936,865,984	936,866,000	1599 » 1600	750	
1600	937,916,032	937,916,000	1600 » 1601	750	
1601	938,966,016	938,966,000	1601 » 1602	750	
1602	940,016,000	940,016,000	1602 » 1603	750	
1603	941,065,984	941,066,000	1603 » 1604	755	
1604	942,123,008	942,123,000	1604 » 1605	755	
1605	943,180,032	943,180,000	1605 » 1606	755	
1606	944,236,992	944,237,000	1606 » 1607	755	
1607	945,294,016	945,294,000	1607 » 1608	755	
1608	946,350,976	946,351,000	1608 » 1609	755	
1609	947,408,000	947,408,000	1609 » 1610	755	
1610	948,465,024	948,465,000	1610 » 1611	755	
1611	949,521,984	949,522,000	1611 » 1612	755	
1612	950,579,008	950,579,000	1612 » 1613	755	
1613	951,635,968	951,636,000	1613 » 1614	755	
1614	952,692,992	952,693,000	1614 » 1615	755	
1615	953,750,016	953,750,000	1615 » 1616	755	
1616	954,806,976	954,807,000	1616 » 1617	760	
1617	955,870,976	955,871,000	1617 » 1618	760	
1618	956,934,976	956,935,000	1618 » 1619	760	
1619	957,998,976	957,999,000	1619 » 1620	760	
1620	959,062,976	959,063,000	1620 » 1621	760	
1621	960,126,976	960,127,000	1621 » 1622	760	
1622	961,190,976	961,191,000	1622 » 1623	760	
1623	962,254,976	962,255,000	1623 » 1624	760	
1624	963,318,976	963,319,000	1624 » 1625	760	
1625	964,382,976	964,383,000	1625 » 1626	760	
1626	965,446,976	965,447,000	1626 » 1627	760	
1627	966,510,976	966,511,000	1627 » 1628	760	
1628	967,574,976	967,575,000	1628 » 1629	760	
1629	968,638,976	968,639,000	1629 » 1630	760	
1630	969,702,976	969,703,000	1630 » 1631	765	
1631	970,774,016	970,774,000	1631 » 1632	765	
1632	971,844,992	971,845,000	1632 » 1633	765	
1633	972,915,968	972,916,000	1633 » 1634	765	
1634	973,987,008	973,987,000	1634 » 1635	765	
1635	975,057,984	975,058,000	1635 » 1636	765	
1636	976,129,024	976,129,000	1636 » 1637	765	
1637	977,200,000	977,200,000	1637 » 1638	765	
1638	978,270,976	978,271,000	1638 » 1639	765	
1639	979,342,016	979,342,000	1639 » 1640	765	
1640	980,412,992	980,413,000	1640 » 1641	765	
1641	981,484,032	981,484,000	1641 » 1642	765	
1642	982,555,008	982,555,000	1642 » 1643	765	
1643	983,625,984	983,626,000	1643 » 1644	770	
1644	984,704,000	984,704,000	1644 » 1645	770	
1645	985,782,016	985,782,000	1645 » 1646	770	
1646	986,860,032	986,860,000	1646 » 1647	770	
1647	987,937,984	987,938,000	1647 » 1648	770	
1648	989,016,000	989,016,000	1648 » 1649	770	
1649	990,094,016	990,094,000	1649 » 1650	770	
1650	991,171,968	991,172,000	1650 » 1651	770	
1651	992,249,984	992,250,000	1651 » 1652	770	
1652	993,328,000	993,328,000	1652 » 1653	770	
1653	994,406,016	994,406,000	1653 » 1654	770	
1654	995,484,032	995,484,000	1654 » 1655	770	
1655	996,561,984	996,562,000	1655 » 1656	770	
1656	997,640,000	997,640,000	1656 » 1657	775	
1657	998,724,992	998,725,000	1657 » 1658	775	
1658	999,809,984	999,810,000	1658 » 1659	775	
1659	1,000,894,976	1,000,895,000	1659 » 1660	775	
1660	1,001,980,032	1,001,980,000	1660 » 1661	775	
1661	1,003,065,024	1,003,065,000	1661 » 1662	775	
1662	1,004,150,016	1,004,150,000	1662 » 1663	775	
1663	1,005,235,008	1,005,235,000	1663 » 1664	775	
1664	1,006,320,000	1,006,320,000	1664 » 1665	775	
1665	1,007,404,992	1,007,405,000	1665 » 1666	775	
1666	1,008,489,984	1,008,490,000	1666 » 1667	775	
1667	1,009,574,976	1,009,575,000	1667 » 1668	775	
1668	1,010,659,968	1,010,660,000	1668 » 1669	775	
1669	1,011,745,024	1,011,745,000	1669 » 1670	775	
1670	1,012,830,016	1,012,830,000	1670 » 1671	780	
1671	1,013,921,984	1,013,922,000	1671 » 1672	780	
1672	1,015,014,016	1,015,014,000	1672 » 1673	780	
1673	1,016,105,984	1,016,106,000	1673 » 1674	780	
1674	1,017,198,016	1,017,198,000	1674 » 1675	780	
1675	1,018,289,984	1,018,290,000	1675 » 1676	780	
1676	1,019,382,016	1,019,382,000	1676 » 1677	780	
1677	1,020,473,984	1,020,474,000	1677 » 1678	780	
1678	1,021,566,016	1,021,566,000	1678 » 1679	780	
1679	1,022,657,984	1,022,658,000	1679 » 1680	780	
1680	1,023,750,016	1,023,750,000	1680 » 1681	780	
1681	1,024,841,984	1,024,842,000	1681 » 1682	780	
1682	1,025,934,016	1,025,934,000	1682 » 1683	780	
1683	1,027,025,984	1,027,026,000	1683 » 1684	785	
1684	1,028,124,992	1,028,125,000	1684 » 1685	785	
1685	1,029,224,000	1,029,224,000	1685 » 1686	785	
1686	1,030,323,008	1,030,323,000	1686 » 1687	785	
1687	1,031,422,016	1,031,422,000	1687 » 1688	785	
1688	1,032,521,024	1,032,521,000	1688 » 1689	785	
1689	1,033,619,968	1,033,620,000	1689 » 1690	785	
1690	1,034,718,976	1,034,719,000	1690 » 1691	785	
1691	1,035,817,984	1,035,818,000	1691 » 1692	785	
1692	1,036,916,992	1,036,917,000	1692 » 1693	785	
1693	1,038,016,000	1,038,016,000	1693 » 1694	785	
1694	1,039,115,008	1,039,115,000	1694 » 1695	785	
1695	1,040,214,016	1,040,214,000	1695 » 1696	785	
1696	1,041,313,024	1,041,313,000	1696 » 1697	785	
1697	1,042,412,032	1,042,412,000	1697 » 1698	790	
1698	1,043,518,016	1,043,518,000	1698 » 1699	790	
1699	1,044,624,000	1,044,624,000	1699 » 1700	790	
1700	1,045,729,987	1,045,730,000	1700 » 1701	790	
1701	1,046,835,968	1,046,836,000	1701 » 1702	790	
1702	1,047,942,016	1,047,942,000	1702 » 1703	790	
1703	1,049,048,000	1,049,048,000	1703 » 1704	790	
1704	1,050,153,984	1,050,154,000	1704 » 1705	790	
1705	1,051,260,032	1,051,260,000	1705 » 1706	790	
1706	1,052,366,016	1,052,366,000	1706 » 1707	790	
1707	1,053,472,000	1,053,472,000	1707 » 1708	790	
1708	1,054,577,984	1,054,578,000	1708 » 1709	790	
1709	1,055,683,968	1,055,684,000	1709 » 1710	790	
1710	1,056,790,016	1,056,790,000	1710 » 1711	795	
1711	1,057,902,976	1,057,903,000	1711 » 1712	795	
1712	1,059,016,000	1,059,016,000	1712 » 1713	795	
1713	1,060,129,024	1,060,129,000	1713 » 1714	795	
1714	1,061,241,984	1,061,242,000	1714 » 1715	795	
1715	1,062,355,008	1,062,355,000	1715 » 1716	795	
1716	1,063,468,032	1,063,468,000	1716 » 1717	795	
1717	1,064,580,992	1,064,581,000	1717 » 1718	795	
1718	1,065,694,016	1,065,694,000	1718 » 1719	795	
1719	1,066,806,976	1,066,807,000	1719 » 1720	795	
1720	1,067,920,000	1,067,920,000	1720 » 1721	795	
1721	1,069,033,024	1,069,033,000	1721 » 1722	795	
1722	1,070,145,984	1,070,146,000	1722 » 1723	795	
1723	1,071,259,008	1,071,259,000	1723 » 1724	795	
1724	1,072,371,968	1,072,372,000	1724 » 1725	800	
1725	1,073,491,968	1,073,492,000	1725 » 1726	800	
1726	1,074,611,968	1,074,612,000	1726 » 1727	800	
1727	1,075,731,968	1,075,732,000	1727 » 1728	800	
1728	1,076,851,968	1,076,852,000	1728 » 1729	800	
1729	1,077,971,968	1,077,972,000	1729 » 1730	800	
1730	1,079,091,968	1,079,092,000	1730 » 1731	800	
1731	1,080,211,968	1,080,212,000	1731 » 1732	800	
1732	1,081,331,968	1,081,332,000	1732 » 1733	800	
1733	1,082,451,968	1,082,452,000	1733 » 1734	800	
1734	1,083,571,968	1,083,572,000	1734 » 1735	800	
1735	1,084,691,968	1,084,692,000	1735 » 1736	800	
1736	1,085,811,968	1,085,812,000	1736 » 1737	800	
1737	1,086,931,968	1,086,932,000	1737 » 1738	800	
1738	1,088,051,968	1,088,052,000	1738 » 1739	805	
1739	1,089,179,008	1,089,179,000	1739 » 1740	805	
1740	1,090,306,048	1,090,306,000	1740 » 1741	805	
1741	1,091,432,960	1,091,433,000	1741 » 1742	805	
1742	1,092,560,000	1,092,560,000	1742 » 1743	805	
1743	1,093,687,040	1,093,687,000	1743 » 1744	805	
1744	1,094,813,952	1,094,814,000	1744 » 1745	805	
1745	1,095,940,992	1,095,941,000	1745 » 1746	805	
1746	1,097,068,032	1,097,068,000	1746 » 1747	805	
1747	1,098,194,944	1,098,195,000	1747 » 1748	805	
1748	1,099,321,984	1,099,322,000	1748 » 1749	805	
1749	1,100,449,024	1,100,449,000	1749 » 1750	805	
1750	1,101,575,936	1,101,576,000	1750 » 1751	805	
1751	1,102,702,976	1,102,703,000	1751 » 1752	810	
1752	1,103,837,056	1,103,837,000	1752 » 1753	810	
1753	1,104,971,008	1,104,971,000	1753 » 1754	810	
1754	1,106,104,960	1,106,105,000	1754 » 1755	810	
1755	1,107,239,040	1,107,239,000	1755 » 1756	810	
1756	1,108,372,992	1,108,373,000	1756 » 1757	810	
1757	1,109,506,944	1,109,507,000	1757 » 1758	810	
1758	1,110,641,024	1,110,641,000	1758 » 1759	810	
1759	1,111,774,976	1,111,775,000	1759 » 1760	810	
1760	1,112,909,056	1,112,909,000	1760 » 1761	810	
1761	1,114,043,008	1,114,043,000	1761 » 1762	810	
1762	1,115,176,960	1,115,177,000	1762 » 1763	810	
1763	1,116,311,040	1,116,311,000	1763 » 1764	810	
1764	1,117,444,992	1,117,445,000	1764 » 1765	810	
1765	1,118,578,944	1,118,579,000	1765 » 1766	815	
1766	1,119,719,936	1,119,720,000	1766 » 1767	815	
1767	1,120,861,056	1,120,861,000	1767 » 1768	815	
1768	1,122,002,048	1,122,002,000	1768 » 1769	815	
1769	1,123,143,040	1,123,143,000	1769 » 1770	815	
1770	1,124,284,032	1,124,284,000	1770 » 1771	815	
1771	1,125,425,024	1,125,425,000	1771 » 1772	815	
1772	1,126,566,016	1,126,566,000	1772 » 1773	815	
1773	1,127,707,008	1,127,707,000	1773 » 1774	815	
1774	1,128,848,000	1,128,848,000	1774 » 1775	815	
1775	1,129,988,992	1,129,989,000	1775 » 1776	815	
1776	1,131,129,984	1,131,130,000	1776 » 1777	815	
1777	1,132,270,976	1,132,271,000	1777 » 1778	815	
1778	1,133,411,968	1,133,412,000	1778 » 1779	820	
1779	1,134,560,000	1,134,560,000	1779 » 1780	820	
1780	1,135,708,032	1,135,708,000	1780 » 1781	820	
1781	1,136,856,064	1,136,856,000	1781 » 1782	820	
1782	1,138,003,968	1,138,004,000	1782 » 1783	820	
1783	1,139,152,000	1,139,152,000	1783 » 1784	820	
1784	1,140,300,032	1,140,300,000	1784 » 1785	820	
1785	1,141,447,936	1,141,448,000	1785 » 1786	820	
1786	1,142,595,968	1,142,596,000	1786 » 1787	820	
1787	1,143,744,000	1,143,744,000	1787 » 1788	820	
1788	1,144,892,032	1,144,892,000	1788 » 1789	820	
1789	1,146,040,064	1,146,040,000	1789 » 1790	820	
1790	1,147,187,968	1,147,188,000	1790 » 1791	820	
1791	1,148,336,000	1,148,336,000	1791 » 1792	820	
1792	1,149,484,032	1,149,484,000	1792 » 1793	825	
1793	1,150,638,976	1,150,639,000	1793 » 1794	825	
1794	1,151,794,048	1,151,794,000	1794 » 1795	825	
1795	1,152,948,992	1,152,949,000	1795 » 1796	825	
1796	1,154,104,064	1,154,104,000	1796 » 1797	825	
1797	1,155,259,008	1,155,259,000	1797 » 1798	825	
1798	1,156,413,952	1,156,414,000	1798 » 1799	825	
1799	1,157,569,024	1,157,569,000	1799 » 1800	825	
1800	1,158,723,968	1,158,724,000	1800 » 1801	825	
1801	1,159,879,040	1,159,879,000	1801 » 1802	825	
1802	1,161,033,984	1,161,034,000	1802 » 1803	825	
1803	1,162,189,056	1,162,189,000	1803 » 1804	825	
1804	1,163,344,000	1,163,344,000	1804 » 1805	825	
1805	1,164,498,944	1,164,499,000	1805 » 1806	825	
1806	1,165,654,016	1,165,654,000	1806 » 1807	830	
1807	1,166,816,000	1,166,816,000	1807 » 1808	830	
1808	1,167,977,984	1,167,978,000	1808 » 1809	830	
1809	1,169,139,968	1,169,140,000	1809 » 1810	830	
1810	1,170,301,952	1,170,302,000	1810 » 1811	830	
1811	1,171,463,936	1,171,464,000	1811 » 1812	830	
1812	1,172,626,048	1,172,626,000	1812 » 1813	830	
1813	1,173,788,032	1,173,788,000	1813 » 1814	830	
1814	1,174,950,016	1,174,950,000	1814 » 1815	830	
1815	1,176,112,000	1,176,112,000	1815 » 1816	830	
1816	1,177,273,984	1,177,274,000	1816 » 1817	830	
1817	1,178,435,968	1,178,436,000	1817 » 1818	830	
1818	1,179,597,952	1,179,598,000	1818 » 1819	830	
1819	1,180,760,064	1,180,760,000	1819 » 1820	835	
1820	1,181,928,960	1,181,929,000	1820 » 1821	835	
1821	1,183,097,984	1,183,098,000	1821 » 1822	835	
1822	1,184,267,008	1,184,267,000	1822 » 1823	835	
1823	1,185,436,032	1,185,436,000	1823 » 1824	835	
1824	1,186,605,056	1,186,605,000	1824 » 1825	835	
1825	1,187,773,952	1,187,774,000	1825 » 1826	835	
1826	1,188,942,976	1,188,943,000	1826 » 1827	835	
1827	1,190,112,000	1,190,112,000	1827 » 1828	835	
1828	1,191,281,024	1,191,281,000	1828 » 1829	835	
1829	1,192,450,048	1,192,450,000	1829 » 1830	835	
1830	1,193,618,944	1,193,619,000	1830 » 1831	835	
1831	1,194,787,968	1,194,788,000	1831 » 1832	835	
1832	1,195,956,992	1,195,957,000	1832 » 1833	835	
1833	1,197,126,016	1,197,126,000	1833 » 1834	840	
1834	1,198,301,952	1,198,302,000	1834 » 1835	840	
1835	1,199,478,016	1,199,478,000	1835 » 1836	840	
1836	1,200,653,952	1,200,654,000	1836 » 1837	840	
1837	1,201,830,016	1,201,830,000	1837 » 1838	840	
1838	1,203,005,952	1,203,006,000	1838 » 1839	840	
1839	1,204,182,016	1,204,182,000	1839 » 1840	840	
1840	1,205,357,952	1,205,358,000	1840 » 1841	840	
1841	1,206,534,016	1,206,534,000	1841 » 1842	840	
1842	1,207,709,952	1,207,710,000	1842 » 1843	840	
1843	1,208,886,016	1,208,886,000	1843 » 1844	840	
1844	1,210,061,952	1,210,062,000	1844 » 1845	840	
1845	1,211,238,016	1,211,238,000	1845 » 1846	840	
1846	1,212,413,952	1,212,414,000	1846 » 1847	840	
1847	1,213,590,016	1,213,590,000	1847 » 1848	845	
1848	1,214,772,992	1,214,773,000	1848 » 1849	845	
1849	1,215,955,968	1,215,956,000	1849 » 1850	845	
1850	1,217,138,944	1,217,139,000	1850 » 1851	845	
1851	1,218,322,048	1,218,322,000	1851 » 1852	845	
1852	1,219,505,024	1,219,505,000	1852 » 1853	845	
1853	1,220,688,000	1,220,688,000	1853 » 1854	845	
1854	1,221,870,976	1,221,871,000	1854 » 1855	845	
1855	1,223,053,952	1,223,054,000	1855 » 1856	845	
1856	1,224,237,056	1,224,237,000	1856 » 1857	845	
1857	1,225,420,032	1,225,420,000	1857 » 1858	845	
1858	1,226,603,008	1,226,603,000	1858 » 1859	845	
1859	1,227,785,984	1,227,786,000	1859 » 1860	845	
1860	1,228,968,960	1,228,969,000	1860 » 1861	845	
1861	1,230,151,936	1,230,152,000	1861 » 1862	850	
1862	1,231,341,952	1,231,342,000	1862 » 1863	850	
1863	1,232,531,968	1,232,532,000	1863 » 1864	850	
1864	1,233,721,984	1,233,722,000	1864 » 1865	850	
1865	1,234,912,000	1,234,912,000	1865 » 1866	850	
1866	1,236,102,016	1,236,102,000	1866 » 1867	850	
1867	1,237,292,032	1,237,292,000	1867 » 1868	850	
1868	1,238,482,048	1,238,482,000	1868 » 1869	850	
1869	1,239,672,064	1,239,672,000	1869 » 1870	850	
1870	1,240,861,952	1,240,862,000	1870 » 1871	850	
1871	1,242,051,968	1,242,052,000	1871 » 1872	850	
1872	1,243,241,984	1,243,242,000	1872 » 1873	850	
1873	1,244,432,000	1,244,432,000	1873 » 1874	850	
1874	1,245,622,016	1,245,622,000	1874 » 1875	855	
1875	1,246,818,944	1,246,819,000	1875 » 1876	855	
1876	1,248,016,000	1,248,016,000	1876 » 1877	855	
1877	1,249,213,056	1,249,213,000	1877 » 1878	855	
1878	1,250,409,984	1,250,410,000	1878 » 1879	855	
1879	1,251,607,040	1,251,607,000	1879 » 1880	855	
1880	1,252,803,968	1,252,804,000	1880 » 1881	855	
1881	1,254,001,024	1,254,001,000	1881 » 1882	855	
1882	1,255,197,952	1,255,198,000	1882 » 1883	855	
1883	1,256,395,008	1,256,395,000	1883 » 1884	855	
1884	1,257,592,064	1,257,592,000	1884 » 1885	855	
1885	1,258,788,992	1,258,789,000	1885 » 1886	855	
1886	1,259,986,048	1,259,986,000	1886 » 1887	855	
1887	1,261,182,976	1,261,183,000	1887 » 1888	855	
1888	1,262,380,032	1,262,380,000	1888 » 1889	860	
1889	1,263,584,000	1,263,584,000	1889 » 1890	860	
1890	1,264,787,968	1,264,788,000	1890 » 1891	860	
1891	1,265,991,936	1,265,992,000	1891 » 1892	860	
1892	1,267,196,032	1,267,196,000	1892 » 1893	860	
1893	1,268,400,000	1,268,400,000	1893 » 1894	860	
1894	1,269,603,968	1,269,604,000	1894 » 1895	860	
1895	1,270,808,064	1,270,808,000	1895 » 1896	860	
1896	1,272,012,032	1,272,012,000	1896 » 1897	860	
1897	1,273,216,000	1,273,216,000	1897 » 1898	860	
1898	1,274,419,968	1,274,420,000	1898 » 1899	860	
1899	1,275,623,936	1,275,624,000	1899 » 1900	860	
1900	1,276,828,032	1,276,828,000	1900 » 1901	860	
1901	1,278,032,000	1,278,032,000	1901 » 1902	860	
1902	1,279,235,968	1,279,236,000	1902 » 1903	865	
1903	1,280,446,976	1,280,447,000	1903 » 1904	865	
1904	1,281,657,984	1,281,658,000	1904 » 1905	865	
1905	1,282,868,992	1,282,869,000	1905 » 1906	865	
1906	1,284,080,000	1,284,080,000	1906 » 1907	865	
1907	1,285,291,008	1,285,291,000	1907 » 1908	865	
1908	1,286,502,016	1,286,502,000	1908 » 1909	865	
1909	1,287,713,024	1,287,713,000	1909 » 1910	865	
1910	1,288,924,032	1,288,924,000	1910 » 1911	865	
1911	1,290,135,040	1,290,135,000	1911 » 1912	865	
1912	1,291,346,048	1,291,346,000	1912 » 1913	865	
1913	1,292,557,056	1,292,557,000	1913 » 1914	865	
1914	1,293,767,936	1,293,768,000	1914 » 1915	865	
1915	1,294,978,944	1,294,979,000	1915 » 1916	865	
1916	1,296,189,952	1,296,190,000	1916 » 1917	870	
1917	1,297,408,000	1,297,408,000	1917 » 1918	870	
1918	1,298,626,048	1,298,626,000	1918 » 1919	870	
1919	1,299,843,968	1,299,844,000	1919 » 1920	870	
1920	1,301,062,016	1,301,062,000	1920 » 1921	870	
1921	1,302,279,936	1,302,280,000	1921 » 1922	870	
1922	1,303,497,948	1,303,498,000	1922 » 1923	870	
1923	1,304,716,032	1,304,716,000	1923 » 1924	870	
1924	1,305,933,952	1,305,934,000	1924 » 1925	870	
1925	1,307,152,000	1,307,152,000	1925 » 1926	870	
1926	1,308,370,048	1,308,370,000	1926 » 1927	870	
1927	1,309,587,968	1,309,588,000	1927 » 1928	870	
1928	1,310,806,016	1,310,806,000	1928 » 1929	870	
1929	1,312,024,064	1,312,024,000	1929 » 1930	870	
1930	1,313,241,984	1,313,242,000	1930 » 1931	875	
1931	1,314,466,944	1,314,467,000	1931 » 1932	875	
1932	1,315,692,032	1,315,692,000	1932 » 1933	875	
1933	1,316,916,992	1,316,917,000	1933 » 1934	875	
1934	1,318,141,952	1,318,142,000	1934 » 1935	875	
1935	1,319,367,040	1,319,367,000	1935 » 1936	875	
1936	1,320,592,000	1,320,592,000	1936 » 1937	875	
1937	1,321,816,960	1,321,817,000	1937 » 1938	875	
1938	1,323,042,048	1,323,042,000	1938 » 1939	875	
1939	1,324,267,008	1,324,267,000	1939 » 1940	875	
1940	1,325,491,968	1,325,492,000	1940 » 1941	875	
1941	1,326,717,056	1,326,717,000	1941 » 1942	875	
1942	1,327,942,016	1,327,942,000	1942 » 1943	875	
1943	1,329,166,976	1,329,167,000	1943 » 1944	875	
1944	1,330,392,064	1,330,392,000	1944 » 1945	880	
1945	1,331,623,936	1,331,624,000	1945 » 1946	880	
1946	1,332,856,064	1,332,856,000	1946 » 1947	880	
1947	1,334,087,936	1,334,088,000	1947 » 1948	880	
1948	1,335,320,064	1,335,320,000	1948 » 1949	880	
1949	1,336,551,936	1,336,552,000	1949 » 1950	880	
1950	1,337,784,064	1,337,784,000	1950 » 1951	880	
1951	1,339,015,936	1,339,016,000	1951 » 1952	880	
1952	1,340,248,064	1,340,248,000	1952 » 1953	880	
1953	1,341,479,936	1,341,480,000	1953 » 1954	880	
1954	1,342,712,064	1,342,712,000	1954 » 1955	880	
1955	1,343,943,936	1,343,944,000	1955 » 1956	880	
1956	1,345,176,064	1,345,176,000	1956 » 1957	880	
1957	1,346,407,936	1,346,408,000	1957 » 1958	885	
1958	1,347,646,976	1,347,647,000	1958 » 1959	885	
1959	1,348,886,016	1,348,886,000	1959 » 1960	885	
1960	1,350,125,056	1,350,125,000	1960 » 1961	885	
1961	1,351,363,968	1,351,364,000	1961 » 1962	885	
1962	1,352,603,008	1,352,603,000	1962 » 1963	885	
1963	1,353,842,048	1,353,842,000	1963 » 1964	885	
1964	1,355,080,960	1,355,081,000	1964 » 1965	885	
1965	1,356,320,000	1,356,320,000	1965 » 1966	885	
1966	1,357,559,040	1,357,559,000	1966 » 1967	885	
1967	1,358,797,952	1,358,798,000	1967 » 1968	885	
1968	1,360,036,992	1,360,037,000	1968 » 1969	885	
1969	1,361,276,032	1,361,276,000	1969 » 1970	885	
1970	1,362,514,944	1,362,515,000	1970 » 1971	885	
1971	1,363,753,984	1,363,754,000	1971 » 1972	890	
1972	1,364,999,936	1,365,000,000	1972 » 1973	890	
1973	1,366,246,016	1,366,246,000	1973 » 1974	890	
1974	1,367,491,968	1,367,492,000	1974 » 1975	890	
1975	1,368,738,048	1,368,738,000	1975 » 1976	890	
1976	1,369,984,000	1,369,984,000	1976 » 1977	890	
1977	1,371,229,952	1,371,230,000	1977 » 1978	890	
1978	1,372,476,032	1,372,476,000	1978 » 1979	890	
1979	1,373,721,984	1,373,722,000	1979 » 1980	890	
1980	1,374,968,064	1,374,968,000	1980 » 1981	890	
1981	1,376,214,016	1,376,214,000	1981 » 1982	890	
1982	1,377,459,968	1,377,460,000	1982 » 1983	890	
1983	1,378,706,048	1,378,706,000	1983 » 1984	890	
1984	1,379,952,000	1,379,952,000	1984 » 1985	890	
1985	1,381,197,952	1,381,198,000	1985 » 1986	895	
1986	1,382,450,944	1,382,451,000	1986 » 1987	895	
1987	1,383,704,064	1,383,704,000	1987 » 1988	895	
1988	1,384,957,056	1,384,957,000	1988 » 1989	895	
1989	1,386,210,048	1,386,210,000	1989 » 1990	895	
1990	1,387,463,040	1,387,463,000	1990 » 1991	895	
1991	1,388,716,032	1,388,716,000	1991 » 1992	895	
1992	1,389,969,024	1,389,969,000	1992 » 1993	895	
1993	1,391,222,016	1,391,222,000	1993 » 1994	895	
1994	1,392,475,008	1,392,475,000	1994 » 1995	895	
1995	1,393,728,000	1,393,728,000	1995 » 1996	895	
1996	1,394,980,992	1,394,981,000	1996 » 1997	895	
1997	1,396,233,984	1,396,234,000	1997 » 1998	895	
1998	1,397,486,976	1,397,487,000	1998 » 1999	895	
1999	1,398,739,968	1,398,740,000	1999 » 2000	900	
2000	1,400,000,000	1,400,000,000			