Level	Power	Hammer	Extrapolated?	Extrapolated
0	0	5	FALSE	0
1		5	FALSE	2,500
2		5	FALSE	5,000
3		5	FALSE	7,500
4		10	FALSE	10,000
5		10	FALSE	15,000
6		10	FALSE	20,000
7		10	FALSE	25,000
8		15	FALSE	30,000
9		15	FALSE	37,500
10	45,000	15	FALSE	45,000
11	52,500	15	FALSE	52,500
12	60,000	15	FALSE	60,000
13	67,500	20	FALSE	67,500
14	77,500	20	FALSE	77,500
15	87,500	20	FALSE	87,500
16	97,500	20	FALSE	97,500
17	107,500	20	FALSE	107,500
18	117,500	25	FALSE	117,500
19	130,000	25	FALSE	130,000
20	142,500	25	FALSE	142,500
21	155,000	25	FALSE	155,000
22	167,500	25	FALSE	167,500
23	180,000	25	FALSE	180,000
24	192,500	30	FALSE	192,500
25	207,500	30	FALSE	207,500
26	222,500	30	FALSE	222,500
27	237,500	30	FALSE	237,500
28	252,500	30	FALSE	252,500
29	267,500	35	FALSE	267,500
30	285,000	35	FALSE	285,000
31	302,500	35	FALSE	302,500
32	320,000	35	FALSE	320,000
33	337,500	35	FALSE	337,500
34	355,000	35	FALSE	355,000
35	372,500	40	FALSE	372,500
36	392,500	40	FALSE	392,500
37	412,500	40	FALSE	412,500
38		40	FALSE	432,500
39		40	FALSE	452,500
40		45	FALSE	472,500
41		45	FALSE	495,000
42	517,500	45	FALSE	517,500
43	540,500	45	FALSE	540,000
44	562,500	45	FALSE	562,500
45	585,500	45	FALSE	585,000
46	607,500	50	FALSE	607,500
47	632,500	50	FALSE	632,500
48	657,500	50	FALSE	657,500
49	682,500	50	FALSE	682,500
50	707,500	50	FALSE	707,500
51	732,500	50	FALSE	732,500
52	757,500	55	FALSE	757,500
53	785,000	55	FALSE	785,000
54	812,500	55	FALSE	812,500
55	840,000	55	FALSE	840,000
56	867,500	55	FALSE	867,500
57	895,000	55	FALSE	895,000
58	922,500	60	FALSE	922,500
59	952,500	60	FALSE	952,500
60	982,500	60	FALSE	982,500
61	1,012,500	60	FALSE	1,012,500
62	1,042,500	60	FALSE	1,042,500
63	1,072,500	60	FALSE	1,072,500
64	1,102,500	65	FALSE	1,102,500
65	1,135,000	65	FALSE	1,135,000
66	1,167,500	65	FALSE	1,167,500
67	1,200,000	65	FALSE	1,200,000
68	1,232,500	65	FALSE	1,232,500
69	1,265,000	65	FALSE	1,265,000
70	1,297,500	70	FALSE	1,297,500
71	1,332,500	70	FALSE	1,332,500
72	1,367,500	70	FALSE	1,367,500
73	1,402,500	70	FALSE	1,402,500
74	1,437,500	70	FALSE	1,437,500
75	1,472,500	70	FALSE	1,472,500
76	1,507,500	75	FALSE	1,507,500
77	1,545,000	75	FALSE	1,545,000
78	1,582,500	75	FALSE	1,582,500
79	1,620,000	75	FALSE	1,620,000
80	1,657,500	75	FALSE	1,657,500
81	1,695,000	75	FALSE	1,695,000
82	1,732,500	80	FALSE	1,732,500
83	1,772,500	80	FALSE	1,772,500
84	1,812,500	80	FALSE	1,812,500
85	1,852,500	80	FALSE	1,852,500
86	1,892,500	80	FALSE	1,892,500
87	1,932,500	80	FALSE	1,932,500
88	1,972,500	85	FALSE	1,972,500
89	2,015,000	85	FALSE	2,015,000
90	2,057,500	85	FALSE	2,057,500
91	2,100,000	85	FALSE	2,100,000
92	2,142,500	85	FALSE	2,142,500
93	2,185,000	85	FALSE	2,185,000
94	2,227,500	90	FALSE	2,227,500
95	2,272,500	90	FALSE	2,272,500
96	2,317,500	90	FALSE	2,317,500
97	2,362,500	90	FALSE	2,362,500
98	2,407,500	90	FALSE	2,407,500
99	2,452,500	90	FALSE	2,452,500
100	2,497,500	95	FALSE	2,497,500
101	2,545,000	95	FALSE	2,545,000
102	2,592,500	95	FALSE	2,592,500
103	2,640,000	95	FALSE	2,640,000
104	2,687,500	95	FALSE	2,687,500
105	2,735,000	95	FALSE	2,735,000
106	2,782,500	95	FALSE	2,782,500
107	2,830,000	100	FALSE	2,830,000
108	2,880,000	100	FALSE	2,880,000
109	2,930,000	100	FALSE	2,930,000
110	2,980,000	100	FALSE	2,980,000
111	3,030,000	100	FALSE	3,030,000
112	3,080,000	100	FALSE	3,080,000
113	3,130,000	105	FALSE	3,130,000
114	3,182,500	105	FALSE	3,182,500
115	3,235,000	105	FALSE	3,235,000
116	3,287,500	105	FALSE	3,287,500
117	3,340,000	105	FALSE	3,340,000
118	3,392,500	105	FALSE	3,392,500
119	3,445,000	110	FALSE	3,445,000
120	3,500,000	110	FALSE	3,500,000
121	3,555,000	110	FALSE	3,555,000
122	3,610,000	110	FALSE	3,610,000
123	3,665,000	110	FALSE	3,665,000
124	3,720,000	110	FALSE	3,720,000
125	3,775,000	115	FALSE	3,775,000
126	3,832,500	115	FALSE	3,832,500
127	3,890,000	115	FALSE	3,890,000
128	3,947,500	115	FALSE	3,947,500
129	4,005,000	115	FALSE	4,005,000
130	4,062,500	115	FALSE	4,062,500
131	4,120,000	115	FALSE	4,120,000
132	4,177,500	120	FALSE	4,177,500
133	4,237,500	120	FALSE	4,237,500
134	4,297,500	120	FALSE	4,297,500
135	4,357,500	120	FALSE	4,357,500
136	4,417,500	120	FALSE	4,417,500
137	4,477,500	120	FALSE	4,477,500
138	4,537,500	125	FALSE	4,537,500
139	4,600,000	125	FALSE	4,600,000
140	4,662,500	125	FALSE	4,662,500
141	4,725,000	125	FALSE	4,725,000
142	4,787,500	125	FALSE	4,787,500
143	4,850,000	125	FALSE	4,850,000
144	4,912,500	125	FALSE	4,912,500
145	4,975,000	130	FALSE	4,975,000
146	5,040,000	130	FALSE	5,040,000
147	5,105,000	130	FALSE	5,105,000
148	5,170,000	130	FALSE	5,170,000
149	5,235,000	130	FALSE	5,235,000
150	5,300,000	130	FALSE	5,300,000
151	5,365,000	135	FALSE	5,365,000
152	5,432,500	135	FALSE	5,432,500
153	5,500,000	135	FALSE	5,500,000
154	5,567,500	135	FALSE	5,567,500
155	5,635,000	135	FALSE	5,635,000
156	5,702,500	135	FALSE	5,702,500
157	5,770,000	135	FALSE	5,770,000
158	5,837,500	140	FALSE	5,837,500
159	5,907,500	140	FALSE	5,907,500
160	5,977,500	140	FALSE	5,977,500
161	6,047,500	140	FALSE	6,047,500
162	6,117,500	140	FALSE	6,117,500
163	6,187,500	140	FALSE	6,187,500
164	6,257,500	145	FALSE	6,257,500
165	6,330,000	145	FALSE	6,330,000
166	6,402,500	145	FALSE	6,402,500
167	6,475,000	145	FALSE	6,475,000
168	6,547,500	145	FALSE	6,547,500
169	6,620,000	145	FALSE	6,620,000
170	6,692,500	145	FALSE	6,692,500
171	6,765,000	150	FALSE	6,765,000
172	6,840,000	150	FALSE	6,840,000
173	6,915,000	150	FALSE	6,915,000
174	6,990,000	150	FALSE	6,990,000
175	7,065,000	150	FALSE	7,065,000
176	7,140,000	150	FALSE	7,140,000
177	7,215,000	155	FALSE	7,215,000
178	7,292,500	155	FALSE	7,292,500
179	7,370,000	155	FALSE	7,370,000
180	7,447,500	155	FALSE	7,447,500
181	7,525,000	155	FALSE	7,525,000
182	7,602,500	155	FALSE	7,602,500
183	7,680,000	155	FALSE	7,680,000
184	7,757,500	160	FALSE	7,757,500
185	7,837,500	160	FALSE	7,837,500
186	7,917,500	160	FALSE	7,917,500
187	7,997,500	160	FALSE	7,997,500
188	8,077,500	160	FALSE	8,077,500
189	8,157,500	160	FALSE	8,157,500
190	8,237,500	160	FALSE	8,237,500
191	8,317,500	165	FALSE	8,317,500
192	8,400,000	165	FALSE	8,400,000
193	8,482,500	165	FALSE	8,482,500
194	8,565,000	165	FALSE	8,565,000
195	8,647,500	165	FALSE	8,647,500
196	8,730,000	165	FALSE	8,730,000
197	8,812,500	170	FALSE	8,812,500
198	8,897,500	170	FALSE	8,897,500
199	8,982,500	170	FALSE	8,982,500
200	9067500	170	FALSE	9,067,500
201	9,152,500	170	FALSE	9,152,500
202	9,237,500	170	FALSE	9,237,500
203	9,322,500	170	FALSE	9,322,500
204	9,407,500	175	FALSE	9,407,500
205	9,495,000	175	FALSE	9,495,000
206	9,582,500	175	FALSE	9,582,500
207	9,670,000	175	FALSE	9,670,000
208	9,757,500	175	FALSE	9,757,500
209	9,845,000	175	FALSE	9,845,000
210	9,932,500	175	FALSE	9,932,500
211	10,020,000	180	FALSE	10,020,000
212	10,110,000	180	FALSE	10,110,000
213	10,200,000	180	FALSE	10,200,000
214		180	FALSE	10,290,000
215		180	FALSE	10,380,000
216		180	FALSE	10,470,000
217	10,560,000	185	FALSE	10,560,000
218	10,652,500	185	FALSE	10,652,500
219	10,745,000	185	FALSE	10,745,000
220	10,837,500	185	FALSE	10,837,500
221	10,930,000	185	FALSE	10,930,000
222	11,022,500	185	FALSE	11,022,500
223	11,115,000	185	FALSE	11,115,000
224	11,207,500	190	FALSE	11,207,500
225	11,302,500	190	FALSE	11,302,500
226	11,397,500	190	FALSE	11,397,500
227	11,492,500	190	FALSE	11,492,500
228	11,587,500	190	FALSE	11,587,500
229	11,682,500	190	FALSE	11,682,500
230	11,777,500	190	FALSE	11,777,500
231	11,872,500	195	FALSE	11,872,500
232	11,970,000	195	FALSE	11,970,000
233	12,067,500	195	FALSE	12,067,500
234	12,165,000	195	FALSE	12,165,000
235	12,262,500	195	FALSE	12,262,500
236	12,360,000	195	FALSE	12,360,000
237	12,457,500	200	FALSE	12,457,500
238	12,557,500	200	FALSE	12,557,500
239	12,657,500	200	FALSE	12,657,500
240	12,757,500	200	FALSE	12,757,500
241	12,857,500	200	FALSE	12,857,500
242	12,957,500	200	FALSE	12,957,500
243	13,057,500	200	FALSE	13,057,500
244	13,157,500	205	FALSE	13,157,500
245	13,260,000	205	FALSE	13,260,000
246	13,362,500	205	FALSE	13,362,500
247	13,465,000	205	FALSE	13,465,000
248	13,567,500	205	FALSE	13,567,500
249	13,670,000	205	FALSE	13,670,000
250	13,772,500	205	FALSE	13,772,500
251	13,875,000	210	FALSE	13,875,000
252	13,980,000	210	FALSE	13,980,000
253	14,085,000	210	FALSE	14,085,000
254	14,190,000	210	FALSE	14,190,000
255	14,295,000	210	FALSE	14,295,000
256	14,400,000	210	FALSE	14,400,000
257	14,505,000	210	FALSE	14,505,000
258	14,610,000	215	FALSE	14,610,000
259	14,717,500	215	FALSE	14,717,500
260	14,825,000	215	FALSE	14,825,000
261	14,932,500	215	FALSE	14,932,500
262	15,040,000	215	FALSE	15,040,000
263	15,147,500	215	FALSE	15,147,500
264	15,255,000	215	FALSE	15,255,000
265	15,362,500	220	FALSE	15,362,500
266	15,472,500	220	FALSE	15,472,500
267	15,582,500	220	FALSE	15,582,500
268	15,692,500	220	FALSE	15,692,500
269	15,802,500	220	FALSE	15,802,500
270	15,912,500	220	FALSE	15,912,500
271	16,022,500	220	FALSE	16,022,500
272	16,132,500	225	FALSE	16,132,500
273	16,245,000	225	FALSE	16,245,000
274	16,357,500	225	FALSE	16,357,500
275	16,470,000	225	FALSE	16,470,000
276		225	FALSE	16,582,500
277		225	FALSE	16,695,000
278		230	FALSE	16,807,500
279		230	FALSE	16,922,500
280		230	FALSE	17,037,500
281		230	FALSE	17,152,500
282		230	FALSE	17,267,500
283		230	FALSE	17,382,500
284		230	FALSE	17,497,500
285		235	FALSE	17,612,500
286		235	FALSE	17,730,000
287		235	FALSE	17,847,500
288		235	FALSE	17,965,000
289		235	FALSE	18,082,500
290		235	FALSE	18,200,000
291		235	FALSE	18,317,500
292		240	FALSE	18,435,000
293		240	FALSE	18,555,000
294		240	FALSE	18,675,000
295		240	FALSE	18,795,000
296		240	FALSE	18,915,000
297		240	FALSE	19,035,000
298		240	FALSE	19,155,000
299		245	TRUE	19,275,000
300		245	TRUE	19,397,500
301		245	TRUE	19,520,000
302		245	TRUE	19,642,500
303		245	TRUE	19,765,000
304		245	TRUE	19,887,500
305		245	TRUE	20,010,000
306		250	FALSE	20,132,500
307		250	FALSE	20,257,500
308		250	FALSE	20,382,500
309		250	FALSE	20,507,500
310		250	FALSE	20,632,500
311		250	FALSE	20,757,500
312		250	FALSE	20,882,500
313		255	TRUE	21,007,500
314		255	TRUE	21,135,000
315		255	TRUE	21,262,500
316		255	TRUE	21,390,000
317		255	TRUE	21,517,500
318		255	TRUE	21,645,000
319		255	TRUE	21,772,500
320		260	FALSE	21,900,000
321		260	FALSE	22,030,000
322		260	FALSE	22,160,000
323		260	FALSE	22,290,000
324		260	FALSE	22,420,000
325		260	FALSE	22,550,000
326		260	FALSE	22,680,000
327	22,810,000	265	FALSE	22,810,000
328	22,942,500	265	FALSE	22,942,500
329	23,075,000	265	FALSE	23,075,000
330	23,207,500	265	FALSE	23,207,500
331	23,340,000	265	FALSE	23,340,000
332	23,472,500	265	FALSE	23,472,500
333	23,605,000	265	FALSE	23,605,000
334		265	TRUE	23,737,500
335		270	TRUE	23,870,000
336		270	TRUE	24,005,000
337		270	TRUE	24,140,000
338		270	TRUE	24,275,000
339		270	TRUE	24,410,000
340		270	TRUE	24,545,000
341		270	TRUE	24,680,000
342		275	TRUE	24,815,000
343		275	TRUE	24,952,500
344		275	TRUE	25,090,000
345		275	TRUE	25,227,500
346		275	TRUE	25,365,000
347		275	TRUE	25,502,500
348		280	TRUE	25,640,000
349		280	TRUE	25,780,000
350		280	TRUE	25,920,000
351		280	TRUE	26,060,000
352		280	TRUE	26,200,000
353		280	TRUE	26,340,000
354		280	TRUE	26,480,000
355		280	TRUE	26,620,000
356		285	TRUE	26,760,000
357		285	TRUE	26,902,500
358		285	TRUE	27,045,000
359		285	TRUE	27,187,500
360		285	TRUE	27,330,000
361		285	TRUE	27,472,500
362		290	TRUE	27,615,000
363		290	TRUE	27,760,000
364		290	TRUE	27,905,000
365		290	TRUE	28,050,000
366		290	TRUE	28,195,000
367		290	TRUE	28,340,000
368		290	TRUE	28,485,000
369		290	TRUE	28,630,000
370		295	TRUE	28,775,000
371		295	TRUE	28,922,500
372		295	TRUE	29,070,000
373		295	TRUE	29,217,500
374		295	TRUE	29,365,000
375		295	TRUE	29,512,500
376		300	TRUE	29,660,000
377		300	TRUE	29,810,000
378		300	TRUE	29,960,000
379		300	TRUE	30,110,000
380		300	TRUE	30,260,000
381		300	TRUE	30,410,000
382		300	TRUE	30,560,000
383		300	TRUE	30,710,000
384		305	TRUE	30,860,000
385		305	TRUE	31,012,500
386		305	TRUE	31,165,000
387		305	TRUE	31,317,500
388		305	TRUE	31,470,000
389		305	TRUE	31,622,500
390		310	TRUE	31,775,000
391		310	TRUE	31,930,000
392		310	TRUE	32,085,000
393		310	TRUE	32,240,000
394		310	TRUE	32,395,000
395		310	TRUE	32,550,000
396		310	TRUE	32,705,000
397		315	TRUE	32,860,000
398		315	TRUE	33,017,500
399		315	TRUE	33,175,000
400		315	TRUE	33,332,500
401		315	TRUE	33,490,000
402		315	TRUE	33,647,500
403		315	TRUE	33,805,000
404		315	TRUE	33,962,500
405		320	FALSE	34,120,000
406		320	FALSE	34,280,000
407		320	FALSE	34,440,000
408		320	FALSE	34,600,000
409		320	FALSE	34,760,000
410		320	FALSE	34,920,000
411		325	FALSE	35,080,000
412		325	FALSE	35,242,500
413		325	FALSE	35,405,000
414		325	FALSE	35,567,500
415		325	FALSE	35,730,000
416		325	FALSE	35,892,500
417		325	FALSE	36,055,000
418		330	FALSE	36,217,500
419		330	FALSE	36,382,500
420		330	FALSE	36,547,500
421		330	FALSE	36,712,500
422		330	FALSE	36,877,500
423		330	FALSE	37,042,500
424		330	FALSE	37,207,500
425		330	FALSE	37,372,500
426		335	FALSE	37,537,500
427		335	FALSE	37,705,000
428		335	FALSE	37,872,500
429		335	FALSE	38,040,000
430		335	FALSE	38,207,500
431		335	FALSE	38,375,000
432		335	FALSE	38,542,500
433		335	FALSE	38,710,000
434		340	FALSE	38,877,500
435		340	FALSE	39,047,500
436		340	FALSE	39,217,500
437		340	FALSE	39,387,500
438		340	FALSE	39,557,500
439		340	FALSE	39,727,500
440		340	FALSE	39,897,500
441		345	FALSE	40,067,500
442		345	FALSE	40,240,000
443		345	FALSE	40,412,500
444		345	FALSE	40,585,000
445		345	FALSE	40,757,500
446		345	FALSE	40,930,000
447		345	FALSE	41,102,500
448		350	FALSE	41,275,000
449		350	FALSE	41,450,000
450		350	FALSE	41,625,000
451		350	FALSE	41,800,000
452		350	FALSE	41,975,000
453		350	FALSE	42,150,000
454		350	FALSE	42,325,000
455		355	FALSE	42,500,000
456		355	FALSE	42,677,500
457		355	FALSE	42,855,000
458		355	FALSE	43,032,500
459		355	FALSE	43,210,000
460		355	FALSE	43,387,500
461		355	FALSE	43,565,000
462		355	FALSE	43,742,500
463		360	FALSE	43,920,000
464		360	FALSE	44,100,000
465		360	FALSE	44,280,000
466		360	FALSE	44,460,000
467		360	FALSE	44,640,000
468		360	FALSE	44,820,000
469		360	FALSE	45,000,000
470		365	FALSE	45,180,000
471		365	FALSE	45,362,500
472		365	FALSE	45,545,000
473		365	FALSE	45,727,500
474		365	FALSE	45,910,000
475		365	FALSE	46,092,500
476		365	FALSE	46,275,000
477		370	FALSE	46,457,500
478		370	FALSE	46,642,500
479		370	FALSE	46,827,500
480		370	FALSE	47,012,500
481		370	FALSE	47,197,500
482		370	FALSE	47,382,500
483		370	FALSE	47,567,500
484		375	FALSE	47,752,500
485		375	FALSE	47,940,000
486		375	FALSE	48,127,500
487		375	FALSE	48,315,000
488		375	FALSE	48,502,500
489		375	FALSE	48,690,000
490		375	FALSE	48,877,500
491		375	FALSE	49,065,000
492		380	FALSE	49,252,500
493		380	FALSE	49,442,500
494		380	FALSE	49,632,500
495		380	FALSE	49,822,500
496		380	FALSE	50,012,500
497		380	FALSE	50,202,500
498		380	FALSE	50,392,500
499		385	FALSE	50,582,500
500		385	FALSE	50,775,000
501		385	FALSE	50,967,500
502		385	FALSE	51,160,000
503		385	FALSE	51,352,500
504		385	FALSE	51,545,000
505		385	FALSE	51,737,500
506		390	FALSE	51,930,000
507		390	FALSE	52,125,000
508		390	FALSE	52,320,000
509		390	FALSE	52,515,000
510		390	FALSE	52,710,000
511		390	FALSE	52,905,000
512		390	FALSE	53,100,000
513		390	FALSE	53,295,000
514		395	FALSE	53,490,000
515		395	FALSE	53,687,500
516		395	FALSE	53,885,000
517		395	FALSE	54,082,500
518		395	FALSE	54,280,000
519		395	FALSE	54,477,500
520		395	FALSE	54,675,000
521		400	FALSE	54,872,500
522		400	FALSE	55,072,500
523		400	FALSE	55,272,500
524		400	FALSE	55,472,500
525		400	FALSE	55,672,500
526		400	FALSE	55,872,500
527		400	FALSE	56,072,500
528		405	FALSE	56,272,500
529		405	FALSE	56,475,000
530		405	FALSE	56,677,500
531		405	FALSE	56,880,000
532		405	FALSE	57,082,500
533		405	FALSE	57,285,000
534		405	FALSE	57,487,500
535		405	FALSE	57,690,000
536		410	FALSE	57,892,500
537		410	FALSE	58,097,500
538		410	FALSE	58,302,500
539		410	FALSE	58,507,500
540		410	FALSE	58,712,500
541		410	FALSE	58,917,500
542		410	FALSE	59,122,500
543		415	FALSE	59,327,500
544		415	FALSE	59,535,000
545		415	FALSE	59,742,500
546		415	FALSE	59,950,000
547		415	FALSE	60,157,500
548		415	FALSE	60,365,000
549		415	FALSE	60,572,500
550		420	FALSE	60,780,000
551		420	FALSE	60,990,000
552		420	FALSE	61,200,000
553		420	FALSE	61,410,000
554		420	FALSE	61,620,000
555		420	FALSE	61,830,000
556		420	FALSE	62,040,000
557		420	FALSE	62,250,000
558		425	FALSE	62,460,000
559		425	FALSE	62,672,500
560		425	FALSE	62,885,000
561		425	FALSE	63,097,500
562		425	FALSE	63,310,000
563		425	FALSE	63,522,500
564		425	FALSE	63,735,000
565		430	FALSE	63,947,500
566		430	FALSE	64,162,500
567		430	FALSE	64,377,500
568		430	FALSE	64,592,500
569		430	FALSE	64,807,500
570		430	FALSE	65,022,500
571		430	FALSE	65,237,500
572		435	FALSE	65,452,500
573		435	FALSE	65,670,000
574		435	FALSE	65,887,500
575		435	FALSE	66,105,000
576		435	FALSE	66,322,500
577		435	FALSE	66,540,000
578		435	FALSE	66,757,500
579		435	FALSE	66,975,000
580		440	FALSE	67,192,500
581		440	FALSE	67,412,500
582		440	FALSE	67,632,500
583		440	FALSE	67,852,500
584		440	FALSE	68,072,500
585		440	FALSE	68,292,500
586		440	FALSE	68,512,500
587		445	FALSE	68,732,500
588		445	FALSE	68,955,000
589		445	FALSE	69,177,500
590		445	FALSE	69,400,000
591		445	FALSE	69,622,500
592		445	FALSE	69,845,000
593		445	FALSE	70,067,500
594		445	FALSE	70,290,000
595		450	FALSE	70,512,500
596		450	FALSE	70,737,500
597		450	FALSE	70,962,500
598		450	FALSE	71,187,500
599		450	FALSE	71,412,500
600		450	FALSE	71,637,500
601		450	FALSE	71,862,500
602		455	FALSE	72,087,500
603		455	FALSE	72,315,000
604		455	FALSE	72,542,500
605		455	FALSE	72,770,000
606		455	FALSE	72,997,500
607		455	FALSE	73,225,000
608		455	FALSE	73,452,500
609		455	FALSE	73,680,000
610		460	FALSE	73,907,500
611		460	FALSE	74,137,500
612		460	FALSE	74,367,500
613		460	FALSE	74,597,500
614		460	FALSE	74,827,500
615		460	FALSE	75,057,500
616		460	FALSE	75,287,500
617	75,517,500	465	FALSE	75,517,500
618	75,750,000	465	FALSE	75,750,000
619	75,982,500	465	FALSE	75,982,500
620	76,215,000	465	FALSE	76,215,000
621	76,447,500	465	FALSE	76,447,500
622	76,680,000	465	FALSE	76,680,000
623	76,912,500	465	FALSE	76,912,500
624	77,145,000	465	FALSE	77,145,000
625	77,377,500	470	FALSE	77,377,500
626	77,612,500	470	FALSE	77,612,500
627	77,847,500	470	FALSE	77,847,500
628	78,082,500	470	FALSE	78,082,500
629	78,317,500	470	FALSE	78,317,500
630	78,552,500	470	FALSE	78,552,500
631	78,787,500	470	FALSE	78,787,500
632	79,022,500	475	FALSE	79,022,500
633	79,260,000	475	FALSE	79,260,000
634	79,497,500	475	FALSE	79,497,500
635	79,735,000	475	FALSE	79,735,000
636	79,972,500	475	FALSE	79,972,500
637	80,210,000	475	FALSE	80,210,000
638	80,447,500	475	FALSE	80,447,500
639	80,685,000	480	FALSE	80,685,000
640	80,925,000	480	FALSE	80,925,000
641	81,165,000	480	FALSE	81,165,000
642	81,405,000	480	FALSE	81,405,000
643	81,645,000	480	FALSE	81,645,000
644	81,885,000	480	FALSE	81,885,000
645	82,125,000	480	FALSE	82,125,000
646	82,365,000	480	FALSE	82,365,000
647	82,605,000	485	FALSE	82,605,000
648	82,847,500	485	FALSE	82,847,500
649		485	FALSE	83,090,000
650		485	FALSE	83,332,500
651		485	FALSE	83,575,000
652		485	FALSE	83,817,500
653		485	FALSE	84,060,000
654		490	FALSE	84,302,500
655		490	FALSE	84,547,500
656		490	FALSE	84,792,500
657		490	FALSE	85,037,500
658		490	FALSE	85,282,500
659		490	FALSE	85,527,500
660		490	FALSE	85,772,500
661		490	FALSE	86,017,500
662		495	FALSE	86,262,500
663		495	FALSE	86,510,000
664		495	FALSE	86,757,500
665		495	FALSE	87,005,000
666		495	FALSE	87,252,500
667		495	FALSE	87,500,000
668		495	FALSE	87,747,500
669		500	FALSE	87,995,000
670		500	FALSE	88,245,000
671		500	FALSE	88,495,000
672		500	FALSE	88,745,000
673		500	FALSE	88,995,000
674		500	FALSE	89,245,000
675		500	FALSE	89,495,000
676		500	FALSE	89,745,000
677		505	FALSE	89,995,000
678		505	FALSE	90,247,500
679		505	FALSE	90,500,000
680		505	FALSE	90,752,500
681		505	FALSE	91,005,000
682		505	FALSE	91,257,500
683		505	FALSE	91,510,000
684	91,762,500	505	FALSE	91,762,500
685	92,015,000	510	FALSE	92,015,000
686	92,270,000	510	FALSE	92,270,000
687	92,525,000	510	FALSE	92,525,000
688	92,780,000	510	FALSE	92,780,000
689	93,035,000	510	FALSE	93,035,000
690	93,290,000	510	FALSE	93,290,000
691	93,545,000	510	FALSE	93,545,000
692	93,800,000	515	FALSE	93,800,000
693	94,057,500	515	FALSE	94,057,500
694	94,315,000	515	FALSE	94,315,000
695	94,572,500	515	FALSE	94,572,500
696	94,830,000	515	FALSE	94,830,000
697	95,087,500	515	FALSE	95,087,500
698	95,345,000	515	FALSE	95,345,000
699	95,602,500	515	FALSE	95,602,500
700	95,860,000	520	FALSE	95,860,000
701	96,120,000	520	FALSE	96,120,000
702	96,380,000	520	FALSE	96,380,000
703		520	FALSE	96,640,000
704		520	FALSE	96,900,000
705		520	FALSE	97,160,000
706		520	FALSE	97,420,000
707		525	FALSE	97,680,000
708		525	FALSE	97,942,500
709		525	FALSE	98,205,000
710		525	FALSE	98,467,500
711		525	FALSE	98,730,000
712		525	FALSE	98,992,500
713		525	FALSE	99,255,000
714		525	FALSE	99,517,500
715		530	FALSE	99,780,000
716		530	FALSE	100,045,000
717		530	FALSE	100,310,000
718		530	FALSE	100,575,000
719		530	FALSE	100,840,000
720		530	FALSE	101,105,000
721		530	FALSE	101,370,000
722		535	FALSE	101,635,000
723		535	FALSE	101,902,500
724		535	FALSE	102,170,000
725		535	FALSE	102,437,500
726		535	FALSE	102,705,000
727		535	FALSE	102,972,500
728		535	FALSE	103,240,000
729		535	FALSE	103,507,500
730		540	FALSE	103,775,000
731		540	FALSE	104,045,000
732		540	FALSE	104,315,000
733		540	FALSE	104,585,000
734		540	FALSE	104,855,000
735		540	FALSE	105,125,000
736		540	FALSE	105,395,000
737		545	FALSE	105,665,000
738		545	FALSE	105,937,500
739		545	FALSE	106,210,000
740		545	FALSE	106,482,500
741		545	FALSE	106,755,000
742		545	FALSE	107,027,500
743		545	FALSE	107,300,000
744		545	FALSE	107,572,500
745		550	FALSE	107,845,000
746		550	FALSE	108,120,000
747		550	FALSE	108,395,000
748		550	FALSE	108,670,000
749		550	FALSE	108,945,000
750		550	FALSE	109,220,000
751		550	FALSE	109,495,000
752		550	FALSE	109,770,000
753		555	FALSE	110,045,000
754		555	FALSE	110,322,500
755		555	FALSE	110,600,000
756		555	FALSE	110,877,500
757		555	FALSE	111,155,000
758		555	FALSE	111,432,500
759		555	FALSE	111,710,000
760		560	FALSE	111,987,500
761		560	FALSE	112,267,500
762		560	FALSE	112,547,500
763		560	FALSE	112,827,500
764		560	FALSE	113,107,500
765		560	FALSE	113,387,500
766		560	FALSE	113,667,500
767		560	FALSE	113,947,500
768		565	FALSE	114,227,500
769		565	FALSE	114,510,000
770		565	FALSE	114,792,500
771		565	FALSE	115,075,000
772		565	FALSE	115,357,500
773		565	FALSE	115,640,000
774		565	FALSE	115,922,500
775		565	FALSE	116,205,000
776		570	FALSE	116,487,500
777		570	FALSE	116,772,500
778		570	FALSE	117,057,500
779		570	FALSE	117,342,500
780		570	FALSE	117,627,500
781		570	FALSE	117,912,500
782		570	FALSE	118,197,500
783		575	FALSE	118,482,500
784		575	FALSE	118,770,000
785		575	FALSE	119,057,500
786		575	FALSE	119,345,000
787		575	FALSE	119,632,500
788		575	FALSE	119,920,000
789		575	FALSE	120,207,500
790		575	FALSE	120,495,000
791		580	FALSE	120,782,500
792		580	FALSE	121,072,500
793		580	FALSE	121,362,500
794		580	FALSE	121,652,500
795		580	FALSE	121,942,500
796		580	FALSE	122,232,500
797		580	FALSE	122,522,500
798		585	TRUE	122,812,500
799		585	TRUE	123,105,000
800		585	TRUE	123,397,500
801		585	TRUE	123,690,000
802		585	TRUE	123,982,500
803		585	TRUE	124,275,000
804		585	TRUE	124,567,500
805		585	TRUE	124,860,000
806		590	FALSE	125,152,500
807		590	FALSE	125,447,500
808		590	FALSE	125,742,500
809		590	FALSE	126,037,500
810		590	FALSE	126,332,500
811		590	FALSE	126,627,500
812		590	FALSE	126,922,500
813		590	FALSE	127,217,500
814		595	FALSE	127,512,500
815		595	FALSE	127,810,000
816		595	FALSE	128,107,500
817		595	FALSE	128,405,000
818		595	FALSE	128,702,500
819		595	FALSE	129,000,000
820		595	FALSE	129,297,500
821		600	FALSE	129,595,000
822		600	FALSE	129,895,000
823		600	FALSE	130,195,000
824		600	FALSE	130,495,000
825		600	FALSE	130,795,000
826		600	FALSE	131,095,000
827		600	FALSE	131,395,000
828		600	FALSE	131,695,000
829		605	FALSE	131,995,000
830		605	FALSE	132,297,500
831		605	FALSE	132,600,000
832		605	FALSE	132,902,500
833		605	FALSE	133,205,000
834		605	FALSE	133,507,500
835		605	FALSE	133,810,000
836		605	FALSE	134,112,500
837		610	FALSE	134,415,000
838		610	FALSE	134,720,000
839		610	FALSE	135,025,000
840		610	FALSE	135,330,000
841		610	FALSE	135,635,000
842		610	FALSE	135,940,000
843		610	FALSE	136,245,000
844		610	FALSE	136,550,000
845		615	FALSE	136,855,000
846		615	FALSE	137,162,500
847		615	FALSE	137,470,000
848		615	FALSE	137,777,500
849	138,085,000	615	FALSE	138,085,000
850	138,392,500	615	FALSE	138,392,500
851	138,700,000	615	FALSE	138,700,000
852	139,007,500	620	FALSE	139,007,500
853	139,317,500	620	FALSE	139,317,500
854	139,627,500	620	FALSE	139,627,500
855	139,937,500	620	FALSE	139,937,500
856	140,247,500	620	FALSE	140,247,500
857	140,557,500	620	FALSE	140,557,500
858	140,867,500	620	FALSE	140,867,500
859	141,177,500	620	FALSE	141,177,500
860	141,487,500	625	FALSE	141,487,500
861	141,800,000	625	FALSE	141,800,000
862	142,112,500	625	FALSE	142,112,500
863	142,425,000	625	FALSE	142,425,000
864	142,737,500	625	FALSE	142,737,500
865	143,050,000	625	FALSE	143,050,000
866	143,362,500	625	FALSE	143,362,500
867	143,675,000	625	FALSE	143,675,000
868	143,987,500	630	FALSE	143,987,500
869	144,302,500	630	FALSE	144,302,500
870	144,617,500	630	FALSE	144,617,500
871	144,932,500	630	FALSE	144,932,500
872	145,247,500	630	FALSE	145,247,500
873	145,562,500	630	FALSE	145,562,500
874	145,877,500	630	FALSE	145,877,500
875	146,192,500	635	FALSE	146,192,500
876	146,510,000	635	FALSE	146,510,000
877	146,827,500	635	TRUE	146,827,500
878		635	TRUE	147,145,000
879		635	TRUE	147,462,500
880		635	TRUE	147,780,000
881		635	TRUE	148,097,500
882		635	TRUE	148,415,000
883		640	TRUE	148,732,500
884		640	TRUE	149,052,500
885		640	TRUE	149,372,500
886		640	TRUE	149,692,500
887		640	TRUE	150,012,500
888		640	TRUE	150,332,500
889		640	TRUE	150,652,500
890		640	TRUE	150,972,500
891		645	TRUE	151,292,500
892		645	TRUE	151,615,000
893		645	TRUE	151,937,500
894		645	TRUE	152,260,000
895		645	TRUE	152,582,500
896		645	TRUE	152,905,000
897		645	TRUE	153,227,500
898		650	TRUE	153,550,000
899		650	TRUE	153,875,000
900		650	TRUE	154,200,000
901		650	TRUE	154,525,000
902		650	TRUE	154,850,000
903		650	TRUE	155,175,000
904		650	TRUE	155,500,000
905		650	TRUE	155,825,000
906		655	TRUE	156,150,000
907		655	TRUE	156,477,500
908		655	TRUE	156,805,000
909		655	TRUE	157,132,500
910		655	TRUE	157,460,000
911		655	TRUE	157,787,500
912		655	TRUE	158,115,000
913		655	TRUE	158,442,500
914		660	TRUE	158,770,000
915		660	TRUE	159,100,000
916		660	TRUE	159,430,000
917		660	TRUE	159,760,000
918		660	TRUE	160,090,000
919		660	TRUE	160,420,000
920		660	TRUE	160,750,000
921		665	TRUE	161,080,000
922		665	TRUE	161,412,500
923		665	TRUE	161,745,000
924		665	TRUE	162,077,500
925		665	TRUE	162,410,000
926		665	TRUE	162,742,500
927		665	TRUE	163,075,000
928		665	TRUE	163,407,500
929		670	TRUE	163,740,000
930		670	TRUE	164,075,000
931		670	TRUE	164,410,000
932		670	TRUE	164,745,000
933		670	TRUE	165,080,000
934		670	TRUE	165,415,000
935		670	TRUE	165,750,000
936		670	TRUE	166,085,000
937		675	TRUE	166,420,000
938		675	TRUE	166,757,500
939		675	TRUE	167,095,000
940		675	TRUE	167,432,500
941		675	TRUE	167,770,000
942		675	TRUE	168,107,500
943		675	TRUE	168,445,000
944		675	TRUE	168,782,500
945		680	TRUE	169,120,000
946		680	TRUE	169,460,000
947		680	TRUE	169,800,000
948		680	TRUE	170,140,000
949		680	TRUE	170,480,000
950		680	TRUE	170,820,000
951		680	TRUE	171,160,000
952		680	TRUE	171,500,000
953		685	TRUE	171,840,000
954		685	TRUE	172,182,500
955		685	TRUE	172,525,000
956		685	TRUE	172,867,500
957		685	TRUE	173,210,000
958		685	TRUE	173,552,500
959		685	TRUE	173,895,000
960		685	TRUE	174,237,500
961		690	TRUE	174,580,000
962		690	TRUE	174,925,000
963		690	TRUE	175,270,000
964		690	TRUE	175,615,000
965		690	TRUE	175,960,000
966		690	TRUE	176,305,000
967		690	TRUE	176,650,000
968		690	TRUE	176,995,000
969		695	TRUE	177,340,000
970		695	TRUE	177,687,500
971		695	TRUE	178,035,000
972		695	TRUE	178,382,500
973		695	TRUE	178,730,000
974		695	TRUE	179,077,500
975		695	TRUE	179,425,000
976		695	TRUE	179,772,500
977		700	TRUE	180,120,000
978		700	TRUE	180,470,000
979		700	TRUE	180,820,000
980		700	TRUE	181,170,000
981		700	TRUE	181,520,000
982		700	TRUE	181,870,000
983		700	TRUE	182,220,000
984		700	TRUE	182,570,000
985		705	TRUE	182,920,000
986		705	TRUE	183,272,500
987		705	TRUE	183,625,000
988		705	TRUE	183,977,500
989		705	TRUE	184,330,000
990		705	TRUE	184,682,500
991		705	TRUE	185,035,000
992		705	TRUE	185,387,500
993		710	TRUE	185,740,000
994		710	TRUE	186,095,000
995		710	TRUE	186,450,000
996		710	TRUE	186,805,000
997		710	TRUE	187,160,000
998		710	TRUE	187,515,000
999		710	TRUE	187,870,000
1000		715	TRUE	188,225,000
1001		715	TRUE	188,582,500
1002		715	TRUE	188,940,000
1003		715	TRUE	189,297,500
1004		715	TRUE	189,655,000
1005		715	TRUE	190,012,500
1006		715	TRUE	190,370,000
1007		715	TRUE	190,727,500
1008		720	TRUE	191,085,000
1009		720	TRUE	191,445,000
1010		720	TRUE	191,805,000
1011		720	TRUE	192,165,000
1012		720	TRUE	192,525,000
1013		720	TRUE	192,885,000
1014		720	TRUE	193,245,000
1015		725	TRUE	193,605,000
1016		725	TRUE	193,967,500
1017		725	TRUE	194,330,000
1018		725	TRUE	194,692,500
1019		725	TRUE	195,055,000
1020		725	TRUE	195,417,500
1021		725	TRUE	195,780,000
1022		725	TRUE	196,142,500
1023		730	TRUE	196,505,000
1024		730	TRUE	196,870,000
1025		730	TRUE	197,235,000
1026		730	TRUE	197,600,000
1027		730	TRUE	197,965,000
1028		730	TRUE	198,330,000
1029		730	TRUE	198,695,000
1030		730	TRUE	199,060,000
1031		735	TRUE	199,425,000
1032		735	TRUE	199,792,500
1033		735	TRUE	200,160,000
1034		735	TRUE	200,527,500
1035		735	TRUE	200,895,000
1036		735	TRUE	201,262,500
1037		735	TRUE	201,630,000
1038		735	TRUE	201,997,500
1039		740	TRUE	202,365,000
1040		740	TRUE	202,735,000
1041		740	TRUE	203,105,000
1042		740	TRUE	203,475,000
1043		740	TRUE	203,845,000
1044		740	TRUE	204,215,000
1045		740	TRUE	204,585,000
1046		740	TRUE	204,955,000
1047		745	TRUE	205,325,000
1048		745	TRUE	205,697,500
1049		745	TRUE	206,070,000
1050		745	TRUE	206,442,500
1051		745	TRUE	206,815,000
1052		745	TRUE	207,187,500
1053		745	TRUE	207,560,000
1054		745	TRUE	207,932,500
1055		750	TRUE	208,305,000
1056		750	TRUE	208,680,000
1057		750	TRUE	209,055,000
1058		750	TRUE	209,430,000
1059		750	TRUE	209,805,000
1060		750	TRUE	210,180,000
1061		750	TRUE	210,555,000
1062		750	TRUE	210,930,000
1063		755	TRUE	211,305,000
1064		755	TRUE	211,682,500
1065		755	TRUE	212,060,000
1066		755	TRUE	212,437,500
1067		755	TRUE	212,815,000
1068		755	TRUE	213,192,500
1069		755	TRUE	213,570,000
1070		760	TRUE	213,947,500
1071		760	TRUE	214,327,500
1072		760	TRUE	214,707,500
1073		760	TRUE	215,087,500
1074		760	TRUE	215,467,500
1075		760	TRUE	215,847,500
1076		760	TRUE	216,227,500
1077		760	TRUE	216,607,500
1078		765	TRUE	216,987,500
1079		765	TRUE	217,370,000
1080		765	TRUE	217,752,500
1081		765	TRUE	218,135,000
1082		765	TRUE	218,517,500
1083		765	TRUE	218,900,000
1084		765	TRUE	219,282,500
1085		765	TRUE	219,665,000
1086		770	TRUE	220,047,500
1087		770	TRUE	220,432,500
1088		770	TRUE	220,817,500
1089		770	TRUE	221,202,500
1090		770	TRUE	221,587,500
1091		770	TRUE	221,972,500
1092		770	TRUE	222,357,500
1093		770	TRUE	222,742,500
1094		775	TRUE	223,127,500
1095		775	TRUE	223,515,000
1096		775	TRUE	223,902,500
1097		775	TRUE	224,290,000
1098		775	TRUE	224,677,500
1099		775	TRUE	225,065,000
1100		775	TRUE	225,452,500
1101		775	TRUE	225,840,000
1102		780	TRUE	226,227,500
1103		780	TRUE	226,617,500
1104		780	TRUE	227,007,500
1105		780	TRUE	227,397,500
1106		780	TRUE	227,787,500
1107		780	TRUE	228,177,500
1108		780	TRUE	228,567,500
1109		780	TRUE	228,957,500
1110		785	FALSE	229,347,500
1111		785	FALSE	229,740,000
1112		785	FALSE	230,132,500
1113		785	FALSE	230,525,000
1114		785	FALSE	230,917,500
1115		785	FALSE	231,310,000
1116		785	FALSE	231,702,500
1117		785	FALSE	232,095,000
1118		790	FALSE	232,487,500
1119		790	FALSE	232,882,500
1120		790	FALSE	233,277,500
1121		790	FALSE	233,672,500
1122		790	FALSE	234,067,500
1123		790	FALSE	234,462,500
1124		790	FALSE	234,857,500
1125		790	FALSE	235,252,500
1126		795	FALSE	235,647,500
1127		795	FALSE	236,045,000
1128		795	FALSE	236,442,500
1129		795	FALSE	236,840,000
1130		795	FALSE	237,237,500
1131		795	FALSE	237,635,000
1132		795	FALSE	238,032,500
1133		795	FALSE	238,430,000
1134		800	FALSE	238,827,500
1135		800	FALSE	239,227,500
1136		800	FALSE	239,627,500
1137		800	FALSE	240,027,500
1138		800	FALSE	240,427,500
1139		800	FALSE	240,827,500
1140		800	FALSE	241,227,500
1141		800	FALSE	241,627,500
1142		805	FALSE	242,027,500
1143		805	FALSE	242,430,000
1144		805	FALSE	242,832,500
1145		805	FALSE	243,235,000
1146		805	FALSE	243,637,500
1147		805	FALSE	244,040,000
1148		805	FALSE	244,442,500
1149		805	FALSE	244,845,000
1150		810	FALSE	245,247,500
1151		810	FALSE	245,652,500
1152		810	FALSE	246,057,500
1153		810	FALSE	246,462,500
1154		810	FALSE	246,867,500
1155		810	FALSE	247,272,500
1156		810	FALSE	247,677,500
1157		815	FALSE	248,082,500
1158		815	FALSE	248,490,000
1159		815	FALSE	248,897,500
1160		815	FALSE	249,305,000
1161		815	FALSE	249,712,500
1162		815	FALSE	250,120,000
1163		815	FALSE	250,527,500
1164		815	FALSE	250,935,000
1165		820	FALSE	251,342,500
1166		820	FALSE	251,752,500
1167		820	FALSE	252,162,500
1168		820	FALSE	252,572,500
1169		820	FALSE	252,982,500
1170		820	FALSE	253,392,500
1171		820	FALSE	253,802,500
1172		820	FALSE	254,212,500
1173		825	FALSE	254,622,500
1174		825	FALSE	255,035,000
1175		825	FALSE	255,447,500
1176		825	FALSE	255,860,000
1177		825	FALSE	256,272,500
1178		825	FALSE	256,685,000
1179		825	FALSE	257,097,500
1180		825	FALSE	257,510,000
1181		830	FALSE	257,922,500
1182		830	FALSE	258,337,500
1183		830	FALSE	258,752,500
1184		830	FALSE	259,167,500
1185		830	FALSE	259,582,500
1186		830	FALSE	259,997,500
1187		830	FALSE	260,412,500
1188		830	FALSE	260,827,500
1189		835	FALSE	261,242,500
1190		835	FALSE	261,660,000
1191		835	FALSE	262,077,500
1192		835	FALSE	262,495,000
1193		835	FALSE	262,912,500
1194		835	FALSE	263,330,000
1195		835	FALSE	263,747,500
1196		835	FALSE	264,165,000
1197		840	FALSE	264,582,500
1198		840	FALSE	265,002,500
1199		840	FALSE	265,422,500
1200		840	FALSE	265,842,500
1201		840	FALSE	266,262,500
1202		840	FALSE	266,682,500
1203		840	FALSE	267,102,500
1204		840	FALSE	267,522,500
1205		845	FALSE	267,942,500
1206		845	FALSE	268,365,000
1207		845	FALSE	268,787,500
1208		845	FALSE	269,210,000
1209		845	FALSE	269,632,500
1210		845	FALSE	270,055,000
1211		845	FALSE	270,477,500
1212		845	FALSE	270,900,000
1213		850	FALSE	271,322,500
1214		850	FALSE	271,747,500
1215		850	FALSE	272,172,500
1216		850	FALSE	272,597,500
1217		850	FALSE	273,022,500
1218		850	FALSE	273,447,500
1219		850	FALSE	273,872,500
1220		850	FALSE	274,297,500
1221		855	TRUE	274,722,500
1222		855	TRUE	275,150,000
1223		855	TRUE	275,577,500
1224		855	TRUE	276,005,000
1225		855	TRUE	276,432,500
1226		855	TRUE	276,860,000
1227		855	TRUE	277,287,500
1228		855	TRUE	277,715,000
1229		860	FALSE	278,142,500
1230		860	FALSE	278,572,500
1231		860	FALSE	279,002,500
1232		860	FALSE	279,432,500
1233		860	FALSE	279,862,500
1234		860	FALSE	280,292,500
1235		860	FALSE	280,722,500
1236		860	FALSE	281,152,500
1237		865	FALSE	281,582,500
1238		865	FALSE	282,015,000
1239		865	FALSE	282,447,500
1240		865	FALSE	282,880,000
1241		865	FALSE	283,312,500
1242		865	FALSE	283,745,000
1243		865	FALSE	284,177,500
1244		865	FALSE	284,610,000
1245		870	FALSE	285,042,500
1246		870	FALSE	285,477,500
1247	285,912,500	870	FALSE	285,912,500
1248	286,347,500	870	FALSE	286,347,500
1249	286,782,500	870	FALSE	286,782,500
1250	287,217,500	870	FALSE	287,217,500
1251	287,652,500	870	FALSE	287,652,500
1252	288,087,500	870	FALSE	288,087,500
1253	288,522,500	875	FALSE	288,522,500
1254	288,960,000	875	FALSE	288,960,000
1255	289,397,500	875	FALSE	289,397,500
1256	289,835,000	875	FALSE	289,835,000
1257	290,272,500	875	FALSE	290,272,500
1258	290,710,000	875	FALSE	290,710,000
1259	291,147,500	875	FALSE	291,147,500
1260	291,585,000	875	FALSE	291,585,000
1261	292,022,500	880	FALSE	292,022,500
1262	292,462,500	880	FALSE	292,462,500
1263	292,902,500	880	FALSE	292,902,500
1264	293,342,500	880	FALSE	293,342,500
1265	293,782,500	880	FALSE	293,782,500
1266	294,222,500	880	FALSE	294,222,500
1267	294,662,500	880	FALSE	294,662,500
1268	295,102,500	880	FALSE	295,102,500
1269	295,542,500	885	FALSE	295,542,500
1270	295,985,000	885	FALSE	295,985,000
1271	296,427,500	885	FALSE	296,427,500
1272	296,870,000	885	FALSE	296,870,000
1273	297,312,500	885	FALSE	297,312,500
1274	297,755,000	885	FALSE	297,755,000
1275	298,197,500	885	FALSE	298,197,500
1276	298,640,000	885	FALSE	298,640,000
1277	299,082,500	890	FALSE	299,082,500
1278	299,527,500	890	FALSE	299,527,500
1279	299,972,500	890	FALSE	299,972,500
1280	300,417,500	890	FALSE	300,417,500
1281		890	FALSE	300,862,500
1282		890	FALSE	301,307,500
1283		890	FALSE	301,752,500
1284		890	FALSE	302,197,500
1285		895	FALSE	302,642,500
1286		895	FALSE	303,090,000
1287		895	FALSE	303,537,500
1288		895	FALSE	303,985,000
1289		895	FALSE	304,432,500
1290	304,880,000	895	FALSE	304,880,000
1291	305,327,500	895	FALSE	305,327,500
1292	305,775,000	895	FALSE	305,775,000
1293	306,222,500	900	FALSE	306,222,500
1294	306,672,500	900	FALSE	306,672,500
1295	307,122,500	900	FALSE	307,122,500
1296	307,572,500	900	FALSE	307,572,500
1297	308,022,500	900	FALSE	308,022,500
1298	308,472,500	900	FALSE	308,472,500
1299	308,922,500	900	FALSE	308,922,500
1300	309,372,500	900	FALSE	309,372,500
1301	309,822,500	905	FALSE	309,822,500
1302	310,275,000	905	FALSE	310,275,000
1303	310,727,500	905	FALSE	310,727,500
1304	311,180,000	905	FALSE	311,180,000
1305	311,632,500	905	FALSE	311,632,500
1306	312,085,000	905	FALSE	312,085,000
1307	312,537,500	905	FALSE	312,537,500
1308	312,990,000	905	FALSE	312,990,000
1309	313,442,500	910	FALSE	313,442,500
1310	313,897,500	910	FALSE	313,897,500
1311	314,352,500	910	FALSE	314,352,500
1312	314,807,500	910	FALSE	314,807,500
1313	315,262,500	910	FALSE	315,262,500
1314	315,717,500	910	FALSE	315,717,500
1315	316,172,500	910	FALSE	316,172,500
1316	316,627,500	910	FALSE	316,627,500
1317	317,082,500	915	FALSE	317,082,500
1318	317,540,000	915	FALSE	317,540,000
1319	317,997,500	915	FALSE	317,997,500
1320		915	FALSE	318,455,000
1321		915	FALSE	318,912,500
1322		915	FALSE	319,370,000
1323		915	FALSE	319,827,500
1324		915	FALSE	320,285,000
1325		920	FALSE	320,742,500
1326		920	FALSE	321,202,500
1327		920	FALSE	321,662,500
1328		920	FALSE	322,122,500
1329		920	FALSE	322,582,500
1330		920	FALSE	323,042,500
1331		920	FALSE	323,502,500
1332		920	FALSE	323,962,500
1333		925	FALSE	324,422,500
1334		925	FALSE	324,885,000
1335		925	FALSE	325,347,500
1336		925	FALSE	325,810,000
1337		925	FALSE	326,272,500
1338		925	FALSE	326,735,000
1339		925	FALSE	327,197,500
1340		925	FALSE	327,660,000
1341		925	TRUE	328,122,500
1342		930	TRUE	328,585,000
1343		930	TRUE	329,050,000
1344		930	TRUE	329,515,000
1345		930	TRUE	329,980,000
1346		930	TRUE	330,445,000
1347		930	TRUE	330,910,000
1348		930	TRUE	331,375,000
1349		930	TRUE	331,840,000
1350		935	FALSE	332,305,000
1351		935	FALSE	332,772,500
1352		935	FALSE	333,240,000
1353		935	FALSE	333,707,500
1354		935	FALSE	334,175,000
1355		935	FALSE	334,642,500
1356		935	FALSE	335,110,000
1357		935	FALSE	335,577,500
1358		940	FALSE	336,045,000
1359		940	FALSE	336,515,000
1360		940	FALSE	336,985,000
1361		940	FALSE	337,455,000
1362		940	FALSE	337,925,000
1363		940	FALSE	338,395,000
1364	338,865,000	940	FALSE	338,865,000
1365	339,335,000	940	FALSE	339,335,000
1366	339,805,000	945	FALSE	339,805,000
1367	340,277,500	945	FALSE	340,277,500
1368	340,750,000	945	FALSE	340,750,000
1369	341,222,500	945	FALSE	341,222,500
1370	341,695,000	945	FALSE	341,695,000
1371	342,167,500	945	FALSE	342,167,500
1372	342,640,000	945	FALSE	342,640,000
1373	343,112,500	945	FALSE	343,112,500
1374	343,585,000	950	FALSE	343,585,000
1375	344,060,000	950	FALSE	344,060,000
1376	344,535,000	950	FALSE	344,535,000
1377	345,010,000	950	FALSE	345,010,000
1378	345,485,000	950	FALSE	345,485,000
1379	345,960,000	950	FALSE	345,960,000
1380	346,435,000	950	FALSE	346,435,000
1381	346,910,000	950	FALSE	346,910,000
1382	347,385,000	955	FALSE	347,385,000
1383	347,862,500	955	FALSE	347,862,500
1384	348,340,000	955	FALSE	348,340,000
1385	348,817,500	955	FALSE	348,817,500
1386	349,295,000	955	FALSE	349,295,000
1387	349,772,500	955	FALSE	349,772,500
1388	350,250,000	955	FALSE	350,250,000
1389	350,727,500	955	FALSE	350,727,500
1390	351,205,000	960	FALSE	351,205,000
1391	351,685,000	960	FALSE	351,685,000
1392	352,165,000	960	FALSE	352,165,000
1393	352,645,000	960	FALSE	352,645,000
1394	353,125,000	960	FALSE	353,125,000
1395	353,605,000	960	FALSE	353,605,000
1396	354,085,000	960	FALSE	354,085,000
1397	354,565,000	960	FALSE	354,565,000
1398	355,045,000	965	FALSE	355,045,000
1399	355,527,500	965	FALSE	355,527,500
1400	356,010,000	965	FALSE	356,010,000
1401		965	FALSE	356,492,500
1402		965	FALSE	356,975,000
1403		965	FALSE	357,457,500
1404		965	FALSE	357,940,000
1405		965	FALSE	358,422,500
1406	358,905,000	970	FALSE	358,905,000
1407	359,390,000	970	FALSE	359,390,000
1408		970	FALSE	359,875,000
1409		970	FALSE	360,360,000
1410		970	FALSE	360,845,000
1411		970	FALSE	361,330,000
1412		970	FALSE	361,815,000
1413		970	FALSE	362,300,000
1414	362,785,000	975	FALSE	362,785,000
1415	363,272,500	975	FALSE	363,272,500
1416		975	FALSE	363,760,000
1417		975	FALSE	364,247,500
1418		975	FALSE	364,735,000
1419		975	FALSE	365,222,500
1420		975	FALSE	365,710,000
1421		975	FALSE	366,197,500
1422	366,685,000	980	FALSE	366,685,000
1423	367,175,000	980	FALSE	367,175,000
1424	367,665,000	980	FALSE	367,665,000
1425	368,155,000	980	TRUE	368,155,000
1426		980	TRUE	368,645,000
1427		980	TRUE	369,135,000
1428		980	TRUE	369,625,000
1429		980	TRUE	370,115,000
1430		985	TRUE	370,605,000
1431		985	TRUE	371,097,500
1432		985	TRUE	371,590,000
1433		985	TRUE	372,082,500
1434		985	TRUE	372,575,000
1435		985	TRUE	373,067,500
1436		985	TRUE	373,560,000
1437		985	TRUE	374,052,500
1438		990	TRUE	374,545,000
1439		990	TRUE	375,040,000
1440		990	TRUE	375,535,000
1441		990	TRUE	376,030,000
1442		990	TRUE	376,525,000
1443		990	TRUE	377,020,000
1444		990	TRUE	377,515,000
1445		990	TRUE	378,010,000
1446		990	TRUE	378,505,000
1447		995	TRUE	379,000,000
1448		995	TRUE	379,497,500
1449		995	TRUE	379,995,000
1450		995	TRUE	380,492,500
1451		995	TRUE	380,990,000
1452		995	TRUE	381,487,500
1453		995	TRUE	381,985,000
1454		995	TRUE	382,482,500
1455		1000	TRUE	382,980,000
1456		1000	TRUE	383,480,000
1457		1000	TRUE	383,980,000
1458		1000	TRUE	384,480,000
1459		1000	TRUE	384,980,000
1460		1000	TRUE	385,480,000
1461		1000	TRUE	385,980,000
1462		1000	TRUE	386,480,000
1463		1005	TRUE	386,980,000
1464		1005	TRUE	387,482,500
1465		1005	TRUE	387,985,000
1466		1005	TRUE	388,487,500
1467		1005	TRUE	388,990,000
1468		1005	TRUE	389,492,500
1469		1005	TRUE	389,995,000
1470		1005	TRUE	390,497,500
1471		1005	TRUE	391,000,000
1472		1010	TRUE	391,502,500
1473		1010	TRUE	392,007,500
1474		1010	TRUE	392,512,500
1475		1010	TRUE	393,017,500
1476		1010	TRUE	393,522,500
1477		1010	TRUE	394,027,500
1478		1010	TRUE	394,532,500
1479		1010	TRUE	395,037,500
1480		1015	TRUE	395,542,500
1481		1015	TRUE	396,050,000
1482		1015	TRUE	396,557,500
1483		1015	TRUE	397,065,000
1484		1015	TRUE	397,572,500
1485		1015	TRUE	398,080,000
1486		1015	TRUE	398,587,500
1487		1015	TRUE	399,095,000
1488		1020	TRUE	399,602,500
1489		1020	TRUE	400,112,500
1490		1020	TRUE	400,622,500
1491		1020	TRUE	401,132,500
1492		1020	TRUE	401,642,500
1493		1020	TRUE	402,152,500
1494		1020	TRUE	402,662,500
1495		1020	TRUE	403,172,500
1496		1025	TRUE	403,682,500
1497		1025	TRUE	404,195,000
1498		1025	TRUE	404,707,500
1499		1025	TRUE	405,220,000
1500		1025	TRUE	405,732,500
1501		1025	TRUE	406,245,000
1502		1025	TRUE	406,757,500
1503		1025	TRUE	407,270,000
1504		1030	TRUE	407,782,500
1505		1030	TRUE	408,297,500
1506		1030	TRUE	408,812,500
1507		1030	TRUE	409,327,500
1508		1030	TRUE	409,842,500
1509		1030	TRUE	410,357,500
1510		1030	TRUE	410,872,500
1511		1030	TRUE	411,387,500
1512		1035	TRUE	411,902,500
1513		1035	TRUE	412,420,000
1514		1035	TRUE	412,937,500
1515		1035	TRUE	413,455,000
1516		1035	TRUE	413,972,500
1517		1035	TRUE	414,490,000
1518		1035	TRUE	415,007,500
1519		1035	TRUE	415,525,000
1520		1040	TRUE	416,042,500
1521		1040	TRUE	416,562,500
1522		1040	TRUE	417,082,500
1523		1040	TRUE	417,602,500
1524		1040	TRUE	418,122,500
1525		1040	TRUE	418,642,500
1526		1040	TRUE	419,162,500
1527		1040	TRUE	419,682,500
1528		1045	TRUE	420,202,500
1529		1045	TRUE	420,725,000
1530		1045	TRUE	421,247,500
1531		1045	TRUE	421,770,000
1532		1045	TRUE	422,292,500
1533		1045	TRUE	422,815,000
1534		1045	TRUE	423,337,500
1535		1045	TRUE	423,860,000
1536		1045	TRUE	424,382,500
1537		1050	TRUE	424,905,000
1538		1050	TRUE	425,430,000
1539		1050	TRUE	425,955,000
1540		1050	TRUE	426,480,000
1541		1050	TRUE	427,005,000
1542		1050	TRUE	427,530,000
1543		1050	TRUE	428,055,000
1544		1050	TRUE	428,580,000
1545		1055	TRUE	429,105,000
1546		1055	TRUE	429,632,500
1547		1055	TRUE	430,160,000
1548		1055	TRUE	430,687,500
1549		1055	TRUE	431,215,000
1550		1055	TRUE	431,742,500
1551		1055	TRUE	432,270,000
1552		1055	TRUE	432,797,500
1553		1060	TRUE	433,325,000
1554		1060	TRUE	433,855,000
1555		1060	TRUE	434,385,000
1556		1060	TRUE	434,915,000
1557		1060	TRUE	435,445,000
1558		1060	TRUE	435,975,000
1559		1060	TRUE	436,505,000
1560		1060	TRUE	437,035,000
1561		1065	TRUE	437,565,000
1562		1065	TRUE	438,097,500
1563		1065	TRUE	438,630,000
1564		1065	TRUE	439,162,500
1565		1065	TRUE	439,695,000
1566		1065	TRUE	440,227,500
1567		1070	TRUE	440,760,000
1568		1070	TRUE	441,295,000
1569		1070	TRUE	441,830,000
1570		1070	TRUE	442,365,000
1571		1070	TRUE	442,900,000
1572		1070	TRUE	443,435,000
1573		1070	TRUE	443,970,000
1574		1070	TRUE	444,505,000
1575		1070	TRUE	445,040,000
1576		1075	TRUE	445,575,000
1577		1075	TRUE	446,112,500
1578		1075	TRUE	446,650,000
1579		1075	TRUE	447,187,500
1580		1075	TRUE	447,725,000
1581		1075	TRUE	448,262,500
1582		1075	TRUE	448,800,000
1583		1075	TRUE	449,337,500
1584		1075	TRUE	449,875,000
1585		1080	TRUE	450,412,500
1586		1080	TRUE	450,952,500
1587		1080	TRUE	451,492,500
1588		1080	TRUE	452,032,500
1589		1080	TRUE	452,572,500
1590		1080	TRUE	453,112,500
1591		1080	TRUE	453,652,500
1592		1080	TRUE	454,192,500
1593		1085	TRUE	454,732,500
1594		1085	TRUE	455,275,000
1595		1085	TRUE	455,817,500
1596		1085	TRUE	456,360,000
1597		1085	TRUE	456,902,500
1598		1085	TRUE	457,445,000
1599		1085	TRUE	457,987,500
1600		1085	TRUE	458,530,000
1601		1085	TRUE	459,072,500
1602		1090	TRUE	459,615,000
1603		1090	TRUE	460,160,000
1604		1090	TRUE	460,705,000
1605		1090	TRUE	461,250,000
1606		1090	TRUE	461,795,000
1607		1090	TRUE	462,340,000
1608		1090	TRUE	462,885,000
1609		1090	TRUE	463,430,000
1610		1095	TRUE	463,975,000
1611		1095	TRUE	464,522,500
1612		1095	TRUE	465,070,000
1613		1095	TRUE	465,617,500
1614		1095	TRUE	466,165,000
1615		1095	TRUE	466,712,500
1616		1095	TRUE	467,260,000
1617		1095	TRUE	467,807,500
1618		1100	FALSE	468,355,000
1619		1100	FALSE	468,905,000
1620		1100	FALSE	469,455,000
1621		1100	FALSE	470,005,000
1622		1100	FALSE	470,555,000
1623		1100	FALSE	471,105,000
1624		1100	FALSE	471,655,000
1625		1100	FALSE	472,205,000
1626		1105	FALSE	472,755,000
1627		1105	FALSE	473,307,500
1628		1105	FALSE	473,860,000
1629		1105	FALSE	474,412,500
1630	474,965,000	1105	FALSE	474,965,000
1631	475,517,500	1105	FALSE	475,517,500
1632		1105	FALSE	476,070,000
1633		1105	FALSE	476,622,500
1634		1105	FALSE	477,175,000
1635		1110	FALSE	477,727,500
1636		1110	FALSE	478,282,500
1637		1110	FALSE	478,837,500
1638		1110	FALSE	479,392,500
1639		1110	FALSE	479,947,500
1640		1110	FALSE	480,502,500
1641		1110	FALSE	481,057,500
1642		1110	FALSE	481,612,500
1643		1115	FALSE	482,167,500
1644		1115	FALSE	482,725,000
1645		1115	FALSE	483,282,500
1646		1115	FALSE	483,840,000
1647		1115	FALSE	484,397,500
1648		1115	FALSE	484,955,000
1649		1115	FALSE	485,512,500
1650		1115	FALSE	486,070,000
1651		1120	FALSE	486,627,500
1652		1120	FALSE	487,187,500
1653		1120	FALSE	487,747,500
1654		1120	FALSE	488,307,500
1655		1120	FALSE	488,867,500
1656		1120	FALSE	489,427,500
1657		1120	FALSE	489,987,500
1658		1120	FALSE	490,547,500
1659		1125	FALSE	491,107,500
1660		1125	FALSE	491,670,000
1661		1125	FALSE	492,232,500
1662		1125	FALSE	492,795,000
1663		1125	FALSE	493,357,500
1664		1125	FALSE	493,920,000
1665		1125	FALSE	494,482,500
1666		1125	FALSE	495,045,000
1667		1125	FALSE	495,607,500
1668		1130	FALSE	496,170,000
1669		1130	FALSE	496,735,000
1670		1130	FALSE	497,300,000
1671		1130	FALSE	497,865,000
1672		1130	FALSE	498,430,000
1673		1130	FALSE	498,995,000
1674		1130	FALSE	499,560,000
1675		1130	FALSE	500,125,000
1676		1135	TRUE	500,690,000
1677		1135	TRUE	501,257,500
1678		1135	TRUE	501,825,000
1679		1135	TRUE	502,392,500
1680		1135	TRUE	502,960,000
1681	503,527,500	1135	FALSE	503,527,500
1682	504,095,000	1135	TRUE	504,095,000
1683		1140	TRUE	504,662,500
1684		1140	FALSE	505,232,500
1685		1140	FALSE	505,802,500
1686		1140	FALSE	506,372,500
1687		1140	FALSE	506,942,500
1688		1140	FALSE	507,512,500
1689		1140	FALSE	508,082,500
1690		1140	FALSE	508,652,500
1691		1140	FALSE	509,222,500
1692		1145	FALSE	509,792,500
1693		1145	FALSE	510,365,000
1694		1145	FALSE	510,937,500
1695		1145	FALSE	511,510,000
1696		1145	FALSE	512,082,500
1697		1145	FALSE	512,655,000
1698		1145	FALSE	513,227,500
1699		1145	FALSE	513,800,000
1700		1145	FALSE	514,372,500
1701		1145	FALSE	514,945,000
1702		1150	FALSE	515,517,500
1703		1150	FALSE	516,092,500
1704		1150	FALSE	516,667,500
1705		1150	FALSE	517,242,500
1706		1150	FALSE	517,817,500
1707		1150	FALSE	518,392,500
1708		1150	FALSE	518,967,500
1709		1155	FALSE	519,542,500
1710		1155	FALSE	520,120,000
1711		1155	FALSE	520,697,500
1712		1155	FALSE	521,275,000
1713		1155	FALSE	521,852,500
1714		1155	FALSE	522,430,000
1715		1155	FALSE	523,007,500
1716		1155	FALSE	523,585,000
1717		1160	FALSE	524,162,500
1718		1160	FALSE	524,742,500
1719		1160	FALSE	525,322,500
1720		1160	FALSE	525,902,500
1721		1160	FALSE	526,482,500
1722		1160	FALSE	527,062,500
1723		1160	FALSE	527,642,500
1724		1160	FALSE	528,222,500
1725		1165	FALSE	528,802,500
1726		1165	FALSE	529,385,000
1727		1165	FALSE	529,967,500
1728		1165	FALSE	530,550,000
1729		1165	FALSE	531,132,500
1730		1165	FALSE	531,715,000
1731		1165	FALSE	532,297,500
1732		1165	FALSE	532,880,000
1733		1165	FALSE	533,462,500
1734		1170	FALSE	534,045,000
1735		1170	FALSE	534,630,000
1736		1170	FALSE	535,215,000
1737		1170	FALSE	535,800,000
1738	536,385,000	1170	FALSE	536,385,000
1739	536,970,000	1170	FALSE	536,970,000
1740		1170	FALSE	537,555,000
1741		1170	FALSE	538,140,000
1742		1175	TRUE	538,725,000
1743	539,312,500	1175	FALSE	539,312,500
1744	539,900,000	1175	FALSE	539,900,000
1745	540,487,500	1175	FALSE	540,487,500
1746	541,075,000	1175	FALSE	541,075,000
1747	541,662,500	1175	FALSE	541,662,500
1748	542,250,000	1175	FALSE	542,250,000
1749	542,837,500	1175	FALSE	542,837,500
1750	543,425,000	1180	FALSE	543,425,000
1751	544,015,000	1180	FALSE	544,015,000
1752	544,605,000	1180	FALSE	544,605,000
1753	545,195,000	1180	FALSE	545,195,000
1754	545,785,000	1180	FALSE	545,785,000
1755	546,375,000	1180	FALSE	546,375,000
1756	546,965,000	1180	FALSE	546,965,000
1757	547,555,000	1180	FALSE	547,555,000
1758	548,145,000	1185	FALSE	548,145,000
1759	548,737,500	1185	FALSE	548,737,500
1760	549,330,000	1185	FALSE	549,330,000
1761	549,922,500	1185	FALSE	549,922,500
1762	550,515,000	1185	FALSE	550,515,000
1763	551,107,500	1185	FALSE	551,107,500
1764	551,700,000	1185	FALSE	551,700,000
1765	552,292,500	1185	FALSE	552,292,500
1766	552,885,000	1185	FALSE	552,885,000
1767	553,477,500	1190	FALSE	553,477,500
1768	554,072,500	1190	FALSE	554,072,500
1769	554,667,500	1190	FALSE	554,667,500
1770	555,262,500	1190	FALSE	555,262,500
1771	555,857,500	1190	FALSE	555,857,500
1772	556,452,500	1190	FALSE	556,452,500
1773	557,047,500	1190	FALSE	557,047,500
1774	557,642,500	1190	FALSE	557,642,500
1775	558,237,500	1195	FALSE	558,237,500
1776	558,835,000	1195	FALSE	558,835,000
1777	559,432,500	1195	FALSE	559,432,500
1778	560,030,000	1195	FALSE	560,030,000
1779	560,627,500	1195	FALSE	560,627,500
1780	561,225,000	1195	FALSE	561,225,000
1781	561,822,500	1195	FALSE	561,822,500
1782	562,420,000	1195	FALSE	562,420,000
1783	563,017,500	1200	FALSE	563,017,500
1784	563,617,500	1200	FALSE	563,617,500
1785	564,217,500	1200	FALSE	564,217,500
1786	564,817,500	1200	FALSE	564,817,500
1787	565,417,500	1200	FALSE	565,417,500
1788	566,017,500	1200	FALSE	566,017,500
1789	566,617,500	1200	FALSE	566,617,500
1790	567,217,500	1200	FALSE	567,217,500
1791	567,817,500	1200	FALSE	567,817,500
1792	568,417,500	1205	FALSE	568,417,500
1793	569,020,000	1205	FALSE	569,020,000
1794	569,622,500	1205	FALSE	569,622,500
1795	570,225,000	1205	FALSE	570,225,000
1796	570,827,500	1205	FALSE	570,827,500
1797	571,430,000	1205	FALSE	571,430,000
1798	572,032,500	1205	FALSE	572,032,500
1799	572,635,000	1205	FALSE	572,635,000
1800	573,237,500	1210	FALSE	573,237,500
1801	573,842,500	1210	FALSE	573,842,500
1802	574,447,500	1210	FALSE	574,447,500
1803	575,052,500	1210	FALSE	575,052,500
1804	575,657,500	1210	FALSE	575,657,500
1805	576,262,500	1210	FALSE	576,262,500
1806	576,867,500	1210	FALSE	576,867,500
1807	577,472,500	1210	FALSE	577,472,500
1808	578,077,500	1215	FALSE	578,077,500
1809	578,685,000	1215	FALSE	578,685,000
1810	579,292,500	1215	FALSE	579,292,500
1811	579,900,000	1215	FALSE	579,900,000
1812	580,507,500	1215	FALSE	580,507,500
1813	581,115,000	1215	FALSE	581,115,000
1814	581,722,500	1215	FALSE	581,722,500
1815	582,330,000	1215	FALSE	582,330,000
1816	582,937,500	1220	FALSE	582,937,500
1817	583,547,500	1220	FALSE	583,547,500
1818	584,157,500	1220	FALSE	584,157,500
1819	584,767,500	1220	FALSE	584,767,500
1820	585,377,500	1220	FALSE	585,377,500
1821	585,987,500	1220	FALSE	585,987,500
1822	586,597,500	1220	TRUE	586,597,500
1823		1220	TRUE	587,207,500
1824		1220	TRUE	587,817,500
1825		1225	TRUE	588,427,500
1826	589,040,000	1225	FALSE	589,040,000
1827	589,652,500	1225	FALSE	589,652,500
1828	590,265,000	1225	FALSE	590,265,000
1829	590,877,500	1225	FALSE	590,877,500
1830	591,490,000	1225	FALSE	591,490,000
1831	592,102,500	1225	FALSE	592,102,500
1832	592,715,000	1225	FALSE	592,715,000
1833	593,327,500	1230	FALSE	593,327,500
1834	593,942,500	1230	FALSE	593,942,500
1835	594,557,500	1230	FALSE	594,557,500
1836	595,172,500	1230	FALSE	595,172,500
1837	595,787,500	1230	FALSE	595,787,500
1838	596,402,500	1230	FALSE	596,402,500
1839	597,017,500	1230	FALSE	597,017,500
1840	597,632,500	1230	FALSE	597,632,500
1841	598,247,500	1235	FALSE	598,247,500
1842	598,865,000	1235	FALSE	598,865,000
1843	599,482,500	1235	FALSE	599,482,500
1844	600,100,000	1235	FALSE	600,100,000
1845	600,717,500	1235	FALSE	600,717,500
1846	601,335,000	1235	FALSE	601,335,000
1847	601,952,500	1235	FALSE	601,952,500
1848	602,570,000	1235	FALSE	602,570,000
1849	603,187,500	1235	FALSE	603,187,500
1850	603,805,000	1240	FALSE	603,805,000
1851	604,425,000	1240	FALSE	604,425,000
1852	605,045,000	1240	FALSE	605,045,000
1853	605,665,000	1240	FALSE	605,665,000
1854	606,285,000	1240	FALSE	606,285,000
1855	606,905,000	1240	FALSE	606,905,000
1856	607,525,000	1240	FALSE	607,525,000
1857	608,145,000	1240	FALSE	608,145,000
1858	608,765,000	1245	FALSE	608,765,000
1859	609,387,500	1245	FALSE	609,387,500
1860	610,010,000	1245	FALSE	610,010,000
1861	610,632,500	1245	FALSE	610,632,500
1862	611,255,000	1245	FALSE	611,255,000
1863	611,877,500	1245	FALSE	611,877,500
1864	612,500,000	1245	FALSE	612,500,000
1865	613,122,500	1245	FALSE	613,122,500
1866	613,745,000	1250	FALSE	613,745,000
1867	614,370,000	1250	FALSE	614,370,000
1868	614,995,000	1250	FALSE	614,995,000
1869	615,620,000	1250	FALSE	615,620,000
1870	616,245,000	1250	FALSE	616,245,000
1871	616,870,000	1250	FALSE	616,870,000
1872	617,495,000	1250	FALSE	617,495,000
1873	618,120,000	1250	FALSE	618,120,000
1874	618,745,000	1250	FALSE	618,745,000
1875	619,370,000	1255	FALSE	619,370,000
1876	619,997,500	1255	FALSE	619,997,500
1877	620,625,000	1255	FALSE	620,625,000
1878		1255	TRUE	621,252,500
1879		1255	TRUE	621,880,000
1880		1255	TRUE	622,507,500
1881		1255	TRUE	623,135,000
1882		1255	TRUE	623,762,500
1883		1260	TRUE	624,390,000
1884		1260	TRUE	625,020,000
1885		1260	TRUE	625,650,000
1886		1260	TRUE	626,280,000
1887		1260	TRUE	626,910,000
1888		1260	TRUE	627,540,000
1889		1260	TRUE	628,170,000
1890		1260	TRUE	628,800,000
1891	629,430,000	1265	FALSE	629,430,000
1892	630,062,500	1265	FALSE	630,062,500
1893	630,695,000	1265	FALSE	630,695,000
1894	631,327,500	1265	FALSE	631,327,500
1895	631,960,000	1265	FALSE	631,960,000
1896	632,592,500	1265	FALSE	632,592,500
1897	633,225,000	1265	FALSE	633,225,000
1898	633,857,500	1265	FALSE	633,857,500
1899	634,490,000	1265	FALSE	634,490,000
1900	635,122,500	1270	FALSE	635,122,500
1901	635,757,500	1270	FALSE	635,757,500
1902	636,392,500	1270	FALSE	636,392,500
1903	637,027,500	1270	FALSE	637,027,500
1904	637,662,500	1270	FALSE	637,662,500
1905	638,297,500	1270	FALSE	638,297,500
1906	638,932,500	1270	FALSE	638,932,500
1907	639,567,500	1270	FALSE	639,567,500
1908	640,202,500	1275	FALSE	640,202,500
1909	640,840,000	1275	FALSE	640,840,000
1910	641,477,500	1275	FALSE	641,477,500
1911	642,115,000	1275	FALSE	642,115,000
1912	642,752,500	1275	FALSE	642,752,500
1913	643,390,000	1275	FALSE	643,390,000
1914	644,027,500	1275	FALSE	644,027,500
1915	644,665,000	1275	FALSE	644,665,000
1916	645,302,500	1280	FALSE	645,302,500
1917	645,942,500	1280	FALSE	645,942,500
1918	646,582,500	1280	FALSE	646,582,500
1919	647,222,500	1280	FALSE	647,222,500
1920	647,862,500	1280	FALSE	647,862,500
1921	648,502,500	1280	FALSE	648,502,500
1922	649,142,500	1280	FALSE	649,142,500
1923	649,782,500	1280	FALSE	649,782,500
1924	650,422,500	1280	FALSE	650,422,500
1925	651,062,500	1285	FALSE	651,062,500
1926	651,705,000	1285	FALSE	651,705,000
1927	652,347,500	1285	FALSE	652,347,500
1928	652,990,000	1285	FALSE	652,990,000
1929	653,632,500	1285	FALSE	653,632,500
1930	654,275,000	1285	FALSE	654,275,000
1931	654,917,500	1285	FALSE	654,917,500
1932	655,560,000	1285	FALSE	655,560,000
1933	656,202,500	1290	FALSE	656,202,500
1934	656,847,500	1290	FALSE	656,847,500
1935	657,492,500	1290	FALSE	657,492,500
1936	658,137,500	1290	FALSE	658,137,500
1937	658,782,500	1290	FALSE	658,782,500
1938	659,427,500	1290	FALSE	659,427,500
1939	660,072,500	1290	FALSE	660,072,500
1940	660,717,500	1290	FALSE	660,717,500
1941	661,362,500	1290	FALSE	661,362,500
1942	662,007,500	1295	FALSE	662,007,500
1943	662,655,000	1295	FALSE	662,655,000
1944	663,302,500	1295	FALSE	663,302,500
1945	663,950,000	1295	FALSE	663,950,000
1946	664,597,500	1295	FALSE	664,597,500
1947	665,245,000	1295	FALSE	665,245,000
1948	665,892,500	1295	FALSE	665,892,500
1949	666,540,000	1295	FALSE	666,540,000
1950	667,187,500	1300	FALSE	667,187,500
1951	667,837,500	1300	FALSE	667,837,500
1952	668,487,500	1300	FALSE	668,487,500
1953	669,137,500	1300	FALSE	669,137,500
1954	669,787,500	1300	FALSE	669,787,500
1955	670,437,500	1300	FALSE	670,437,500
1956	671,087,500	1300	FALSE	671,087,500
1957	671,737,500	1300	FALSE	671,737,500
1958	672,387,500	1305	FALSE	672,387,500
1959	673,040,000	1305	FALSE	673,040,000
1960	673,692,500	1305	FALSE	673,692,500
1961	674,345,000	1305	FALSE	674,345,000
1962	674,997,500	1305	FALSE	674,997,500
1963	675,650,000	1305	FALSE	675,650,000
1964	676,302,500	1305	FALSE	676,302,500
1965	676,955,000	1305	FALSE	676,955,000
1966	677,607,500	1305	FALSE	677,607,500
1967	678,260,000	1310	FALSE	678,260,000
1968	678,915,000	1310	FALSE	678,915,000
1969	679,570,000	1310	FALSE	679,570,000
1970	680,225,000	1310	FALSE	680,225,000
1971	680,880,000	1310	FALSE	680,880,000
1972	681,535,000	1310	FALSE	681,535,000
1973	682,190,000	1310	FALSE	682,190,000
1974	682,845,000	1310	FALSE	682,845,000
1975	683,500,000	1315	FALSE	683,500,000
1976	684,157,500	1315	FALSE	684,157,500
1977	684,815,000	1315	FALSE	684,815,000
1978	685,472,500	1315	FALSE	685,472,500
1979	686,130,000	1315	FALSE	686,130,000
1980	686,787,500	1315	FALSE	686,787,500
1981	687,445,000	1315	FALSE	687,445,000
1982	688,102,500	1315	FALSE	688,102,500
1983	688,760,000	1320	FALSE	688,760,000
1984	689,420,000	1320	FALSE	689,420,000
1985	690,080,000	1320	FALSE	690,080,000
1986	690,740,000	1320	FALSE	690,740,000
1987	691,400,000	1320	FALSE	691,400,000
1988	692,060,000	1320	FALSE	692,060,000
1989	692,720,000	1320	FALSE	692,720,000
1990	693,380,000	1320	FALSE	693,380,000
1991	694,040,000	1320	FALSE	694,040,000
1992	694,700,000	1325	FALSE	694,700,000
1993	695,362,500	1325	FALSE	695,362,500
1994	696,025,000	1325	FALSE	696,025,000
1995	696,687,500	1325	FALSE	696,687,500
1996	697,350,000	1325	FALSE	697,350,000
1997	698,012,500	1325	FALSE	698,012,500
1998	698,675,000	1325	FALSE	698,675,000
1999	699,337,500	1325	FALSE	699,337,500
2000	700,000,000	0	FALSE	700,000,000