Level	Dark Power	Castle Level	Upgrade Cost	Dark Regent
0	0	0	0 » 1	10
1	7,000	1	1 » 2	15
2	14,000	1	2 » 3	20
3	21,000	2	3 » 4	30
4	35,000	2	4 » 5	35
5	49,000	3	5 » 6	45
6	63,000	3	6 » 7	
7	77,000	4	7 » 8	
8	98,000	4	8 » 9	
9	119,000	5	9 » 10	
10	140,000	5	10 » 11	
11	161,000	6	11 » 12	
12	182,000	6	12 » 13	
13	210,000	7	13 » 14	
14	238,000	7	14 » 15	
15	266,000	8	15 » 16	
16	294,000	8	16 » 17	155
17	322,000	9	17 » 18	165
18	357,000	9	18 » 19	175
19	392,000	10	19 » 20	185
20	427,000	10	20 » 21	195
21	462,000	11	21 » 22	210
22	497,000	11	22 » 23	220
23	539,000	12	23 » 24	230
24	581,000	12	24 » 25	
25	623,000	13	25 » 26	255
26	665,000	13	26 » 27	265
27	707,000	14	27 » 28	280
28	749,000	14	28 » 29	290
29	798,000	15	29 » 30	
30	847,000	15	30 » 31	
31	896,000	16	31 » 32	
32	945,000	16	32 » 33	
33	994,000	17	33 » 34	
34	1,043,000	17	34 » 35	
35	1,099,000	18	35 » 36	
36	1,155,000	18	36 » 37	
37	1,211,000	19	37 » 38	
38	1,267,000	19	38 » 39	
39	1,323,000	20	39 » 40	
40	1,379,000	20	40 » 41	
41	1,435,000	21	41 » 42	
42	1,498,000	21	42 » 43	
43	1,561,000	22	43 » 44	
44	1,624,000	22	44 » 45	
45	1,687,000	23	45 » 46	
46	1,750,000	23	46 » 47	
47	1,813,000	24	47 » 48	
48	1,883,000	24	48 » 49	
49	1,953,000	25	49 » 50	
50	2,023,000	25	50 » 51	
51	2,093,000	26	51 » 52	
52	2,163,000	26	52 » 53	
53	2,233,000	27	53 » 54	
54	2,303,000	27	54 » 55	
55	2,380,000	28	55 » 56	
56	2,457,000	28	56 » 57	
57	2,534,000	29	57 » 58	
58	2,611,000	29	58 » 59	
59	2,688,000	30	59 » 60	
60	2,765,000	30	60 » 61	
61	2,842,000	31	61 » 62	
62	2,926,000	31	62 » 63	
63	3,010,000	32	63 » 64	
64	3,094,000	32	64 » 65	
65	3,178,000	33	65 » 66	
66	3,262,000	33	66 » 67	
67	3,346,000	34	67 » 68	
68	3,430,000	34	68 » 69	
69	3,521,000	35	69 » 70	
70	3,612,000	35	70 » 71	
71	3,703,000	36	71 » 72	
72	3,794,000	36	72 » 73	
73	3,885,000	37	73 » 74	
74	3,976,000	37	74 » 75	
75	4,067,000	38	75 » 76	
76	4,165,000	38	76 » 77	
77	4,263,000	39	77 » 78	
78	4,361,000	39	78 » 79	
79	4,459,000	40	79 » 80	
80	4,557,000	40	80 » 81	
81	4,655,000	41	81 » 82	
82	4,753,000	41	82 » 83	
83	4,858,000	42	83 » 84	
84	4,963,000	42	84 » 85	
85	5,068,000	43	85 » 86	
86	5,173,000	43	86 » 87	
87	5,278,000	44	87 » 88	
88	5,383,000	44	88 » 89	
89	5,488,000	45	89 » 90	
90	5,593,000	45	90 » 91	
91	5,705,000	46	91 » 92	1,200
92	5,817,000	46	92 » 93	
93	5,929,000	47	93 » 94	
94	6,041,000	47	94 » 95	
95	6,153,000	48	95 » 96	
96	6,265,000	48	96 » 97	
97	6,377,000	49	97 » 98	
98	6,496,000	49	98 » 99	
99	6,615,000	50	99 » 100	
100	6,734,000	50	100 » 101	
101	6,853,000	51	101 » 102	
102	6,972,000	51	102 » 103	
103	7,091,000	52	103 » 104	
104	7,210,000	52	104 » 105	
105	7,329,000	53	105 » 106	
106	7,455,000	53	106 » 107	
107	7,581,000	54	107 » 108	
108	7,707,000	54	108 » 109	
109	7,833,000	55	109 » 110	
110	7,959,000	55	110 » 111	
111	8,085,000	56	111 » 112	
112	8,211,000	56	112 » 113	
113	8,337,000	57	113 » 114	
114	8,470,000	57	114 » 115	
115	8,603,000	58	115 » 116	
116	8,736,000	58	116 » 117	
117	8,869,000	59	117 » 118	
118	9,002,000	59	118 » 119	
119	9,135,000	60	119 » 120	
120	9,268,000	60	120 » 121	
121	9,401,000	61	121 » 122	
122	9,541,000	61	122 » 123	
123	9,681,000	62	123 » 124	
124	9,821,000	62	124 » 125	
125	9,961,000	63	125 » 126	
126	10,101,000	63	126 » 127	
127	10,241,000	64	127 » 128	
128	10,381,000	64	128 » 129	
129	10,521,000	65	129 » 130	
130	10,668,000	65	130 » 131	
131	10,815,000	66	131 » 132	
132	10,962,000	66	132 » 133	
133	11,109,000	67	133 » 134	
134	11,256,000	67	134 » 135	
135	11,403,000	68	135 » 136	
136	11,550,000	68	136 » 137	
137	11,697,000	69	137 » 138	
138	11,851,000	69	138 » 139	
139	12,005,000	70	139 » 140	
140	12,159,000	70	140 » 141	
141	12,313,000	71	141 » 142	
142	12,467,000	71	142 » 143	
143	12,621,000	72	143 » 144	
144	12,775,000	72	144 » 145	
145	12,929,000	73	145 » 146	
146	13,090,000	73	146 » 147	
147	13,251,000	74	147 » 148	
148	13,412,000	74	148 » 149	
149	13,573,000	75	149 » 150	
150	13,734,000	75	150 » 151	
151	13,895,000	76	151 » 152	
152	14,056,000	76	152 » 153	
153	14,217,000	77	153 » 154	
154	14,385,000	77	154 » 155	
155	14,553,000	78	155 » 156	
156	14,721,000	78	156 » 157	
157	14,889,000	79	157 » 158	
158	15,057,000	79	158 » 159	
159	15,225,000	80	159 » 160	
160	15,393,000	80	160 » 161	
161	15,561,000	81	161 » 162	
162	15,729,000	81	162 » 163	
163	15,904,000	82	163 » 164	
164	16,079,000	82	164 » 165	
165	16,254,000	83	165 » 166	
166	16,429,000	83	166 » 167	
167	16,604,000	84	167 » 168	
168	16,779,000	84	168 » 169	
169	16,954,000	85	169 » 170	
170	17,129,000	85	170 » 171	
171	17,311,000	86	171 » 172	
172	17,493,000	86	172 » 173	
173	17,675,000	87	173 » 174	
174	17,857,000	87	174 » 175	
175	18,039,000	88	175 » 176	
176	18,221,000	88	176 » 177	
177	18,403,000	89	177 » 178	
178	18,585,000	89	178 » 179	
179	18,767,000	90	179 » 180	
180	18,956,000	90	180 » 181	
181	19,145,000	91	181 » 182	
182	19,334,000	91	182 » 183	
183	19,523,000	92	183 » 184	
184	19,712,000	92	184 » 185	
185	19,901,000	93	185 » 186	
186	20,090,000	93	186 » 187	
187	20,279,000	94	187 » 188	
188	20,475,000	94	188 » 189	
189	20,671,000	95	189 » 190	
190	20,867,000	95	190 » 191	
191	21,063,000	96	191 » 192	
192	21,259,000	96	192 » 193	
193	21,455,000	97	193 » 194	
194	21,651,000	97	194 » 195	
195	21,847,000	98	195 » 196	
196	22,043,000	98	196 » 197	
197	22,246,000	99	197 » 198	
198	22,449,000	99	198 » 199	
199	22,652,000	100	199 » 200	
200	22,855,000	100	200 » 201	
201	23,058,000	101	201 » 202	
202	23,261,000	101	202 » 203	
203	23,464,000	102	203 » 204	
204	23,667,000	102	204 » 205	
205	23,870,000	103	205 » 206	
206	24,080,000	103	206 » 207	
207	24,290,000	104	207 » 208	
208	24,500,000	104	208 » 209	
209	24,710,000	105	209 » 210	
210	24,920,000	105	210 » 211	
211	25,130,000	106	211 » 212	
212	25,340,000	106	212 » 213	
213	25,550,000	107	213 » 214	
214	25,760,000	107	214 » 215	
215	25,977,000	108	215 » 216	
216	26,194,000	108	216 » 217	
217	26,411,000	109	217 » 218	
218	26,628,000	109	218 » 219	
219	26,845,000	110	219 » 220	
220	27,062,000	110	220 » 221	
221	27,279,000	111	221 » 222	
222	27,496,000	111	222 » 223	
223	27,713,000	112	223 » 224	
224	27,937,000	112	224 » 225	
225	28,161,000	113	225 » 226	
226	28,385,000	113	226 » 227	
227	28,609,000	114	227 » 228	
228	28,833,000	114	228 » 229	
229	29,057,000	115	229 » 230	
230	29,281,000	115	230 » 231	
231	29,505,000	116	231 » 232	
232	29,729,000	116	232 » 233	
233	29,960,000	117	233 » 234	
234	30,191,000	117	234 » 235	
235	30,422,000	118	235 » 236	
236	30,653,000	118	236 » 237	
237	30,884,000	119	237 » 238	
238	31,115,000	119	238 » 239	
239	31,346,000	120	239 » 240	
240	31,577,000	120	240 » 241	
241	31,808,000	121	241 » 242	
242	32,046,000	121	242 » 243	
243	32,284,000	122	243 » 244	
244	32,522,000	122	244 » 245	
245	32,760,000	123	245 » 246	
246	32,998,000	123	246 » 247	
247	33,236,000	124	247 » 248	
248	33,474,000	124	248 » 249	
249	33,712,000	125	249 » 250	
250	33,950,000	125	250 » 251	
251	34,195,000	126	251 » 252	
252	34,440,000	126	252 » 253	
253	34,685,000	127	253 » 254	
254	34,930,000	127	254 » 255	
255	35,175,000	128	255 » 256	
256	35,420,000	128	256 » 257	
257	35,665,000	129	257 » 258	
258	35,910,000	129	258 » 259	
259	36,155,000	130	259 » 260	
260	36,400,000	130	260 » 261	
261	36,652,000	131	261 » 262	
262	36,904,000	131	262 » 263	
263	37,156,000	132	263 » 264	
264	37,408,000	132	264 » 265	
265	37,660,000	133	265 » 266	
266	37,912,000	133	266 » 267	
267	38,164,000	134	267 » 268	
268	38,416,000	134	268 » 269	
269	38,668,000	135	269 » 270	
270	38,927,000	135	270 » 271	
271	39,186,000	136	271 » 272	
272	39,445,000	136	272 » 273	
273	39,704,000	137	273 » 274	
274	39,963,000	137	274 » 275	
275	40,222,000	138	275 » 276	
276	40,481,000	138	276 » 277	
277	40,740,000	139	277 » 278	
278	40,999,000	139	278 » 279	
279	41,265,000	140	279 » 280	
280	41,531,000	140	280 » 281	
281	41,797,000	141	281 » 282	
282	42,063,000	141	282 » 283	
283	42,329,000	142	283 » 284	
284	42,595,000	142	284 » 285	
285	42,861,000	143	285 » 286	
286	43,127,000	143	286 » 287	
287	43,393,000	144	287 » 288	
288	43,659,000	144	288 » 289	
289	43,932,000	145	289 » 290	
290	44,205,000	145	290 » 291	
291	44,478,000	146	291 » 292	
292	44,751,000	146	292 » 293	
293	45,024,000	147	293 » 294	
294	45,297,000	147	294 » 295	
295	45,570,000	148	295 » 296	
296	45,843,000	148	296 » 297	
297	46,116,000	149	297 » 298	
298	46,396,000	149	298 » 299	
299	46,676,000	150	299 » 300	
300	46,956,000	150	300 » 301	
301	47,236,000	151	301 » 302	
302	47,516,000	151	302 » 303	
303	47,796,000	152	303 » 304	
304	48,076,000	152	304 » 305	
305	48,356,000	153	305 » 306	
306	48,636,000	153	306 » 307	
307	48,916,000	154	307 » 308	
308	49,203,000	154	308 » 309	
309	49,490,000	155	309 » 310	
310	49,777,000	155	310 » 311	
311	50,064,000	156	311 » 312	
312	50,351,000	156	312 » 313	
313	50,638,000	157	313 » 314	
314	50,925,000	157	314 » 315	
315	51,212,000	158	315 » 316	
316	51,499,000	158	316 » 317	
317	51,793,000	159	317 » 318	
318	52,087,000	159	318 » 319	
319	52,381,000	160	319 » 320	
320	52,675,000	160	320 » 321	
321	52,969,000	161	321 » 322	
322	53,263,000	161	322 » 323	
323	53,557,000	162	323 » 324	
324	53,851,000	162	324 » 325	
325	54,145,000	163	325 » 326	
326	54,439,000	163	326 » 327	
327	54,740,000	164	327 » 328	
328	55,041,000	164	328 » 329	
329	55,342,000	165	329 » 330	
330	55,643,000	165	330 » 331	
331	55,944,000	166	331 » 332	
332	56,245,000	166	332 » 333	
333	56,546,000	167	333 » 334	
334	56,847,000	167	334 » 335	
335	57,148,000	168	335 » 336	
336	57,449,000	168	336 » 337	
337	57,757,000	169	337 » 338	
338	58,065,000	169	338 » 339	
339	58,373,000	170	339 » 340	
340	58,681,000	170	340 » 341	
341	58,989,000	171	341 » 342	
342	59,297,000	171	342 » 343	
343	59,605,000	172	343 » 344	
344	59,913,000	172	344 » 345	
345	60,221,000	173	345 » 346	
346	60,529,000	173	346 » 347	5,700
347	60,844,000	174	347 » 348	
348	61,159,000	174	348 » 349	
349	61,474,000	175	349 » 350	
350	61,789,000	175	350 » 351	
351	62,104,000	176	351 » 352	
352	62,419,000	176	352 » 353	
353	62,734,000	177	353 » 354	
354	63,049,000	177	354 » 355	
355	63,364,000	178	355 » 356	
356	63,686,000	178	356 » 357	
357	64,008,000	179	357 » 358	
358	64,330,000	179	358 » 359	
359	64,652,000	180	359 » 360	
360	64,974,000	180	360 » 361	
361	65,296,000	181	361 » 362	
362	65,618,000	181	362 » 363	
363	65,940,000	182	363 » 364	
364	66,262,000	182	364 » 365	
365	66,584,000	183	365 » 366	
366	66,913,000	183	366 » 367	
367	67,242,000	184	367 » 368	
368	67,571,000	184	368 » 369	
369	67,900,000	185	369 » 370	
370	68,229,000	185	370 » 371	
371	68,558,000	186	371 » 372	
372	68,887,000	186	372 » 373	
373	69,216,000	187	373 » 374	
374	69,545,000	187	374 » 375	
375	69,874,000	188	375 » 376	
376	70,210,000	188	376 » 377	
377	70,546,000	189	377 » 378	
378	70,882,000	189	378 » 379	
379	71,218,000	190	379 » 380	
380	71,554,000	190	380 » 381	
381	71,890,000	191	381 » 382	
382	72,226,000	191	382 » 383	
383	72,562,000	192	383 » 384	
384	72,898,000	192	384 » 385	
385	73,234,000	193	385 » 386	
386	73,577,000	193	386 » 387	
387	73,920,000	194	387 » 388	
388	74,263,000	194	388 » 389	
389	74,606,000	195	389 » 390	
390	74,949,000	195	390 » 391	
391	75,292,000	196	391 » 392	
392	75,635,000	196	392 » 393	
393	75,978,000	197	393 » 394	
394	76,321,000	197	394 » 395	
395	76,664,000	198	395 » 396	
396	77,014,000	198	396 » 397	
397	77,364,000	199	397 » 398	
398	77,714,000	199	398 » 399	
399	78,064,000	200	399 » 400	
400	78,414,000	200	400 » 401	
401	78,764,000	201	401 » 402	
402	79,114,000	201	402 » 403	
403	79,464,000	202	403 » 404	
404	79,814,000	202	404 » 405	
405	80,164,000	203	405 » 406	
406	80,514,000	203	406 » 407	
407	80,871,000	204	407 » 408	
408	81,228,000	204	408 » 409	
409	81,585,000	205	409 » 410	
410	81,942,000	205	410 » 411	7,000
411	82,299,000	206	411 » 412	7,000
412	82,656,000	206	412 » 413	7,000
413	83,013,000	207	413 » 414	7,000
414	83,370,000	207	414 » 415	
415	83,727,000	208	415 » 416	
416	84,084,000	208	416 » 417	
417	84,448,000	209	417 » 418	
418	84,812,000	209	418 » 419	
419	85,176,000	210	419 » 420	
420	85,540,000	210	420 » 421	
421	85,904,000	211	421 » 422	
422	86,268,000	211	422 » 423	
423	86,632,000	212	423 » 424	
424	86,996,000	212	424 » 425	
425	87,360,000	213	425 » 426	
426	87,724,000	213	426 » 427	
427	88,095,000	214	427 » 428	
428	88,466,000	214	428 » 429	
429	88,837,000	215	429 » 430	
430	89,208,000	215	430 » 431	
431	89,579,000	216	431 » 432	
432	89,950,000	216	432 » 433	
433	90,321,000	217	433 » 434	
434	90,692,000	217	434 » 435	
435	91,063,000	218	435 » 436	
436	91,434,000	218	436 » 437	
437	91,812,000	219	437 » 438	
438	92,190,000	219	438 » 439	
439	92,568,000	220	439 » 440	
440	92,946,000	220	440 » 441	
441	93,324,000	221	441 » 442	
442	93,702,000	221	442 » 443	
443	94,080,000	222	443 » 444	
444	94,458,000	222	444 » 445	
445	94,836,000	223	445 » 446	
446	95,214,000	223	446 » 447	
447	95,592,000	224	447 » 448	
448	95,977,000	224	448 » 449	
449	96,362,000	225	449 » 450	
450	96,747,000	225	450 » 451	
451	97,132,000	226	451 » 452	
452	97,517,000	226	452 » 453	
453	97,902,000	227	453 » 454	7,800
454	98,287,000	227	454 » 455	
455	98,672,000	228	455 » 456	
456	99,057,000	228	456 » 457	
457	99,442,000	229	457 » 458	
458	99,834,000	229	458 » 459	
459	100,226,000	230	459 » 460	
460	100,618,000	230	460 » 461	
461	101,010,000	231	461 » 462	
462	101,402,000	231	462 » 463	
463	101,794,000	232	463 » 464	
464	102,186,000	232	464 » 465	
465	102,578,000	233	465 » 466	
466	102,970,000	233	466 » 467	
467	103,362,000	234	467 » 468	
468	103,761,000	234	468 » 469	
469	104,160,000	235	469 » 470	
470	104,559,000	235	470 » 471	
471	104,958,000	236	471 » 472	
472	105,357,000	236	472 » 473	
473	105,756,000	237	473 » 474	
474	106,155,000	237	474 » 475	
475	106,554,000	238	475 » 476	
476	106,953,000	238	476 » 477	
477	107,352,000	239	477 » 478	
478	107,751,000	239	478 » 479	
479	108,157,000	240	479 » 480	
480	108,563,000	240	480 » 481	
481	108,969,000	241	481 » 482	
482	109,375,000	241	482 » 483	
483	109,781,000	242	483 » 484	
484	110,187,000	242	484 » 485	
485	110,593,000	243	485 » 486	
486	110,999,000	243	486 » 487	
487	111,405,000	244	487 » 488	
488	111,811,000	244	488 » 489	
489	112,224,000	245	489 » 490	
490	112,637,000	245	490 » 491	
491	113,050,000	246	491 » 492	
492	113,463,000	246	492 » 493	
493	113,876,000	247	493 » 494	
494	114,289,000	247	494 » 495	
495	114,702,000	248	495 » 496	
496	115,115,000	248	496 » 497	
497	115,528,000	249	497 » 498	
498	115,941,000	249	498 » 499	
499	116,354,000	250	499 » 500	
500	116,774,000	250	500 » 501	
501	117,194,000	251	501 » 502	
502	117,614,000	251	502 » 503	
503	118,034,000	252	503 » 504	
504	118,454,000	252	504 » 505	
505	118,874,000	253	505 » 506	
506	119,294,000	253	506 » 507	
507	119,714,000	254	507 » 508	
508	120,134,000	254	508 » 509	
509	120,554,000	255	509 » 510	
510	120,974,000	255	510 » 511	
511	121,401,000	256	511 » 512	
512	121,828,000	256	512 » 513	
513	122,255,000	257	513 » 514	
514	122,682,000	257	514 » 515	
515	123,109,000	258	515 » 516	
516	123,536,000	258	516 » 517	
517	123,963,000	259	517 » 518	
518	124,390,000	259	518 » 519	
519	124,817,000	260	519 » 520	
520	125,244,000	260	520 » 521	
521	125,678,000	261	521 » 522	
522	126,112,000	261	522 » 523	
523	126,546,000	262	523 » 524	
524	126,980,000	262	524 » 525	
525	127,414,000	263	525 » 526	
526	127,848,000	263	526 » 527	
527	128,282,000	264	527 » 528	9,400
528	128,716,000	264	528 » 529	
529	129,150,000	265	529 » 530	
530	129,584,000	265	530 » 531	
531	130,018,000	266	531 » 532	
532	130,459,000	266	532 » 533	
533	130,900,000	267	533 » 534	
534	131,341,000	267	534 » 535	
535	131,782,000	268	535 » 536	
536	132,223,000	268	536 » 537	
537	132,664,000	269	537 » 538	
538	133,105,000	269	538 » 539	
539	133,546,000	270	539 » 540	
540	133,987,000	270	540 » 541	
541	134,428,000	271	541 » 542	
542	134,868,992	271	542 » 543	
543	135,316,992	272	543 » 544	
544	135,764,992	272	544 » 545	
545	136,212,992	273	545 » 546	
546	136,660,992	273	546 » 547	
547	137,108,992	274	547 » 548	
548	137,556,992	274	548 » 549	
549	138,004,992	275	549 » 550	
550	138,452,992	275	550 » 551	
551	138,900,992	276	551 » 552	
552	139,348,992	276	552 » 553	
553	139,804,000	277	553 » 554	
554	140,259,008	277	554 » 555	
555	140,714,000	278	555 » 556	
556	141,168,992	278	556 » 557	
557	141,624,000	279	557 » 558	
558	142,079,008	279	558 » 559	
559	142,534,000	280	559 » 560	
560	142,988,992	280	560 » 561	
561	143,444,000	281	561 » 562	
562	143,899,008	281	562 » 563	
563	144,354,000	282	563 » 564	
564	144,816,000	282	564 » 565	
565	145,278,000	283	565 » 566	
566	145,740,000	283	566 » 567	
567	146,202,000	284	567 » 568	
568	146,664,000	284	568 » 569	
569	147,126,000	285	569 » 570	
570	147,588,000	285	570 » 571	
571	148,050,000	286	571 » 572	
572	148,512,000	286	572 » 573	
573	148,974,000	287	573 » 574	
574	149,436,000	287	574 » 575	
575	149,904,992	288	575 » 576	
576	150,374,000	288	576 » 577	
577	150,843,008	289	577 » 578	
578	151,312,000	289	578 » 579	
579	151,780,992	290	579 » 580	
580	152,250,000	290	580 » 581	
581	152,719,008	291	581 » 582	
582	153,188,000	291	582 » 583	
583	153,656,992	292	583 » 584	
584	154,126,000	292	584 » 585	
585	154,595,008	293	585 » 586	
586	155,071,008	293	586 » 587	
587	155,547,008	294	587 » 588	
588	156,023,008	294	588 » 589	
589	156,499,008	295	589 » 590	
590	156,975,008	295	590 » 591	
591	157,451,008	296	591 » 592	
592	157,927,008	296	592 » 593	
593	158,403,008	297	593 » 594	
594	158,879,008	297	594 » 595	
595	159,355,008	298	595 » 596	
596	159,831,008	298	596 » 597	
597	160,314,000	299	597 » 598	
598	160,796,992	299	598 » 599	
599	161,280,000	300	599 » 600	
600	161,763,008	300	600 » 601	
601	162,246,000	301	601 » 602	
602	162,728,992	301	602 » 603	
603	163,212,000	302	603 » 604	
604	163,695,008	302	604 » 605	
605	164,178,000	303	605 » 606	
606	164,660,992	303	606 » 607	
607	165,144,000	304	607 » 608	
608	165,634,000	304	608 » 609	
609	166,124,000	305	609 » 610	
610	166,614,000	305	610 » 611	
611	167,104,000	306	611 » 612	
612	167,594,000	306	612 » 613	
613	168,084,000	307	613 » 614	
614	168,574,000	307	614 » 615	
615	169,064,000	308	615 » 616	
616	169,554,000	308	616 » 617	
617	170,044,000	309	617 » 618	
618	170,534,000	309	618 » 619	
619	171,031,008	310	619 » 620	
620	171,528,000	310	620 » 621	
621	172,024,992	311	621 » 622	
622	172,522,000	311	622 » 623	
623	173,019,008	312	623 » 624	
624	173,516,000	312	624 » 625	
625	174,012,992	313	625 » 626	
626	174,510,000	313	626 » 627	
627	175,007,008	314	627 » 628	
628	175,504,000	314	628 » 629	
629	176,000,992	315	629 » 630	
630	176,504,992	315	630 » 631	
631	177,008,992	316	631 » 632	
632	177,512,992	316	632 » 633	
633	178,016,992	317	633 » 634	
634	178,520,992	317	634 » 635	
635	179,024,992	318	635 » 636	
636	179,528,992	318	636 » 637	
637	180,032,992	319	637 » 638	
638	180,536,992	319	638 » 639	
639	181,040,992	320	639 » 640	
640	181,544,992	320	640 » 641	
641	182,056,000	321	641 » 642	
642	182,567,008	321	642 » 643	
643	183,078,000	322	643 » 644	
644	183,588,992	322	644 » 645	
645	184,100,000	323	645 » 646	
646	184,611,008	323	646 » 647	
647	185,122,000	324	647 » 648	
648	185,632,992	324	648 » 649	
649	186,144,000	325	649 » 650	
650	186,655,008	325	650 » 651	
651	187,166,000	326	651 » 652	
652	187,684,000	326	652 » 653	
653	188,202,000	327	653 » 654	
654	188,720,000	327	654 » 655	
655	189,238,000	328	655 » 656	
656	189,756,000	328	656 » 657	
657	190,274,000	329	657 » 658	
658	190,792,000	329	658 » 659	
659	191,310,000	330	659 » 660	
660	191,828,000	330	660 » 661	
661	192,346,000	331	661 » 662	
662	192,864,000	331	662 » 663	
663	193,388,992	332	663 » 664	
664	193,914,000	332	664 » 665	
665	194,439,008	333	665 » 666	
666	194,964,000	333	666 » 667	
667	195,488,992	334	667 » 668	
668	196,014,000	334	668 » 669	
669	196,539,008	335	669 » 670	
670	197,064,000	335	670 » 671	
671	197,588,992	336	671 » 672	
672	198,114,000	336	672 » 673	
673	198,639,008	337	673 » 674	
674	199,164,000	337	674 » 675	
675	199,696,000	338	675 » 676	
676	200,228,000	338	676 » 677	
677	200,760,000	339	677 » 678	
678	201,292,000	339	678 » 679	
679	201,824,000	340	679 » 680	
680	202,356,000	340	680 » 681	
681	202,888,000	341	681 » 682	
682	203,420,000	341	682 » 683	
683	203,952,000	342	683 » 684	
684	204,484,000	342	684 » 685	
685	205,016,000	343	685 » 686	
686	205,555,008	343	686 » 687	
687	206,094,000	344	687 » 688	
688	206,632,992	344	688 » 689	
689	207,172,000	345	689 » 690	
690	207,711,008	345	690 » 691	
691	208,250,000	346	691 » 692	
692	208,788,992	346	692 » 693	
693	209,328,000	347	693 » 694	
694	209,867,008	347	694 » 695	
695	210,406,000	348	695 » 696	
696	210,944,992	348	696 » 697	
697	211,491,008	349	697 » 698	
698	212,036,992	349	698 » 699	
699	212,583,008	350	699 » 700	
700	213,128,992	350	700 » 701	
701	213,675,008	351	701 » 702	
702	214,220,992	351	702 » 703	
703	214,767,008	352	703 » 704	
704	215,312,992	352	704 » 705	
705	215,859,008	353	705 » 706	
706	216,404,992	353	706 » 707	
707	216,951,008	354	707 » 708	
708	217,504,000	354	708 » 709	
709	218,056,992	355	709 » 710	
710	218,610,000	355	710 » 711	
711	219,163,008	356	711 » 712	
712	219,716,000	356	712 » 713	
713	220,268,992	357	713 » 714	
714	220,822,000	357	714 » 715	
715	221,375,008	358	715 » 716	
716	221,928,000	358	716 » 717	
717	222,480,992	359	717 » 718	
718	223,034,000	359	718 » 719	
719	223,587,008	360	719 » 720	
720	224,147,008	360	720 » 721	
721	224,707,008	361	721 » 722	
722	225,267,008	361	722 » 723	
723	225,827,008	362	723 » 724	
724	226,387,008	362	724 » 725	
725	226,947,008	363	725 » 726	
726	227,507,008	363	726 » 727	
727	228,067,008	364	727 » 728	
728	228,627,008	364	728 » 729	
729	229,187,008	365	729 » 730	
730	229,747,008	365	730 » 731	
731	230,314,000	366	731 » 732	
732	230,880,992	366	732 » 733	
733	231,448,000	367	733 » 734	
734	232,015,008	367	734 » 735	
735	232,582,000	368	735 » 736	
736	233,148,992	368	736 » 737	
737	233,716,000	369	737 » 738	
738	234,283,008	369	738 » 739	
739	234,850,000	370	739 » 740	
740	235,416,992	370	740 » 741	
741	235,984,000	371	741 » 742	
742	236,551,008	371	742 » 743	
743	237,124,992	372	743 » 744	
744	237,699,008	372	744 » 745	
745	238,272,992	373	745 » 746	
746	238,847,008	373	746 » 747	
747	239,420,992	374	747 » 748	
748	239,995,008	374	748 » 749	
749	240,568,992	375	749 » 750	
750	241,143,008	375	750 » 751	
751	241,716,992	376	751 » 752	
752	242,291,008	376	752 » 753	
753	242,864,992	377	753 » 754	
754	243,446,000	377	754 » 755	
755	244,027,008	378	755 » 756	
756	244,608,000	378	756 » 757	
757	245,188,992	379	757 » 758	
758	245,770,000	379	758 » 759	
759	246,351,008	380	759 » 760	
760	246,932,000	380	760 » 761	
761	247,512,992	381	761 » 762	
762	248,094,000	381	762 » 763	
763	248,675,008	382	763 » 764	
764	249,256,000	382	764 » 765	
765	249,836,992	383	765 » 766	
766	250,424,992	383	766 » 767	
767	251,012,992	384	767 » 768	
768	251,600,992	384	768 » 769	
769	252,188,992	385	769 » 770	
770	252,776,992	385	770 » 771	
771	253,364,992	386	771 » 772	
772	253,952,992	386	772 » 773	
773	254,540,992	387	773 » 774	
774	255,128,992	387	774 » 775	
775	255,716,992	388	775 » 776	
776	256,304,992	388	776 » 777	
777	256,900,000	389	777 » 778	
778	257,495,008	389	778 » 779	
779	258,090,000	390	779 » 780	
780	258,684,992	390	780 » 781	
781	259,280,000	391	781 » 782	
782	259,875,008	391	782 » 783	
783	260,470,000	392	783 » 784	
784	261,064,992	392	784 » 785	
785	261,660,000	393	785 » 786	
786	262,255,008	393	786 » 787	
787	262,850,000	394	787 » 788	
788	263,444,992	394	788 » 789	
789	264,047,008	395	789 » 790	
790	264,648,992	395	790 » 791	
791	265,251,008	396	791 » 792	
792	265,852,992	396	792 » 793	
793	266,455,008	397	793 » 794	
794	267,056,992	397	794 » 795	
795	267,659,008	398	795 » 796	
796	268,260,992	398	796 » 797	
797	268,863,008	399	797 » 798	
798	269,464,992	399	798 » 799	
799	270,067,008	400	799 » 800	
800	270,676,000	400	800 » 801	
801	271,284,992	401	801 » 802	
802	271,894,016	401	802 » 803	
803	272,503,008	402	803 » 804	
804	273,112,000	402	804 » 805	
805	273,720,992	403	805 » 806	
806	274,329,984	403	806 » 807	
807	274,939,008	404	807 » 808	
808	275,548,000	404	808 » 809	
809	276,156,992	405	809 » 810	
810	276,766,016	405	810 » 811	
811	277,375,008	406	811 » 812	
812	277,991,008	406	812 » 813	
813	278,607,008	407	813 » 814	
814	279,223,008	407	814 » 815	
815	279,839,008	408	815 » 816	
816	280,455,008	408	816 » 817	
817	281,071,008	409	817 » 818	
818	281,687,008	409	818 » 819	
819	282,303,008	410	819 » 820	
820	282,919,008	410	820 » 821	
821	283,535,008	411	821 » 822	
822	284,151,008	411	822 » 823	
823	284,767,008	412	823 » 824	
824	285,390,016	412	824 » 825	
825	286,012,992	413	825 » 826	
826	286,636,000	413	826 » 827	
827	287,259,008	414	827 » 828	
828	287,881,984	414	828 » 829	
829	288,504,992	415	829 » 830	
830	289,128,000	415	830 » 831	
831	289,751,008	416	831 » 832	
832	290,374,016	416	832 » 833	
833	290,996,992	417	833 » 834	
834	291,620,000	417	834 » 835	
835	292,249,984	418	835 » 836	
836	292,880,000	418	836 » 837	
837	293,510,016	419	837 » 838	
838	294,140,000	419	838 » 839	
839	294,769,984	420	839 » 840	
840	295,400,000	420	840 » 841	
841	296,030,016	421	841 » 842	
842	296,660,000	421	842 » 843	
843	297,289,984	422	843 » 844	
844	297,920,000	422	844 » 845	
845	298,550,016	423	845 » 846	
846	299,180,000	423	846 » 847	
847	299,816,992	424	847 » 848	
848	300,454,016	424	848 » 849	
849	301,091,008	425	849 » 850	
850	301,728,000	425	850 » 851	
851	302,364,992	426	851 » 852	
852	303,001,984	426	852 » 853	
853	303,639,008	427	853 » 854	
854	304,276,000	427	854 » 855	
855	304,912,992	428	855 » 856	
856	305,550,016	428	856 » 857	
857	306,187,008	429	857 » 858	
858	306,824,000	429	858 » 859	
859	307,468,000	430	859 » 860	
860	308,112,000	430	860 » 861	
861	308,756,000	431	861 » 862	
862	309,400,000	431	862 » 863	
863	310,044,000	432	863 » 864	
864	310,688,000	432	864 » 865	
865	311,332,000	433	865 » 866	
866	311,976,000	433	866 » 867	
867	312,620,000	434	867 » 868	
868	313,264,000	434	868 » 869	
869	313,908,000	435	869 » 870	
870	314,552,000	435	870 » 871	
871	315,203,008	436	871 » 872	
872	315,854,016	436	872 » 873	
873	316,504,992	437	873 » 874	
874	317,156,000	437	874 » 875	
875	317,807,008	438	875 » 876	
876	318,457,984	438	876 » 877	
877	319,108,992	439	877 » 878	
878	319,760,000	439	878 » 879	
879	320,411,008	440	879 » 880	
880	321,062,016	440	880 » 881	
881	321,712,992	441	881 » 882	
882	322,364,000	441	882 » 883	
883	323,022,016	442	883 » 884	
884	323,680,000	442	884 » 885	
885	324,337,984	443	885 » 886	
886	324,996,000	443	886 » 887	
887	325,654,016	444	887 » 888	
888	326,312,000	444	888 » 889	
889	326,969,984	445	889 » 890	
890	327,628,000	445	890 » 891	
891	328,286,016	446	891 » 892	
892	328,944,000	446	892 » 893	
893	329,601,984	447	893 » 894	
894	330,267,008	447	894 » 895	
895	330,932,000	448	895 » 896	
896	331,596,992	448	896 » 897	
897	332,262,016	449	897 » 898	
898	332,927,008	449	898 » 899	
899	333,592,000	450	899 » 900	
900	334,256,992	450	900 » 901	
901	334,921,984	451	901 » 902	
902	335,587,008	451	902 » 903	
903	336,252,000	452	903 » 904	
904	336,916,992	452	904 » 905	
905	337,582,016	453	905 » 906	
906	338,254,016	453	906 » 907	
907	338,926,016	454	907 » 908	
908	339,598,016	454	908 » 909	
909	340,270,016	455	909 » 910	
910	340,942,016	455	910 » 911	
911	341,614,016	456	911 » 912	
912	342,286,016	456	912 » 913	
913	342,958,016	457	913 » 914	
914	343,630,016	457	914 » 915	
915	344,302,016	458	915 » 916	
916	344,974,016	458	916 » 917	
917	345,646,016	459	917 » 918	
918	346,324,992	459	918 » 919	
919	347,004,000	460	919 » 920	
920	347,683,008	460	920 » 921	
921	348,361,984	461	921 » 922	
922	349,040,992	461	922 » 923	
923	349,720,000	462	923 » 924	
924	350,399,008	462	924 » 925	
925	351,078,016	463	925 » 926	
926	351,756,992	463	926 » 927	
927	352,436,000	464	927 » 928	
928	353,115,008	464	928 » 929	
929	353,793,984	465	929 » 930	
930	354,480,000	465	930 » 931	
931	355,166,016	466	931 » 932	
932	355,852,000	466	932 » 933	
933	356,537,984	467	933 » 934	
934	357,224,000	467	934 » 935	
935	357,910,016	468	935 » 936	
936	358,596,000	468	936 » 937	
937	359,281,984	469	937 » 938	
938	359,968,000	469	938 » 939	
939	360,654,016	470	939 » 940	
940	361,340,000	470	940 » 941	
941	362,025,984	471	941 » 942	
942	362,719,008	471	942 » 943	
943	363,412,000	472	943 » 944	
944	364,104,992	472	944 » 945	
945	364,798,016	473	945 » 946	
946	365,491,008	473	946 » 947	
947	366,184,000	474	947 » 948	
948	366,876,992	474	948 » 949	
949	367,569,984	475	949 » 950	
950	368,263,008	475	950 » 951	
951	368,956,000	476	951 » 952	
952	369,648,992	476	952 » 953	
953	370,342,016	477	953 » 954	
954	371,041,984	477	954 » 955	
955	371,742,016	478	955 » 956	
956	372,441,984	478	956 » 957	
957	373,142,016	479	957 » 958	
958	373,841,984	479	958 » 959	
959	374,542,016	480	959 » 960	
960	375,241,984	480	960 » 961	
961	375,942,016	481	961 » 962	
962	376,641,984	481	962 » 963	
963	377,342,016	482	963 » 964	
964	378,041,984	482	964 » 965	
965	378,742,016	483	965 » 966	
966	379,448,992	483	966 » 967	
967	380,156,000	484	967 » 968	
968	380,863,008	484	968 » 969	
969	381,569,984	485	969 » 970	
970	382,276,992	485	970 » 971	
971	382,984,000	486	971 » 972	
972	383,691,008	486	972 » 973	
973	384,398,016	487	973 » 974	
974	385,104,992	487	974 » 975	
975	385,812,000	488	975 » 976	
976	386,519,008	488	976 » 977	
977	387,225,984	489	977 » 978	
978	387,940,000	489	978 » 979	
979	388,654,016	490	979 » 980	
980	389,368,000	490	980 » 981	
981	390,081,984	491	981 » 982	
982	390,796,000	491	982 » 983	
983	391,510,016	492	983 » 984	
984	392,224,000	492	984 » 985	
985	392,937,984	493	985 » 986	
986	393,652,000	493	986 » 987	
987	394,366,016	494	987 » 988	
988	395,080,000	494	988 » 989	
989	395,793,984	495	989 » 990	
990	396,508,000	495	990 » 991	
991	397,228,992	496	991 » 992	
992	397,950,016	496	992 » 993	
993	398,671,008	497	993 » 994	
994	399,392,000	497	994 » 995	
995	400,112,992	498	995 » 996	
996	400,833,984	498	996 » 997	
997	401,555,008	499	997 » 998	
998	402,276,000	499	998 » 999	
999	402,996,992	500	999 » 1000	
1000	403,718,016	500	1000 » 1001	
1001	404,439,008	501	1001 » 1002	
1002	405,160,000	501	1002 » 1003	
1003	405,888,000	502	1003 » 1004	
1004	406,616,000	502	1004 » 1005	
1005	407,344,000	503	1005 » 1006	
1006	408,072,000	503	1006 » 1007	
1007	408,800,000	504	1007 » 1008	
1008	409,528,000	504	1008 » 1009	
1009	410,256,000	505	1009 » 1010	
1010	410,984,000	505	1010 » 1011	
1011	411,712,000	506	1011 » 1012	
1012	412,440,000	506	1012 » 1013	
1013	413,168,000	507	1013 » 1014	
1014	413,896,000	507	1014 » 1015	
1015	414,631,008	508	1015 » 1016	
1016	415,366,016	508	1016 » 1017	
1017	416,100,992	509	1017 » 1018	
1018	416,836,000	509	1018 » 1019	
1019	417,571,008	510	1019 » 1020	
1020	418,305,984	510	1020 » 1021	
1021	419,040,992	511	1021 » 1022	
1022	419,776,000	511	1022 » 1023	
1023	420,511,008	512	1023 » 1024	
1024	421,246,016	512	1024 » 1025	
1025	421,980,992	513	1025 » 1026	
1026	422,716,000	513	1026 » 1027	
1027	423,457,984	514	1027 » 1028	
1028	424,200,000	514	1028 » 1029	
1029	424,942,016	515	1029 » 1030	
1030	425,684,000	515	1030 » 1031	
1031	426,425,984	516	1031 » 1032	
1032	427,168,000	516	1032 » 1033	
1033	427,910,016	517	1033 » 1034	
1034	428,652,000	517	1034 » 1035	
1035	429,393,984	518	1035 » 1036	
1036	430,136,000	518	1036 » 1037	
1037	430,878,016	519	1037 » 1038	
1038	431,620,000	519	1038 » 1039	
1039	432,368,992	520	1039 » 1040	
1040	433,118,016	520	1040 » 1041	
1041	433,867,008	521	1041 » 1042	
1042	434,616,000	521	1042 » 1043	
1043	435,364,992	522	1043 » 1044	
1044	436,113,984	522	1044 » 1045	
1045	436,863,008	523	1045 » 1046	
1046	437,612,000	523	1046 » 1047	
1047	438,360,992	524	1047 » 1048	
1048	439,110,016	524	1048 » 1049	
1049	439,859,008	525	1049 » 1050	
1050	440,608,000	525	1050 » 1051	
1051	441,356,992	526	1051 » 1052	
1052	442,112,992	526	1052 » 1053	
1053	442,868,992	527	1053 » 1054	
1054	443,624,992	527	1054 » 1055	
1055	444,380,992	528	1055 » 1056	
1056	445,136,992	528	1056 » 1057	
1057	445,892,992	529	1057 » 1058	
1058	446,648,992	529	1058 » 1059	
1059	447,404,992	530	1059 » 1060	
1060	448,160,992	530	1060 » 1061	
1061	448,916,992	531	1061 » 1062	
1062	449,672,992	531	1062 » 1063	
1063	450,428,992	532	1063 » 1064	
1064	451,192,000	532	1064 » 1065	
1065	451,955,008	533	1065 » 1066	
1066	452,718,016	533	1066 » 1067	
1067	453,480,992	534	1067 » 1068	
1068	454,244,000	534	1068 » 1069	
1069	455,007,008	535	1069 » 1070	
1070	455,769,984	535	1070 » 1071	
1071	456,532,992	536	1071 » 1072	
1072	457,296,000	536	1072 » 1073	
1073	458,059,008	537	1073 » 1074	
1074	458,822,016	537	1074 » 1075	
1075	459,584,992	538	1075 » 1076	
1076	460,355,008	538	1076 » 1077	
1077	461,124,992	539	1077 » 1078	
1078	461,895,008	539	1078 » 1079	
1079	462,664,992	540	1079 » 1080	
1080	463,435,008	540	1080 » 1081	
1081	464,204,992	541	1081 » 1082	
1082	464,975,008	541	1082 » 1083	
1083	465,744,992	542	1083 » 1084	
1084	466,515,008	542	1084 » 1085	
1085	467,284,992	543	1085 » 1086	
1086	468,055,008	543	1086 » 1087	
1087	468,824,992	544	1087 » 1088	
1088	469,595,008	544	1088 » 1089	
1089	470,372,000	545	1089 » 1090	
1090	471,148,992	545	1090 » 1091	
1091	471,926,016	546	1091 » 1092	
1092	472,703,008	546	1092 » 1093	
1093	473,480,000	547	1093 » 1094	
1094	474,256,992	547	1094 » 1095	
1095	475,033,984	548	1095 » 1096	
1096	475,811,008	548	1096 » 1097	
1097	476,588,000	549	1097 » 1098	
1098	477,364,992	549	1098 » 1099	
1099	478,142,016	550	1099 » 1100	
1100	478,919,008	550	1100 » 1101	
1101	479,703,008	551	1101 » 1102	
1102	480,487,008	551	1102 » 1103	
1103	481,271,008	552	1103 » 1104	
1104	482,055,008	552	1104 » 1105	
1105	482,839,008	553	1105 » 1106	
1106	483,623,008	553	1106 » 1107	
1107	484,407,008	554	1107 » 1108	
1108	485,191,008	554	1108 » 1109	
1109	485,975,008	555	1109 » 1110	
1110	486,759,008	555	1110 » 1111	
1111	487,543,008	556	1111 » 1112	
1112	488,327,008	556	1112 » 1113	
1113	489,118,016	557	1113 » 1114	
1114	489,908,992	557	1114 » 1115	
1115	490,700,000	558	1115 » 1116	
1116	491,491,008	558	1116 » 1117	
1117	492,281,984	559	1117 » 1118	
1118	493,072,992	559	1118 » 1119	
1119	493,864,000	560	1119 » 1120	
1120	494,655,008	560	1120 » 1121	
1121	495,446,016	561	1121 » 1122	
1122	496,236,992	561	1122 » 1123	
1123	497,028,000	562	1123 » 1124	
1124	497,819,008	562	1124 » 1125	
1125	498,609,984	563	1125 » 1126	
1126	499,408,000	563	1126 » 1127	
1127	500,206,016	564	1127 » 1128	
1128	501,004,000	564	1128 » 1129	
1129	501,801,984	565	1129 » 1130	
1130	502,600,000	565	1130 » 1131	
1131	503,398,016	566	1131 » 1132	
1132	504,196,000	566	1132 » 1133	
1133	504,993,984	567	1133 » 1134	
1134	505,792,000	567	1134 » 1135	
1135	506,590,016	568	1135 » 1136	
1136	507,388,000	568	1136 » 1137	
1137	508,185,984	569	1137 » 1138	
1138	508,991,008	569	1138 » 1139	
1139	509,796,000	570	1139 » 1140	
1140	510,600,992	570	1140 » 1141	
1141	511,406,016	571	1141 » 1142	
1142	512,211,008	571	1142 » 1143	
1143	513,016,000	572	1143 » 1144	
1144	513,820,992	572	1144 » 1145	
1145	514,625,984	573	1145 » 1146	
1146	515,431,008	573	1146 » 1147	
1147	516,236,000	574	1147 » 1148	
1148	517,040,992	574	1148 » 1149	
1149	517,846,016	575	1149 » 1150	
1150	518,651,008	575	1150 » 1151	
1151	519,463,008	576	1151 » 1152	
1152	520,275,008	576	1152 » 1153	
1153	521,087,008	577	1153 » 1154	
1154	521,899,008	577	1154 » 1155	
1155	522,711,005	578	1155 » 1156	
1156	523,523,008	578	1156 » 1157	
1157	524,335,008	579	1157 » 1158	
1158	525,147,008	579	1158 » 1159	
1159	525,959,008	580	1159 » 1160	
1160	526,771,008	580	1160 » 1161	
1161	527,583,008	581	1161 » 1162	24,100
1162	528,395,008	581	1162 » 1163	
1163	529,214,016	582	1163 » 1164	
1164	530,032,992	582	1164 » 1165	
1165	530,852,000	583	1165 » 1166	
1166	531,671,008	583	1166 » 1167	
1167	532,489,984	584	1167 » 1168	
1168	533,308,992	584	1168 » 1169	
1169	534,128,000	585	1169 » 1170	
1170	534,947,008	585	1170 » 1171	
1171	535,766,016	586	1171 » 1172	
1172	536,584,992	586	1172 » 1173	
1173	537,404,032	587	1173 » 1174	
1174	538,222,976	587	1174 » 1175	
1175	539,041,984	588	1175 » 1176	
1176	539,868,032	588	1176 » 1177	
1177	540,694,016	589	1177 » 1178	
1178	541,520,000	589	1178 » 1179	
1179	542,345,984	590	1179 » 1180	
1180	543,171,968	590	1180 » 1181	
1181	543,998,016	591	1181 » 1182	
1182	544,824,000	591	1182 » 1183	
1183	545,649,984	592	1183 » 1184	
1184	546,476,032	592	1184 » 1185	
1185	547,302,016	593	1185 » 1186	
1186	548,128,000	593	1186 » 1187	
1187	548,953,984	594	1187 » 1188	
1188	549,787,008	594	1188 » 1189	
1189	550,620,032	595	1189 » 1190	
1190	551,452,992	595	1190 » 1191	
1191	552,286,016	596	1191 » 1192	
1192	553,118,976	596	1192 » 1193	
1193	553,952,000	597	1193 » 1194	
1194	554,785,024	597	1194 » 1195	
1195	555,617,984	598	1195 » 1196	
1196	556,451,008	598	1196 » 1197	
1197	557,283,968	599	1197 » 1198	
1198	558,116,992	599	1198 » 1199	
1199	558,950,016	600	1199 » 1200	
1200	559,782,976	600	1200 » 1201	
1201	560,622,976	601	1201 » 1202	
1202	561,462,976	601	1202 » 1203	
1203	562,302,976	602	1203 » 1204	
1204	563,142,976	602	1204 » 1205	
1205	563,982,976	603	1205 » 1206	
1206	564,822,976	603	1206 » 1207	
1207	565,662,976	604	1207 » 1208	
1208	566,502,976	604	1208 » 1209	
1209	567,342,976	605	1209 » 1210	
1210	568,182,976	605	1210 » 1211	
1211	569,022,976	606	1211 » 1212	
1212	569,862,976	606	1212 » 1213	
1213	570,702,976	607	1213 » 1214	
1214	571,550,016	607	1214 » 1215	
1215	572,396,992	608	1215 » 1216	
1216	573,244,032	608	1216 » 1217	
1217	574,091,008	609	1217 » 1218	
1218	574,937,984	609	1218 » 1219	
1219	575,785,024	610	1219 » 1220	
1220	576,632,000	610	1220 » 1221	
1221	577,478,976	611	1221 » 1222	
1222	578,326,016	611	1222 » 1223	
1223	579,172,992	612	1223 » 1224	
1224	580,019,968	612	1224 » 1225	
1225	580,867,008	613	1225 » 1226	
1226	581,721,024	613	1226 » 1227	
1227	582,574,976	614	1227 » 1228	
1228	583,428,992	614	1228 » 1229	
1229	584,283,008	615	1229 » 1230	
1230	585,137,024	615	1230 » 1231	
1231	585,990,976	616	1231 » 1232	
1232	586,844,992	616	1232 » 1233	
1233	587,699,008	617	1233 » 1234	
1234	588,553,024	617	1234 » 1235	
1235	589,406,976	618	1235 » 1236	
1236	590,260,992	618	1236 » 1237	
1237	591,115,008	619	1237 » 1238	
1238	591,969,024	619	1238 » 1239	
1239	592,830,016	620	1239 » 1240	
1240	593,691,008	620	1240 » 1241	
1241	594,552,000	621	1241 » 1242	
1242	595,412,992	621	1242 » 1243	
1243	596,273,984	622	1243 » 1244	
1244	597,134,976	622	1244 » 1245	
1245	597,996,032	623	1245 » 1246	
1246	598,857,024	623	1246 » 1247	
1247	599,718,016	624	1247 » 1248	
1248	600,579,008	624	1248 » 1249	
1249	601,440,000	625	1249 » 1250	
1250	602,300,992	625	1250 » 1251	
1251	603,161,984	626	1251 » 1252	
1252	604,030,016	626	1252 » 1253	
1253	604,897,984	627	1253 » 1254	
1254	605,766,016	627	1254 » 1255	
1255	606,633,984	628	1255 » 1256	
1256	607,502,016	628	1256 » 1257	
1257	608,369,984	629	1257 » 1258	
1258	609,238,016	629	1258 » 1259	
1259	610,105,984	630	1259 » 1260	
1260	610,974,016	630	1260 » 1261	
1261	611,841,984	631	1261 » 1262	
1262	612,710,016	631	1262 » 1263	
1263	613,577,984	632	1263 » 1264	
1264	614,452,992	632	1264 » 1265	
1265	615,328,000	633	1265 » 1266	
1266	616,203,008	633	1266 » 1267	
1267	617,078,016	634	1267 » 1268	
1268	617,953,024	634	1268 » 1269	
1269	618,828,032	635	1269 » 1270	
1270	619,702,976	635	1270 » 1271	
1271	620,577,984	636	1271 » 1272	
1272	621,452,992	636	1272 » 1273	
1273	622,328,000	637	1273 » 1274	
1274	623,203,008	637	1274 » 1275	
1275	624,078,016	638	1275 » 1276	
1276	624,953,024	638	1276 » 1277	
1277	625,835,008	639	1277 » 1278	
1278	626,716,992	639	1278 » 1279	
1279	627,598,976	640	1279 » 1280	
1280	628,481,024	640	1280 » 1281	
1281	629,363,008	641	1281 » 1282	
1282	630,244,992	641	1282 » 1283	
1283	631,126,976	642	1283 » 1284	
1284	632,009,024	642	1284 » 1285	
1285	632,891,008	643	1285 » 1286	
1286	633,772,992	643	1286 » 1287	
1287	634,654,976	644	1287 » 1288	
1288	635,537,024	644	1288 » 1289	
1289	636,419,008	645	1289 » 1290	
1290	637,308,032	645	1290 » 1291	
1291	638,196,992	646	1291 » 1292	
1292	639,086,016	646	1292 » 1293	
1293	639,974,976	647	1293 » 1294	
1294	640,864,000	647	1294 » 1295	
1295	641,753,024	648	1295 » 1296	
1296	642,641,986	648	1296 » 1297	
1297	643,531,008	649	1297 » 1298	
1298	644,419,968	649	1298 » 1299	
1299	645,308,992	650	1299 » 1300	
1300	646,198,016	650	1300 » 1301	
1301	647,086,976	651	1301 » 1302	
1302	647,976,000	651	1302 » 1303	
1303	648,872,000	652	1303 » 1304	
1304	649,768,000	652	1304 » 1305	
1305	650,664,000	653	1305 » 1306	
1306	651,560,000	653	1306 » 1307	
1307	652,456,000	654	1307 » 1308	
1308	653,352,000	654	1308 » 1309	
1309	654,248,000	655	1309 » 1310	
1310	655,144,000	655	1310 » 1311	
1311	656,040,000	656	1311 » 1312	
1312	656,936,000	656	1312 » 1313	
1313	657,832,000	657	1313 » 1314	
1314	658,728,000	657	1314 » 1315	
1315	659,630,976	658	1315 » 1316	
1316	660,534,016	658	1316 » 1317	
1317	661,436,992	659	1317 » 1318	
1318	662,339,968	659	1318 » 1319	
1319	663,243,008	660	1319 » 1320	
1320	664,145,984	660	1320 » 1321	
1321	665,049,024	661	1321 » 1322	
1322	665,952,000	661	1322 » 1323	
1323	666,854,976	662	1323 » 1324	
1324	667,758,016	662	1324 » 1325	
1325	668,660,992	663	1325 » 1326	
1326	669,564,032	663	1326 » 1327	
1327	670,467,008	664	1327 » 1328	
1328	671,377,024	664	1328 » 1329	
1329	672,286,976	665	1329 » 1330	
1330	673,196,992	665	1330 » 1331	
1331	674,107,008	666	1331 » 1332	
1332	675,017,024	666	1332 » 1333	
1333	675,926,976	667	1333 » 1334	
1334	676,836,992	667	1334 » 1335	
1335	677,747,008	668	1335 » 1336	
1336	678,657,024	668	1336 » 1337	
1337	679,566,976	669	1337 » 1338	
1338	680,476,992	669	1338 » 1339	
1339	681,387,008	670	1339 » 1340	
1340	682,297,024	670	1340 » 1341	
1341	683,214,016	671	1341 » 1342	
1342	684,131,008	671	1342 » 1343	
1343	685,048,000	672	1343 » 1344	
1344	685,964,992	672	1344 » 1345	
1345	686,881,984	673	1345 » 1346	
1346	687,798,976	673	1346 » 1347	
1347	688,716,032	674	1347 » 1348	
1348	689,633,024	674	1348 » 1349	
1349	690,550,016	675	1349 » 1350	
1350	691,467,008	675	1350 » 1351	
1351	692,384,000	676	1351 » 1352	
1352	693,300,992	676	1352 » 1353	
1353	694,217,984	677	1353 » 1354	
1354	695,142,016	677	1354 » 1355	
1355	696,065,984	678	1355 » 1356	
1356	696,990,016	678	1356 » 1357	
1357	697,913,984	679	1357 » 1358	
1358	698,838,016	679	1358 » 1359	
1359	699,761,984	680	1359 » 1360	
1360	700,686,016	680	1360 » 1361	
1361	701,609,984	681	1361 » 1362	
1362	702,534,016	681	1362 » 1363	
1363	703,457,984	682	1363 » 1364	
1364	704,382,016	682	1364 » 1365	
1365	705,305,984	683	1365 » 1366	
1366	706,230,016	683	1366 » 1367	
1367	707,161,024	684	1367 » 1368	
1368	708,092,032	684	1368 » 1369	
1369	709,022,976	685	1369 » 1370	
1370	709,953,984	685	1370 » 1371	
1371	710,884,992	686	1371 » 1372	
1372	711,816,000	686	1372 » 1373	
1373	712,747,008	687	1373 » 1374	
1374	713,678,016	687	1374 » 1375	
1375	714,609,024	688	1375 » 1376	
1376	715,539,968	688	1376 » 1377	
1377	716,470,976	689	1377 » 1378	
1378	717,401,984	689	1378 » 1379	
1379	718,332,992	690	1379 » 1380	
1380	719,270,976	690	1380 » 1381	
1381	720,209,024	691	1381 » 1382	
1382	721,147,008	691	1382 » 1383	
1383	722,084,992	692	1383 » 1384	
1384	723,022,976	692	1384 » 1385	
1385	723,961,024	693	1385 » 1386	
1386	724,899,008	693	1386 » 1387	
1387	725,836,992	694	1387 » 1388	
1388	726,774,976	694	1388 » 1389	
1389	727,713,024	695	1389 » 1390	
1390	728,651,008	695	1390 » 1391	
1391	729,588,992	696	1391 » 1392	
1392	730,526,976	696	1392 » 1393	
1393	731,472,000	697	1393 » 1394	
1394	732,417,024	697	1394 » 1395	
1395	733,361,984	698	1395 » 1396	
1396	734,307,008	698	1396 » 1397	
1397	735,251,968	699	1397 » 1398	
1398	736,196,992	699	1398 » 1399	
1399	737,142,016	700	1399 » 1400	
1400	738,086,976	700	1400 » 1401	
1401	739,032,000	701	1401 » 1402	
1402	739,977,024	701	1402 » 1403	
1403	740,921,984	702	1403 » 1404	
1404	741,867,008	702	1404 » 1405	
1405	742,812,032	703	1405 » 1406	
1406	743,763,968	703	1406 » 1407	
1407	744,716,032	704	1407 » 1408	
1408	745,667,968	704	1408 » 1409	
1409	746,620,032	705	1409 » 1410	
1410	747,571,968	705	1410 » 1411	
1411	748,524,032	706	1411 » 1412	
1412	749,475,968	706	1412 » 1413	
1413	750,428,032	707	1413 » 1414	
1414	751,379,968	707	1414 » 1415	
1415	752,332,032	708	1415 » 1416	
1416	753,283,968	708	1416 » 1417	
1417	754,236,032	709	1417 » 1418	
1418	755,187,968	709	1418 » 1419	
1419	756,147,008	710	1419 » 1420	
1420	757,105,984	710	1420 » 1421	
1421	758,065,024	711	1421 » 1422	
1422	759,024,000	711	1422 » 1423	
1423	759,982,976	712	1423 » 1424	
1424	760,942,016	712	1424 » 1425	
1425	761,900,992	713	1425 » 1426	
1426	762,860,032	713	1426 » 1427	
1427	763,819,008	714	1427 » 1428	
1428	764,777,984	714	1428 » 1429	
1429	765,737,024	715	1429 » 1430	
1430	766,696,000	715	1430 » 1431	
1431	767,654,976	716	1431 » 1432	
1432	768,620,992	716	1432 » 1433	
1433	769,587,008	717	1433 » 1434	
1434	770,553,024	717	1434 » 1435	
1435	771,518,976	718	1435 » 1436	
1436	772,484,992	718	1436 » 1437	
1437	773,451,008	719	1437 » 1438	
1438	774,417,024	719	1438 » 1439	
1439	775,382,976	720	1439 » 1440	
1440	776,348,992	720	1440 » 1441	
1441	777,315,008	721	1441 » 1442	
1442	778,281,024	721	1442 » 1443	
1443	779,246,976	722	1443 » 1444	
1444	780,212,992	722	1444 » 1445	
1445	781,185,984	723	1445 » 1446	
1446	782,158,976	723	1446 » 1447	
1447	783,132,032	724	1447 » 1448	
1448	784,105,024	724	1448 » 1449	
1449	785,078,016	725	1449 » 1450	
1450	786,051,008	725	1450 » 1451	
1451	787,024,000	726	1451 » 1452	
1452	787,996,992	726	1452 » 1453	
1453	788,969,984	727	1453 » 1454	
1454	789,942,976	727	1454 » 1455	
1455	790,915,968	728	1455 » 1456	
1456	791,889,024	728	1456 » 1457	
1457	792,862,016	729	1457 » 1458	
1458	793,841,984	729	1458 » 1459	
1459	794,822,016	730	1459 » 1460	
1460	795,801,984	730	1460 » 1461	
1461	796,782,016	731	1461 » 1462	
1462	797,761,984	731	1462 » 1463	
1463	798,742,016	732	1463 » 1464	
1464	799,721,984	732	1464 » 1465	
1465	800,702,016	733	1465 » 1466	
1466	801,681,984	733	1466 » 1467	
1467	802,662,016	734	1467 » 1468	
1468	803,641,984	734	1468 » 1469	
1469	804,622,016	735	1469 » 1470	
1470	805,601,984	735	1470 » 1471	
1471	806,588,992	736	1471 » 1472	
1472	807,576,000	736	1472 » 1473	
1473	808,563,008	737	1473 » 1474	
1474	809,550,016	737	1474 » 1475	
1475	810,537,024	738	1475 » 1476	
1476	811,523,968	738	1476 » 1477	
1477	812,510,976	739	1477 » 1478	
1478	813,497,984	739	1478 » 1479	
1479	814,484,992	740	1479 » 1480	
1480	815,472,000	740	1480 » 1481	
1481	816,459,008	741	1481 » 1482	
1482	817,446,016	741	1482 » 1483	
1483	818,433,024	742	1483 » 1484	
1484	819,420,032	742	1484 » 1485	
1485	820,414,016	743	1485 » 1486	
1486	821,408,000	743	1486 » 1487	
1487	822,401,984	744	1487 » 1488	
1488	823,395,968	744	1488 » 1489	
1489	824,390,016	745	1489 » 1490	
1490	825,384,000	745	1490 » 1491	
1491	826,377,984	746	1491 » 1492	
1492	827,372,032	746	1492 » 1493	
1493	828,366,016	747	1493 » 1494	
1494	829,360,000	747	1494 » 1495	
1495	830,353,984	748	1495 » 1496	
1496	831,347,968	748	1496 » 1497	
1497	832,342,016	749	1497 » 1498	
1498	833,342,976	749	1498 » 1499	
1499	834,344,000	750	1499 » 1500	
1500	835,345,024	750	1500 » 1501	
1501	836,345,984	751	1501 » 1502	
1502	837,347,008	751	1502 » 1503	
1503	838,348,032	752	1503 » 1504	
1504	839,348,992	752	1504 » 1505	
1505	840,350,016	753	1505 » 1506	
1506	841,350,976	753	1506 » 1507	
1507	842,352,000	754	1507 » 1508	
1508	843,353,024	754	1508 » 1509	
1509	844,353,984	755	1509 » 1510	
1510	845,355,008	755	1510 » 1511	
1511	846,363,008	756	1511 » 1512	
1512	847,371,008	756	1512 » 1513	
1513	848,379,008	757	1513 » 1514	
1514	849,387,008	757	1514 » 1515	
1515	850,395,008	758	1515 » 1516	
1516	851,403,008	758	1516 » 1517	
1517	852,411,008	759	1517 » 1518	
1518	853,419,008	759	1518 » 1519	
1519	854,427,008	760	1519 » 1520	
1520	855,435,008	760	1520 » 1521	
1521	856,443,008	761	1521 » 1522	
1522	857,451,008	761	1522 » 1523	
1523	858,459,008	762	1523 » 1524	
1524	859,473,984	762	1524 » 1525	
1525	860,489,024	763	1525 » 1526	
1526	861,504,000	763	1526 » 1527	
1527	862,518,976	764	1527 » 1528	
1528	863,534,016	764	1528 » 1529	
1529	864,548,992	765	1529 » 1530	
1530	865,564,032	765	1530 » 1531	
1531	866,579,008	766	1531 » 1532	
1532	867,593,984	766	1532 » 1533	
1533	868,609,024	767	1533 » 1534	
1534	869,624,000	767	1534 » 1535	
1535	870,638,976	768	1535 » 1536	
1536	871,654,016	768	1536 » 1537	
1537	872,675,968	769	1537 » 1538	
1538	873,697,984	769	1538 » 1539	
1539	874,720,000	770	1539 » 1540	
1540	875,742,016	770	1540 » 1541	
1541	876,764,032	771	1541 » 1542	
1542	877,785,984	771	1542 » 1543	
1543	878,808,000	772	1543 » 1544	
1544	879,830,016	772	1544 » 1545	
1545	880,851,968	773	1545 » 1546	
1546	881,873,984	773	1546 » 1547	
1547	882,896,000	774	1547 » 1548	
1548	883,918,016	774	1548 » 1549	
1549	884,940,032	775	1549 » 1550	
1550	885,961,984	775	1550 » 1551	
1551	886,990,976	776	1551 » 1552	
1552	888,019,968	776	1552 » 1553	
1553	889,049,024	777	1553 » 1554	
1554	890,078,016	777	1554 » 1555	
1555	891,107,008	778	1555 » 1556	
1556	892,136,000	778	1556 » 1557	
1557	893,164,992	779	1557 » 1558	
1558	894,193,984	779	1558 » 1559	
1559	895,222,976	780	1559 » 1560	
1560	896,252,032	780	1560 » 1561	
1561	897,281,024	781	1561 » 1562	
1562	898,310,016	781	1562 » 1563	
1563	899,339,008	782	1563 » 1564	
1564	900,374,976	782	1564 » 1565	
1565	901,411,008	783	1565 » 1566	
1566	902,446,976	783	1566 » 1567	
1567	903,483,008	784	1567 » 1568	
1568	904,518,976	784	1568 » 1569	
1569	905,555,008	785	1569 » 1570	
1570	906,590,976	785	1570 » 1571	
1571	907,627,008	786	1571 » 1572	
1572	908,662,976	786	1572 » 1573	
1573	909,699,008	787	1573 » 1574	
1574	910,734,978	787	1574 » 1575	
1575	911,771,008	788	1575 » 1576	
1576	912,806,976	788	1576 » 1577	
1577	913,849,984	789	1577 » 1578	
1578	914,892,992	789	1578 » 1579	
1579	915,936,000	790	1579 » 1580	
1580	916,979,008	790	1580 » 1581	
1581	918,022,016	791	1581 » 1582	
1582	919,065,024	791	1582 » 1583	
1583	920,108,032	792	1583 » 1584	
1584	921,150,976	792	1584 » 1585	
1585	922,193,984	793	1585 » 1586	
1586	923,236,992	793	1586 » 1587	
1587	924,280,000	794	1587 » 1588	
1588	925,323,008	794	1588 » 1589	
1589	926,366,016	795	1589 » 1590	
1590	927,416,000	795	1590 » 1591	
1591	928,465,984	796	1591 » 1592	
1592	929,516,032	796	1592 » 1593	
1593	930,566,016	797	1593 » 1594	
1594	931,616,000	797	1594 » 1595	
1595	932,665,984	798	1595 » 1596	
1596	933,715,968	798	1596 » 1597	
1597	934,766,016	799	1597 » 1598	
1598	935,816,000	799	1598 » 1599	
1599	936,865,984	800	1599 » 1600	
1600	937,916,032	800	1600 » 1601	
1601	938,966,016	801	1601 » 1602	
1602	940,016,000	801	1602 » 1603	
1603	941,065,984	802	1603 » 1604	
1604	942,123,008	802	1604 » 1605	
1605	943,180,032	803	1605 » 1606	
1606	944,236,992	803	1606 » 1607	
1607	945,294,016	804	1607 » 1608	
1608	946,350,976	804	1608 » 1609	
1609	947,408,000	805	1609 » 1610	
1610	948,465,024	805	1610 » 1611	
1611	949,521,984	806	1611 » 1612	
1612	950,579,008	806	1612 » 1613	
1613	951,635,968	807	1613 » 1614	
1614	952,692,992	807	1614 » 1615	
1615	953,750,016	808	1615 » 1616	
1616	954,806,976	808	1616 » 1617	
1617	955,870,976	809	1617 » 1618	
1618	956,934,976	809	1618 » 1619	
1619	957,998,976	810	1619 » 1620	
1620	959,062,976	810	1620 » 1621	
1621	960,126,976	811	1621 » 1622	
1622	961,190,976	811	1622 » 1623	
1623	962,254,976	812	1623 » 1624	
1624	963,318,976	812	1624 » 1625	
1625	964,382,976	813	1625 » 1626	
1626	965,446,976	813	1626 » 1627	
1627	966,510,976	814	1627 » 1628	
1628	967,574,976	814	1628 » 1629	
1629	968,638,976	815	1629 » 1630	
1630	969,702,976	815	1630 » 1631	
1631	970,774,016	816	1631 » 1632	
1632	971,844,992	816	1632 » 1633	
1633	972,915,968	817	1633 » 1634	
1634	973,987,008	817	1634 » 1635	
1635	975,057,984	818	1635 » 1636	
1636	976,129,024	818	1636 » 1637	
1637	977,200,000	819	1637 » 1638	
1638	978,270,976	819	1638 » 1639	
1639	979,342,016	820	1639 » 1640	
1640	980,412,992	820	1640 » 1641	
1641	981,484,032	821	1641 » 1642	
1642	982,555,008	821	1642 » 1643	
1643	983,625,984	822	1643 » 1644	
1644	984,704,000	822	1644 » 1645	
1645	985,782,016	823	1645 » 1646	
1646	986,860,032	823	1646 » 1647	
1647	987,937,984	824	1647 » 1648	
1648	989,016,000	824	1648 » 1649	
1649	990,094,016	825	1649 » 1650	
1650	991,171,968	825	1650 » 1651	
1651	992,249,984	826	1651 » 1652	
1652	993,328,000	826	1652 » 1653	
1653	994,406,016	827	1653 » 1654	
1654	995,484,032	827	1654 » 1655	
1655	996,561,984	828	1655 » 1656	
1656	997,640,000	828	1656 » 1657	
1657	998,724,992	829	1657 » 1658	
1658	999,809,984	829	1658 » 1659	
1659	1,000,894,976	830	1659 » 1660	
1660	1,001,980,032	830	1660 » 1661	
1661	1,003,065,024	831	1661 » 1662	
1662	1,004,150,016	831	1662 » 1663	
1663	1,005,235,008	832	1663 » 1664	
1664	1,006,320,000	832	1664 » 1665	
1665	1,007,404,992	833	1665 » 1666	
1666	1,008,489,984	833	1666 » 1667	
1667	1,009,574,976	834	1667 » 1668	
1668	1,010,659,968	834	1668 » 1669	
1669	1,011,745,024	835	1669 » 1670	
1670	1,012,830,016	835	1670 » 1671	
1671	1,013,921,984	836	1671 » 1672	
1672	1,015,014,016	836	1672 » 1673	
1673	1,016,105,984	837	1673 » 1674	
1674	1,017,198,016	837	1674 » 1675	
1675	1,018,289,984	838	1675 » 1676	
1676	1,019,382,016	838	1676 » 1677	
1677	1,020,473,984	839	1677 » 1678	
1678	1,021,566,016	839	1678 » 1679	
1679	1,022,657,984	840	1679 » 1680	
1680	1,023,750,016	840	1680 » 1681	
1681	1,024,841,984	841	1681 » 1682	
1682	1,025,934,016	841	1682 » 1683	
1683	1,027,025,984	842	1683 » 1684	
1684	1,028,124,992	842	1684 » 1685	
1685	1,029,224,000	843	1685 » 1686	
1686	1,030,323,008	843	1686 » 1687	
1687	1,031,422,016	844	1687 » 1688	
1688	1,032,521,024	844	1688 » 1689	
1689	1,033,619,968	845	1689 » 1690	
1690	1,034,718,976	845	1690 » 1691	
1691	1,035,817,984	846	1691 » 1692	
1692	1,036,916,992	846	1692 » 1693	
1693	1,038,016,000	847	1693 » 1694	
1694	1,039,115,008	847	1694 » 1695	
1695	1,040,214,016	848	1695 » 1696	
1696	1,041,313,024	848	1696 » 1697	
1697	1,042,412,032	849	1697 » 1698	
1698	1,043,518,016	849	1698 » 1699	
1699	1,044,624,000	850	1699 » 1700	
1700	1,045,729,987	850	1700 » 1701	
1701	1,046,835,968	851	1701 » 1702	
1702	1,047,942,016	851	1702 » 1703	
1703	1,049,048,000	852	1703 » 1704	
1704	1,050,153,984	852	1704 » 1705	
1705	1,051,260,032	853	1705 » 1706	
1706	1,052,366,016	853	1706 » 1707	
1707	1,053,472,000	854	1707 » 1708	
1708	1,054,577,984	854	1708 » 1709	
1709	1,055,683,968	855	1709 » 1710	
1710	1,056,790,016	855	1710 » 1711	
1711	1,057,902,976	856	1711 » 1712	
1712	1,059,016,000	856	1712 » 1713	
1713	1,060,129,024	857	1713 » 1714	
1714	1,061,241,984	857	1714 » 1715	
1715	1,062,355,008	858	1715 » 1716	
1716	1,063,468,032	858	1716 » 1717	
1717	1,064,580,992	859	1717 » 1718	
1718	1,065,694,016	859	1718 » 1719	
1719	1,066,806,976	860	1719 » 1720	
1720	1,067,920,000	860	1720 » 1721	
1721	1,069,033,024	861	1721 » 1722	
1722	1,070,145,984	861	1722 » 1723	
1723	1,071,259,008	862	1723 » 1724	
1724	1,072,371,968	862	1724 » 1725	
1725	1,073,491,968	863	1725 » 1726	
1726	1,074,611,968	863	1726 » 1727	
1727	1,075,731,968	864	1727 » 1728	
1728	1,076,851,968	864	1728 » 1729	
1729	1,077,971,968	865	1729 » 1730	
1730	1,079,091,968	865	1730 » 1731	
1731	1,080,211,968	866	1731 » 1732	
1732	1,081,331,968	866	1732 » 1733	
1733	1,082,451,968	867	1733 » 1734	
1734	1,083,571,968	867	1734 » 1735	
1735	1,084,691,968	868	1735 » 1736	
1736	1,085,811,968	868	1736 » 1737	
1737	1,086,931,968	869	1737 » 1738	
1738	1,088,051,968	869	1738 » 1739	
1739	1,089,179,008	870	1739 » 1740	
1740	1,090,306,048	870	1740 » 1741	
1741	1,091,432,960	871	1741 » 1742	
1742	1,092,560,000	871	1742 » 1743	
1743	1,093,687,040	872	1743 » 1744	
1744	1,094,813,952	872	1744 » 1745	
1745	1,095,940,992	873	1745 » 1746	
1746	1,097,068,032	873	1746 » 1747	
1747	1,098,194,944	874	1747 » 1748	
1748	1,099,321,984	874	1748 » 1749	
1749	1,100,449,024	875	1749 » 1750	
1750	1,101,575,936	875	1750 » 1751	
1751	1,102,702,976	876	1751 » 1752	
1752	1,103,837,056	876	1752 » 1753	
1753	1,104,971,008	877	1753 » 1754	
1754	1,106,104,960	877	1754 » 1755	
1755	1,107,239,040	878	1755 » 1756	
1756	1,108,372,992	878	1756 » 1757	
1757	1,109,506,944	879	1757 » 1758	
1758	1,110,641,024	879	1758 » 1759	
1759	1,111,774,976	880	1759 » 1760	
1760	1,112,909,056	880	1760 » 1761	
1761	1,114,043,008	881	1761 » 1762	
1762	1,115,176,960	881	1762 » 1763	
1763	1,116,311,040	882	1763 » 1764	
1764	1,117,444,992	882	1764 » 1765	
1765	1,118,578,944	883	1765 » 1766	
1766	1,119,719,936	883	1766 » 1767	
1767	1,120,861,056	884	1767 » 1768	
1768	1,122,002,048	884	1768 » 1769	
1769	1,123,143,040	885	1769 » 1770	
1770	1,124,284,032	885	1770 » 1771	
1771	1,125,425,024	886	1771 » 1772	
1772	1,126,566,016	886	1772 » 1773	
1773	1,127,707,008	887	1773 » 1774	
1774	1,128,848,000	887	1774 » 1775	
1775	1,129,988,992	888	1775 » 1776	
1776	1,131,129,984	888	1776 » 1777	
1777	1,132,270,976	889	1777 » 1778	
1778	1,133,411,968	889	1778 » 1779	
1779	1,134,560,000	890	1779 » 1780	
1780	1,135,708,032	890	1780 » 1781	
1781	1,136,856,064	891	1781 » 1782	
1782	1,138,003,968	891	1782 » 1783	
1783	1,139,152,000	892	1783 » 1784	
1784	1,140,300,032	892	1784 » 1785	
1785	1,141,447,936	893	1785 » 1786	
1786	1,142,595,968	893	1786 » 1787	
1787	1,143,744,000	894	1787 » 1788	
1788	1,144,892,032	894	1788 » 1789	
1789	1,146,040,064	895	1789 » 1790	
1790	1,147,187,968	895	1790 » 1791	
1791	1,148,336,000	896	1791 » 1792	
1792	1,149,484,032	896	1792 » 1793	
1793	1,150,638,976	897	1793 » 1794	
1794	1,151,794,048	897	1794 » 1795	
1795	1,152,948,992	898	1795 » 1796	
1796	1,154,104,064	898	1796 » 1797	
1797	1,155,259,008	899	1797 » 1798	
1798	1,156,413,952	899	1798 » 1799	
1799	1,157,569,024	900	1799 » 1800	
1800	1,158,723,968	900	1800 » 1801	
1801	1,159,879,040	901	1801 » 1802	
1802	1,161,033,984	901	1802 » 1803	
1803	1,162,189,056	902	1803 » 1804	
1804	1,163,344,000	902	1804 » 1805	
1805	1,164,498,944	903	1805 » 1806	
1806	1,165,654,016	903	1806 » 1807	
1807	1,166,816,000	904	1807 » 1808	
1808	1,167,977,984	904	1808 » 1809	
1809	1,169,139,968	905	1809 » 1810	
1810	1,170,301,952	905	1810 » 1811	
1811	1,171,463,936	906	1811 » 1812	
1812	1,172,626,048	906	1812 » 1813	
1813	1,173,788,032	907	1813 » 1814	
1814	1,174,950,016	907	1814 » 1815	
1815	1,176,112,000	908	1815 » 1816	
1816	1,177,273,984	908	1816 » 1817	
1817	1,178,435,968	909	1817 » 1818	
1818	1,179,597,952	909	1818 » 1819	
1819	1,180,760,064	910	1819 » 1820	
1820	1,181,928,960	910	1820 » 1821	
1821	1,183,097,984	911	1821 » 1822	
1822	1,184,267,008	911	1822 » 1823	
1823	1,185,436,032	912	1823 » 1824	
1824	1,186,605,056	912	1824 » 1825	
1825	1,187,773,952	913	1825 » 1826	
1826	1,188,942,976	913	1826 » 1827	
1827	1,190,112,000	914	1827 » 1828	
1828	1,191,281,024	914	1828 » 1829	
1829	1,192,450,048	915	1829 » 1830	
1830	1,193,618,944	915	1830 » 1831	
1831	1,194,787,968	916	1831 » 1832	
1832	1,195,956,992	916	1832 » 1833	
1833	1,197,126,016	917	1833 » 1834	
1834	1,198,301,952	917	1834 » 1835	
1835	1,199,478,016	918	1835 » 1836	
1836	1,200,653,952	918	1836 » 1837	
1837	1,201,830,016	919	1837 » 1838	
1838	1,203,005,952	919	1838 » 1839	
1839	1,204,182,016	920	1839 » 1840	
1840	1,205,357,952	920	1840 » 1841	
1841	1,206,534,016	921	1841 » 1842	
1842	1,207,709,952	921	1842 » 1843	
1843	1,208,886,016	922	1843 » 1844	
1844	1,210,061,952	922	1844 » 1845	
1845	1,211,238,016	923	1845 » 1846	
1846	1,212,413,952	923	1846 » 1847	
1847	1,213,590,016	924	1847 » 1848	
1848	1,214,772,992	924	1848 » 1849	
1849	1,215,955,968	925	1849 » 1850	
1850	1,217,138,944	925	1850 » 1851	
1851	1,218,322,048	926	1851 » 1852	
1852	1,219,505,024	926	1852 » 1853	
1853	1,220,688,000	927	1853 » 1854	
1854	1,221,870,976	927	1854 » 1855	
1855	1,223,053,952	928	1855 » 1856	
1856	1,224,237,056	928	1856 » 1857	
1857	1,225,420,032	929	1857 » 1858	
1858	1,226,603,008	929	1858 » 1859	
1859	1,227,785,984	930	1859 » 1860	
1860	1,228,968,960	930	1860 » 1861	
1861	1,230,151,936	931	1861 » 1862	
1862	1,231,341,952	931	1862 » 1863	
1863	1,232,531,968	932	1863 » 1864	
1864	1,233,721,984	932	1864 » 1865	
1865	1,234,912,000	933	1865 » 1866	
1866	1,236,102,016	933	1866 » 1867	
1867	1,237,292,032	934	1867 » 1868	
1868	1,238,482,048	934	1868 » 1869	
1869	1,239,672,064	935	1869 » 1870	
1870	1,240,861,952	935	1870 » 1871	
1871	1,242,051,968	936	1871 » 1872	
1872	1,243,241,984	936	1872 » 1873	
1873	1,244,432,000	937	1873 » 1874	
1874	1,245,622,016	937	1874 » 1875	
1875	1,246,818,944	938	1875 » 1876	
1876	1,248,016,000	938	1876 » 1877	
1877	1,249,213,056	939	1877 » 1878	
1878	1,250,409,984	939	1878 » 1879	
1879	1,251,607,040	940	1879 » 1880	
1880	1,252,803,968	940	1880 » 1881	
1881	1,254,001,024	941	1881 » 1882	
1882	1,255,197,952	941	1882 » 1883	
1883	1,256,395,008	942	1883 » 1884	
1884	1,257,592,064	942	1884 » 1885	
1885	1,258,788,992	943	1885 » 1886	
1886	1,259,986,048	943	1886 » 1887	
1887	1,261,182,976	944	1887 » 1888	
1888	1,262,380,032	944	1888 » 1889	
1889	1,263,584,000	945	1889 » 1890	
1890	1,264,787,968	945	1890 » 1891	
1891	1,265,991,936	946	1891 » 1892	
1892	1,267,196,032	946	1892 » 1893	
1893	1,268,400,000	947	1893 » 1894	
1894	1,269,603,968	947	1894 » 1895	
1895	1,270,808,064	948	1895 » 1896	
1896	1,272,012,032	948	1896 » 1897	
1897	1,273,216,000	949	1897 » 1898	
1898	1,274,419,968	949	1898 » 1899	
1899	1,275,623,936	950	1899 » 1900	
1900	1,276,828,032	950	1900 » 1901	
1901	1,278,032,000	951	1901 » 1902	
1902	1,279,235,968	951	1902 » 1903	
1903	1,280,446,976	952	1903 » 1904	
1904	1,281,657,984	952	1904 » 1905	
1905	1,282,868,992	953	1905 » 1906	
1906	1,284,080,000	953	1906 » 1907	
1907	1,285,291,008	954	1907 » 1908	
1908	1,286,502,016	954	1908 » 1909	
1909	1,287,713,024	955	1909 » 1910	
1910	1,288,924,032	955	1910 » 1911	
1911	1,290,135,040	956	1911 » 1912	
1912	1,291,346,048	956	1912 » 1913	
1913	1,292,557,056	957	1913 » 1914	
1914	1,293,767,936	957	1914 » 1915	
1915	1,294,978,944	958	1915 » 1916	
1916	1,296,189,952	958	1916 » 1917	
1917	1,297,408,000	959	1917 » 1918	
1918	1,298,626,048	959	1918 » 1919	
1919	1,299,843,968	960	1919 » 1920	
1920	1,301,062,016	960	1920 » 1921	
1921	1,302,279,936	961	1921 » 1922	
1922	1,303,497,948	961	1922 » 1923	
1923	1,304,716,032	962	1923 » 1924	
1924	1,305,933,952	962	1924 » 1925	
1925	1,307,152,000	963	1925 » 1926	
1926	1,308,370,048	963	1926 » 1927	
1927	1,309,587,968	964	1927 » 1928	
1928	1,310,806,016	964	1928 » 1929	
1929	1,312,024,064	965	1929 » 1930	
1930	1,313,241,984	965	1930 » 1931	
1931	1,314,466,944	966	1931 » 1932	
1932	1,315,692,032	966	1932 » 1933	
1933	1,316,916,992	967	1933 » 1934	
1934	1,318,141,952	967	1934 » 1935	
1935	1,319,367,040	968	1935 » 1936	
1936	1,320,592,000	968	1936 » 1937	
1937	1,321,816,960	969	1937 » 1938	
1938	1,323,042,048	969	1938 » 1939	
1939	1,324,267,008	970	1939 » 1940	
1940	1,325,491,968	970	1940 » 1941	
1941	1,326,717,056	971	1941 » 1942	
1942	1,327,942,016	971	1942 » 1943	
1943	1,329,166,976	972	1943 » 1944	
1944	1,330,392,064	972	1944 » 1945	
1945	1,331,623,936	973	1945 » 1946	
1946	1,332,856,064	973	1946 » 1947	
1947	1,334,087,936	974	1947 » 1948	
1948	1,335,320,064	974	1948 » 1949	
1949	1,336,551,936	975	1949 » 1950	
1950	1,337,784,064	975	1950 » 1951	
1951	1,339,015,936	976	1951 » 1952	
1952	1,340,248,064	976	1952 » 1953	
1953	1,341,479,936	977	1953 » 1954	
1954	1,342,712,064	977	1954 » 1955	
1955	1,343,943,936	978	1955 » 1956	
1956	1,345,176,064	978	1956 » 1957	
1957	1,346,407,936	979	1957 » 1958	
1958	1,347,646,976	979	1958 » 1959	
1959	1,348,886,016	980	1959 » 1960	
1960	1,350,125,056	980	1960 » 1961	
1961	1,351,363,968	981	1961 » 1962	
1962	1,352,603,008	981	1962 » 1963	
1963	1,353,842,048	982	1963 » 1964	
1964	1,355,080,960	982	1964 » 1965	
1965	1,356,320,000	983	1965 » 1966	
1966	1,357,559,040	983	1966 » 1967	
1967	1,358,797,952	984	1967 » 1968	
1968	1,360,036,992	984	1968 » 1969	
1969	1,361,276,032	985	1969 » 1970	
1970	1,362,514,944	985	1970 » 1971	
1971	1,363,753,984	986	1971 » 1972	
1972	1,364,999,936	986	1972 » 1973	
1973	1,366,246,016	987	1973 » 1974	
1974	1,367,491,968	987	1974 » 1975	
1975	1,368,738,048	988	1975 » 1976	
1976	1,369,984,000	988	1976 » 1977	
1977	1,371,229,952	989	1977 » 1978	
1978	1,372,476,032	989	1978 » 1979	
1979	1,373,721,984	990	1979 » 1980	
1980	1,374,968,064	990	1980 » 1981	
1981	1,376,214,016	991	1981 » 1982	
1982	1,377,459,968	991	1982 » 1983	
1983	1,378,706,048	992	1983 » 1984	
1984	1,379,952,000	992	1984 » 1985	
1985	1,381,197,952	993	1985 » 1986	
1986	1,382,450,944	993	1986 » 1987	
1987	1,383,704,064	994	1987 » 1988	
1988	1,384,957,056	994	1988 » 1989	
1989	1,386,210,048	995	1989 » 1990	
1990	1,387,463,040	995	1990 » 1991	
1991	1,388,716,032	996	1991 » 1992	
1992	1,389,969,024	996	1992 » 1993	
1993	1,391,222,016	997	1993 » 1994	
1994	1,392,475,008	997	1994 » 1995	
1995	1,393,728,000	998	1995 » 1996	
1996	1,394,980,992	998	1996 » 1997	
1997	1,396,233,984	999	1997 » 1998	
1998	1,397,486,976	999	1998 » 1999	
1999	1,398,739,968	1000	1999 » 2000	
2000	1,400,000,000	1000	2000 » 2001	
2001	1,410,000,000	1050	2001 » 2002	
2002	1,420,000,000	1100	2002 » 2003	
2003	1,430,000,000	1150	2003 » 2004	
2004	1,440,000,000	1200	2004 » 2005	
2005	1,450,000,000	1250	2005 » 2006	
2006	1,460,000,000	1300	2006 » 2007	
2007	1,470,000,000	1350	2007 » 2008	
2008	1,480,000,000	1400	2008 » 2009	
2009	1,490,000,000	1450	2009 » 2010	
2010	1,500,000,000	1500	2010 » 2011	10,000,000
2011	1,510,000,000	1550	2011 » 2012	20,000,000
2012	1,520,000,000	1600	2012 » 2013	
2013	1,530,000,000	1650	2013 » 2014	
2014	1,540,000,000	1700	2014 » 2015	
2015	1,550,000,000	1750	2015 » 2016	
2016	1,560,000,000	1800	2016 » 2017	
2017	1,570,000,000	1850	2017 » 2018	
2018	1,580,000,000	1900	2018 » 2019	
2019	1,590,000,000	1950	2019 » 2020	
2020	1,600,000,000	2000		